Area,ISO 3 code,Date,Area type,Continent,Ember region,EU,OECD,G20,G7,ASEAN,Category,Subcategory,Variable,Unit,Value,YoY absolute change,YoY % change
Malaysia,MYS,2018-01-01,Country or economy,Asia,Asia,0.0,0.0,0.0,0.0,1.0,Electricity demand,Demand,Demand,TWh,12.98,,
Malaysia,MYS,2018-01-01,Country or economy,Asia,Asia,0.0,0.0,0.0,0.0,1.0,Electricity generation,Aggregate fuel,Clean,%,19.8,,
Malaysia,MYS,2018-01-01,Country or economy,Asia,Asia,0.0,0.0,0.0,0.0,1.0,Electricity generation,Aggregate fuel,Fossil,%,80.2,,
Malaysia,MYS,2018-01-01,Country or economy,Asia,Asia,0.0,0.0,0.0,0.0,1.0,Electricity generation,Aggregate fuel,Gas and Other Fossil,%,37.6,,
Malaysia,MYS,2018-01-01,Country or economy,Asia,Asia,0.0,0.0,0.0,0.0,1.0,Electricity generation,Aggregate fuel,"Hydro, Bioenergy and Other Renewables",%,19.8,,
Malaysia,MYS,2018-01-01,Country or economy,Asia,Asia,0.0,0.0,0.0,0.0,1.0,Electricity generation,Aggregate fuel,Renewables,%,19.8,,
Malaysia,MYS,2018-01-01,Country or economy,Asia,Asia,0.0,0.0,0.0,0.0,1.0,Electricity generation,Aggregate fuel,Wind and Solar,%,0.0,,
Malaysia,MYS,2018-01-01,Country or economy,Asia,Asia,0.0,0.0,0.0,0.0,1.0,Electricity generation,Aggregate fuel,Clean,TWh,2.57,,
Malaysia,MYS,2018-01-01,Country or economy,Asia,Asia,0.0,0.0,0.0,0.0,1.0,Electricity generation,Aggregate fuel,Fossil,TWh,10.41,,
Malaysia,MYS,2018-01-01,Country or economy,Asia,Asia,0.0,0.0,0.0,0.0,1.0,Electricity generation,Aggregate fuel,Gas and Other Fossil,TWh,4.88,,
Malaysia,MYS,2018-01-01,Country or economy,Asia,Asia,0.0,0.0,0.0,0.0,1.0,Electricity generation,Aggregate fuel,"Hydro, Bioenergy and Other Renewables",TWh,2.57,,
Malaysia,MYS,2018-01-01,Country or economy,Asia,Asia,0.0,0.0,0.0,0.0,1.0,Electricity generation,Aggregate fuel,Renewables,TWh,2.57,,
Malaysia,MYS,2018-01-01,Country or economy,Asia,Asia,0.0,0.0,0.0,0.0,1.0,Electricity generation,Aggregate fuel,Wind and Solar,TWh,0.0,,
Malaysia,MYS,2018-01-01,Country or economy,Asia,Asia,0.0,0.0,0.0,0.0,1.0,Electricity generation,Fuel,Bioenergy,%,2.0,,
Malaysia,MYS,2018-01-01,Country or economy,Asia,Asia,0.0,0.0,0.0,0.0,1.0,Electricity generation,Fuel,Coal,%,42.6,,
Malaysia,MYS,2018-01-01,Country or economy,Asia,Asia,0.0,0.0,0.0,0.0,1.0,Electricity generation,Fuel,Gas,%,37.29,,
Malaysia,MYS,2018-01-01,Country or economy,Asia,Asia,0.0,0.0,0.0,0.0,1.0,Electricity generation,Fuel,Hydro,%,17.8,,
Malaysia,MYS,2018-01-01,Country or economy,Asia,Asia,0.0,0.0,0.0,0.0,1.0,Electricity generation,Fuel,Other Fossil,%,0.31,,
Malaysia,MYS,2018-01-01,Country or economy,Asia,Asia,0.0,0.0,0.0,0.0,1.0,Electricity generation,Fuel,Solar,%,0.0,,
Malaysia,MYS,2018-01-01,Country or economy,Asia,Asia,0.0,0.0,0.0,0.0,1.0,Electricity generation,Fuel,Bioenergy,TWh,0.26,,
Malaysia,MYS,2018-01-01,Country or economy,Asia,Asia,0.0,0.0,0.0,0.0,1.0,Electricity generation,Fuel,Coal,TWh,5.53,,
Malaysia,MYS,2018-01-01,Country or economy,Asia,Asia,0.0,0.0,0.0,0.0,1.0,Electricity generation,Fuel,Gas,TWh,4.84,,
Malaysia,MYS,2018-01-01,Country or economy,Asia,Asia,0.0,0.0,0.0,0.0,1.0,Electricity generation,Fuel,Hydro,TWh,2.31,,
Malaysia,MYS,2018-01-01,Country or economy,Asia,Asia,0.0,0.0,0.0,0.0,1.0,Electricity generation,Fuel,Other Fossil,TWh,0.04,,
Malaysia,MYS,2018-01-01,Country or economy,Asia,Asia,0.0,0.0,0.0,0.0,1.0,Electricity generation,Fuel,Solar,TWh,0.0,,
Malaysia,MYS,2018-01-01,Country or economy,Asia,Asia,0.0,0.0,0.0,0.0,1.0,Electricity generation,Total,Total Generation,TWh,12.98,,
Malaysia,MYS,2018-01-01,Country or economy,Asia,Asia,0.0,0.0,0.0,0.0,1.0,Electricity imports,Electricity imports,Net Imports,TWh,0.0,,
Malaysia,MYS,2018-01-01,Country or economy,Asia,Asia,0.0,0.0,0.0,0.0,1.0,Power sector emissions,Aggregate fuel,Clean,mtCO2,0.12,,
Malaysia,MYS,2018-01-01,Country or economy,Asia,Asia,0.0,0.0,0.0,0.0,1.0,Power sector emissions,Aggregate fuel,Fossil,mtCO2,8.26,,
Malaysia,MYS,2018-01-01,Country or economy,Asia,Asia,0.0,0.0,0.0,0.0,1.0,Power sector emissions,Aggregate fuel,Gas and Other Fossil,mtCO2,3.28,,
Malaysia,MYS,2018-01-01,Country or economy,Asia,Asia,0.0,0.0,0.0,0.0,1.0,Power sector emissions,Aggregate fuel,"Hydro, Bioenergy and Other Renewables",mtCO2,0.12,,
Malaysia,MYS,2018-01-01,Country or economy,Asia,Asia,0.0,0.0,0.0,0.0,1.0,Power sector emissions,Aggregate fuel,Renewables,mtCO2,0.12,,
Malaysia,MYS,2018-01-01,Country or economy,Asia,Asia,0.0,0.0,0.0,0.0,1.0,Power sector emissions,Aggregate fuel,Wind and Solar,mtCO2,0.0,,
Malaysia,MYS,2018-01-01,Country or economy,Asia,Asia,0.0,0.0,0.0,0.0,1.0,Power sector emissions,CO2 intensity,CO2 intensity,gCO2/kWh,645.61,,
Malaysia,MYS,2018-01-01,Country or economy,Asia,Asia,0.0,0.0,0.0,0.0,1.0,Power sector emissions,Fuel,Bioenergy,mtCO2,0.06,,
Malaysia,MYS,2018-01-01,Country or economy,Asia,Asia,0.0,0.0,0.0,0.0,1.0,Power sector emissions,Fuel,Coal,mtCO2,4.98,,
Malaysia,MYS,2018-01-01,Country or economy,Asia,Asia,0.0,0.0,0.0,0.0,1.0,Power sector emissions,Fuel,Gas,mtCO2,3.25,,
Malaysia,MYS,2018-01-01,Country or economy,Asia,Asia,0.0,0.0,0.0,0.0,1.0,Power sector emissions,Fuel,Hydro,mtCO2,0.06,,
Malaysia,MYS,2018-01-01,Country or economy,Asia,Asia,0.0,0.0,0.0,0.0,1.0,Power sector emissions,Fuel,Other Fossil,mtCO2,0.03,,
Malaysia,MYS,2018-01-01,Country or economy,Asia,Asia,0.0,0.0,0.0,0.0,1.0,Power sector emissions,Fuel,Solar,mtCO2,0.0,,
Malaysia,MYS,2018-01-01,Country or economy,Asia,Asia,0.0,0.0,0.0,0.0,1.0,Power sector emissions,Total,Total emissions,mtCO2,8.38,,
Malaysia,MYS,2018-02-01,Country or economy,Asia,Asia,0.0,0.0,0.0,0.0,1.0,Electricity demand,Demand,Demand,TWh,11.94,,
Malaysia,MYS,2018-02-01,Country or economy,Asia,Asia,0.0,0.0,0.0,0.0,1.0,Electricity generation,Aggregate fuel,Clean,%,19.45,,
Malaysia,MYS,2018-02-01,Country or economy,Asia,Asia,0.0,0.0,0.0,0.0,1.0,Electricity generation,Aggregate fuel,Fossil,%,80.55,,
Malaysia,MYS,2018-02-01,Country or economy,Asia,Asia,0.0,0.0,0.0,0.0,1.0,Electricity generation,Aggregate fuel,Gas and Other Fossil,%,39.48,,
Malaysia,MYS,2018-02-01,Country or economy,Asia,Asia,0.0,0.0,0.0,0.0,1.0,Electricity generation,Aggregate fuel,"Hydro, Bioenergy and Other Renewables",%,19.45,,
Malaysia,MYS,2018-02-01,Country or economy,Asia,Asia,0.0,0.0,0.0,0.0,1.0,Electricity generation,Aggregate fuel,Renewables,%,19.45,,
Malaysia,MYS,2018-02-01,Country or economy,Asia,Asia,0.0,0.0,0.0,0.0,1.0,Electricity generation,Aggregate fuel,Wind and Solar,%,0.0,,
Malaysia,MYS,2018-02-01,Country or economy,Asia,Asia,0.0,0.0,0.0,0.0,1.0,Electricity generation,Aggregate fuel,Clean,TWh,2.32,,
Malaysia,MYS,2018-02-01,Country or economy,Asia,Asia,0.0,0.0,0.0,0.0,1.0,Electricity generation,Aggregate fuel,Fossil,TWh,9.61,,
Malaysia,MYS,2018-02-01,Country or economy,Asia,Asia,0.0,0.0,0.0,0.0,1.0,Electricity generation,Aggregate fuel,Gas and Other Fossil,TWh,4.71,,
Malaysia,MYS,2018-02-01,Country or economy,Asia,Asia,0.0,0.0,0.0,0.0,1.0,Electricity generation,Aggregate fuel,"Hydro, Bioenergy and Other Renewables",TWh,2.32,,
Malaysia,MYS,2018-02-01,Country or economy,Asia,Asia,0.0,0.0,0.0,0.0,1.0,Electricity generation,Aggregate fuel,Renewables,TWh,2.32,,
Malaysia,MYS,2018-02-01,Country or economy,Asia,Asia,0.0,0.0,0.0,0.0,1.0,Electricity generation,Aggregate fuel,Wind and Solar,TWh,0.0,,
Malaysia,MYS,2018-02-01,Country or economy,Asia,Asia,0.0,0.0,0.0,0.0,1.0,Electricity generation,Fuel,Bioenergy,%,1.93,,
Malaysia,MYS,2018-02-01,Country or economy,Asia,Asia,0.0,0.0,0.0,0.0,1.0,Electricity generation,Fuel,Coal,%,41.07,,
Malaysia,MYS,2018-02-01,Country or economy,Asia,Asia,0.0,0.0,0.0,0.0,1.0,Electricity generation,Fuel,Gas,%,39.06,,
Malaysia,MYS,2018-02-01,Country or economy,Asia,Asia,0.0,0.0,0.0,0.0,1.0,Electricity generation,Fuel,Hydro,%,17.52,,
Malaysia,MYS,2018-02-01,Country or economy,Asia,Asia,0.0,0.0,0.0,0.0,1.0,Electricity generation,Fuel,Other Fossil,%,0.42,,
Malaysia,MYS,2018-02-01,Country or economy,Asia,Asia,0.0,0.0,0.0,0.0,1.0,Electricity generation,Fuel,Solar,%,0.0,,
Malaysia,MYS,2018-02-01,Country or economy,Asia,Asia,0.0,0.0,0.0,0.0,1.0,Electricity generation,Fuel,Bioenergy,TWh,0.23,,
Malaysia,MYS,2018-02-01,Country or economy,Asia,Asia,0.0,0.0,0.0,0.0,1.0,Electricity generation,Fuel,Coal,TWh,4.9,,
Malaysia,MYS,2018-02-01,Country or economy,Asia,Asia,0.0,0.0,0.0,0.0,1.0,Electricity generation,Fuel,Gas,TWh,4.66,,
Malaysia,MYS,2018-02-01,Country or economy,Asia,Asia,0.0,0.0,0.0,0.0,1.0,Electricity generation,Fuel,Hydro,TWh,2.09,,
Malaysia,MYS,2018-02-01,Country or economy,Asia,Asia,0.0,0.0,0.0,0.0,1.0,Electricity generation,Fuel,Other Fossil,TWh,0.05,,
Malaysia,MYS,2018-02-01,Country or economy,Asia,Asia,0.0,0.0,0.0,0.0,1.0,Electricity generation,Fuel,Solar,TWh,0.0,,
Malaysia,MYS,2018-02-01,Country or economy,Asia,Asia,0.0,0.0,0.0,0.0,1.0,Electricity generation,Total,Total Generation,TWh,11.93,,
Malaysia,MYS,2018-02-01,Country or economy,Asia,Asia,0.0,0.0,0.0,0.0,1.0,Electricity imports,Electricity imports,Net Imports,TWh,0.01,,
Malaysia,MYS,2018-02-01,Country or economy,Asia,Asia,0.0,0.0,0.0,0.0,1.0,Power sector emissions,Aggregate fuel,Clean,mtCO2,0.1,,
Malaysia,MYS,2018-02-01,Country or economy,Asia,Asia,0.0,0.0,0.0,0.0,1.0,Power sector emissions,Aggregate fuel,Fossil,mtCO2,7.59,,
Malaysia,MYS,2018-02-01,Country or economy,Asia,Asia,0.0,0.0,0.0,0.0,1.0,Power sector emissions,Aggregate fuel,Gas and Other Fossil,mtCO2,3.17,,
Malaysia,MYS,2018-02-01,Country or economy,Asia,Asia,0.0,0.0,0.0,0.0,1.0,Power sector emissions,Aggregate fuel,"Hydro, Bioenergy and Other Renewables",mtCO2,0.1,,
Malaysia,MYS,2018-02-01,Country or economy,Asia,Asia,0.0,0.0,0.0,0.0,1.0,Power sector emissions,Aggregate fuel,Renewables,mtCO2,0.1,,
Malaysia,MYS,2018-02-01,Country or economy,Asia,Asia,0.0,0.0,0.0,0.0,1.0,Power sector emissions,Aggregate fuel,Wind and Solar,mtCO2,0.0,,
Malaysia,MYS,2018-02-01,Country or economy,Asia,Asia,0.0,0.0,0.0,0.0,1.0,Power sector emissions,CO2 intensity,CO2 intensity,gCO2/kWh,644.59,,
Malaysia,MYS,2018-02-01,Country or economy,Asia,Asia,0.0,0.0,0.0,0.0,1.0,Power sector emissions,Fuel,Bioenergy,mtCO2,0.05,,
Malaysia,MYS,2018-02-01,Country or economy,Asia,Asia,0.0,0.0,0.0,0.0,1.0,Power sector emissions,Fuel,Coal,mtCO2,4.42,,
Malaysia,MYS,2018-02-01,Country or economy,Asia,Asia,0.0,0.0,0.0,0.0,1.0,Power sector emissions,Fuel,Gas,mtCO2,3.13,,
Malaysia,MYS,2018-02-01,Country or economy,Asia,Asia,0.0,0.0,0.0,0.0,1.0,Power sector emissions,Fuel,Hydro,mtCO2,0.05,,
Malaysia,MYS,2018-02-01,Country or economy,Asia,Asia,0.0,0.0,0.0,0.0,1.0,Power sector emissions,Fuel,Other Fossil,mtCO2,0.04,,
Malaysia,MYS,2018-02-01,Country or economy,Asia,Asia,0.0,0.0,0.0,0.0,1.0,Power sector emissions,Fuel,Solar,mtCO2,0.0,,
Malaysia,MYS,2018-02-01,Country or economy,Asia,Asia,0.0,0.0,0.0,0.0,1.0,Power sector emissions,Total,Total emissions,mtCO2,7.69,,
Malaysia,MYS,2018-03-01,Country or economy,Asia,Asia,0.0,0.0,0.0,0.0,1.0,Electricity demand,Demand,Demand,TWh,13.77,,
Malaysia,MYS,2018-03-01,Country or economy,Asia,Asia,0.0,0.0,0.0,0.0,1.0,Electricity generation,Aggregate fuel,Clean,%,17.87,,
Malaysia,MYS,2018-03-01,Country or economy,Asia,Asia,0.0,0.0,0.0,0.0,1.0,Electricity generation,Aggregate fuel,Fossil,%,82.13,,
Malaysia,MYS,2018-03-01,Country or economy,Asia,Asia,0.0,0.0,0.0,0.0,1.0,Electricity generation,Aggregate fuel,Gas and Other Fossil,%,40.01,,
Malaysia,MYS,2018-03-01,Country or economy,Asia,Asia,0.0,0.0,0.0,0.0,1.0,Electricity generation,Aggregate fuel,"Hydro, Bioenergy and Other Renewables",%,17.87,,
Malaysia,MYS,2018-03-01,Country or economy,Asia,Asia,0.0,0.0,0.0,0.0,1.0,Electricity generation,Aggregate fuel,Renewables,%,17.87,,
Malaysia,MYS,2018-03-01,Country or economy,Asia,Asia,0.0,0.0,0.0,0.0,1.0,Electricity generation,Aggregate fuel,Wind and Solar,%,0.0,,
Malaysia,MYS,2018-03-01,Country or economy,Asia,Asia,0.0,0.0,0.0,0.0,1.0,Electricity generation,Aggregate fuel,Clean,TWh,2.46,,
Malaysia,MYS,2018-03-01,Country or economy,Asia,Asia,0.0,0.0,0.0,0.0,1.0,Electricity generation,Aggregate fuel,Fossil,TWh,11.31,,
Malaysia,MYS,2018-03-01,Country or economy,Asia,Asia,0.0,0.0,0.0,0.0,1.0,Electricity generation,Aggregate fuel,Gas and Other Fossil,TWh,5.51,,
Malaysia,MYS,2018-03-01,Country or economy,Asia,Asia,0.0,0.0,0.0,0.0,1.0,Electricity generation,Aggregate fuel,"Hydro, Bioenergy and Other Renewables",TWh,2.46,,
Malaysia,MYS,2018-03-01,Country or economy,Asia,Asia,0.0,0.0,0.0,0.0,1.0,Electricity generation,Aggregate fuel,Renewables,TWh,2.46,,
Malaysia,MYS,2018-03-01,Country or economy,Asia,Asia,0.0,0.0,0.0,0.0,1.0,Electricity generation,Aggregate fuel,Wind and Solar,TWh,0.0,,
Malaysia,MYS,2018-03-01,Country or economy,Asia,Asia,0.0,0.0,0.0,0.0,1.0,Electricity generation,Fuel,Bioenergy,%,1.89,,
Malaysia,MYS,2018-03-01,Country or economy,Asia,Asia,0.0,0.0,0.0,0.0,1.0,Electricity generation,Fuel,Coal,%,42.12,,
Malaysia,MYS,2018-03-01,Country or economy,Asia,Asia,0.0,0.0,0.0,0.0,1.0,Electricity generation,Fuel,Gas,%,39.72,,
Malaysia,MYS,2018-03-01,Country or economy,Asia,Asia,0.0,0.0,0.0,0.0,1.0,Electricity generation,Fuel,Hydro,%,15.98,,
Malaysia,MYS,2018-03-01,Country or economy,Asia,Asia,0.0,0.0,0.0,0.0,1.0,Electricity generation,Fuel,Other Fossil,%,0.29,,
Malaysia,MYS,2018-03-01,Country or economy,Asia,Asia,0.0,0.0,0.0,0.0,1.0,Electricity generation,Fuel,Solar,%,0.0,,
Malaysia,MYS,2018-03-01,Country or economy,Asia,Asia,0.0,0.0,0.0,0.0,1.0,Electricity generation,Fuel,Bioenergy,TWh,0.26,,
Malaysia,MYS,2018-03-01,Country or economy,Asia,Asia,0.0,0.0,0.0,0.0,1.0,Electricity generation,Fuel,Coal,TWh,5.8,,
Malaysia,MYS,2018-03-01,Country or economy,Asia,Asia,0.0,0.0,0.0,0.0,1.0,Electricity generation,Fuel,Gas,TWh,5.47,,
Malaysia,MYS,2018-03-01,Country or economy,Asia,Asia,0.0,0.0,0.0,0.0,1.0,Electricity generation,Fuel,Hydro,TWh,2.2,,
Malaysia,MYS,2018-03-01,Country or economy,Asia,Asia,0.0,0.0,0.0,0.0,1.0,Electricity generation,Fuel,Other Fossil,TWh,0.04,,
Malaysia,MYS,2018-03-01,Country or economy,Asia,Asia,0.0,0.0,0.0,0.0,1.0,Electricity generation,Fuel,Solar,TWh,0.0,,
Malaysia,MYS,2018-03-01,Country or economy,Asia,Asia,0.0,0.0,0.0,0.0,1.0,Electricity generation,Total,Total Generation,TWh,13.77,,
Malaysia,MYS,2018-03-01,Country or economy,Asia,Asia,0.0,0.0,0.0,0.0,1.0,Electricity imports,Electricity imports,Net Imports,TWh,0.0,,
Malaysia,MYS,2018-03-01,Country or economy,Asia,Asia,0.0,0.0,0.0,0.0,1.0,Power sector emissions,Aggregate fuel,Clean,mtCO2,0.11,,
Malaysia,MYS,2018-03-01,Country or economy,Asia,Asia,0.0,0.0,0.0,0.0,1.0,Power sector emissions,Aggregate fuel,Fossil,mtCO2,8.94,,
Malaysia,MYS,2018-03-01,Country or economy,Asia,Asia,0.0,0.0,0.0,0.0,1.0,Power sector emissions,Aggregate fuel,Gas and Other Fossil,mtCO2,3.71,,
Malaysia,MYS,2018-03-01,Country or economy,Asia,Asia,0.0,0.0,0.0,0.0,1.0,Power sector emissions,Aggregate fuel,"Hydro, Bioenergy and Other Renewables",mtCO2,0.11,,
Malaysia,MYS,2018-03-01,Country or economy,Asia,Asia,0.0,0.0,0.0,0.0,1.0,Power sector emissions,Aggregate fuel,Renewables,mtCO2,0.11,,
Malaysia,MYS,2018-03-01,Country or economy,Asia,Asia,0.0,0.0,0.0,0.0,1.0,Power sector emissions,Aggregate fuel,Wind and Solar,mtCO2,0.0,,
Malaysia,MYS,2018-03-01,Country or economy,Asia,Asia,0.0,0.0,0.0,0.0,1.0,Power sector emissions,CO2 intensity,CO2 intensity,gCO2/kWh,657.23,,
Malaysia,MYS,2018-03-01,Country or economy,Asia,Asia,0.0,0.0,0.0,0.0,1.0,Power sector emissions,Fuel,Bioenergy,mtCO2,0.06,,
Malaysia,MYS,2018-03-01,Country or economy,Asia,Asia,0.0,0.0,0.0,0.0,1.0,Power sector emissions,Fuel,Coal,mtCO2,5.23,,
Malaysia,MYS,2018-03-01,Country or economy,Asia,Asia,0.0,0.0,0.0,0.0,1.0,Power sector emissions,Fuel,Gas,mtCO2,3.68,,
Malaysia,MYS,2018-03-01,Country or economy,Asia,Asia,0.0,0.0,0.0,0.0,1.0,Power sector emissions,Fuel,Hydro,mtCO2,0.05,,
Malaysia,MYS,2018-03-01,Country or economy,Asia,Asia,0.0,0.0,0.0,0.0,1.0,Power sector emissions,Fuel,Other Fossil,mtCO2,0.03,,
Malaysia,MYS,2018-03-01,Country or economy,Asia,Asia,0.0,0.0,0.0,0.0,1.0,Power sector emissions,Fuel,Solar,mtCO2,0.0,,
Malaysia,MYS,2018-03-01,Country or economy,Asia,Asia,0.0,0.0,0.0,0.0,1.0,Power sector emissions,Total,Total emissions,mtCO2,9.05,,
Malaysia,MYS,2018-04-01,Country or economy,Asia,Asia,0.0,0.0,0.0,0.0,1.0,Electricity demand,Demand,Demand,TWh,13.41,,
Malaysia,MYS,2018-04-01,Country or economy,Asia,Asia,0.0,0.0,0.0,0.0,1.0,Electricity generation,Aggregate fuel,Clean,%,17.01,,
Malaysia,MYS,2018-04-01,Country or economy,Asia,Asia,0.0,0.0,0.0,0.0,1.0,Electricity generation,Aggregate fuel,Fossil,%,82.98,,
Malaysia,MYS,2018-04-01,Country or economy,Asia,Asia,0.0,0.0,0.0,0.0,1.0,Electricity generation,Aggregate fuel,Gas and Other Fossil,%,39.55,,
Malaysia,MYS,2018-04-01,Country or economy,Asia,Asia,0.0,0.0,0.0,0.0,1.0,Electricity generation,Aggregate fuel,"Hydro, Bioenergy and Other Renewables",%,17.01,,
Malaysia,MYS,2018-04-01,Country or economy,Asia,Asia,0.0,0.0,0.0,0.0,1.0,Electricity generation,Aggregate fuel,Renewables,%,17.01,,
Malaysia,MYS,2018-04-01,Country or economy,Asia,Asia,0.0,0.0,0.0,0.0,1.0,Electricity generation,Aggregate fuel,Wind and Solar,%,0.0,,
Malaysia,MYS,2018-04-01,Country or economy,Asia,Asia,0.0,0.0,0.0,0.0,1.0,Electricity generation,Aggregate fuel,Clean,TWh,2.28,,
Malaysia,MYS,2018-04-01,Country or economy,Asia,Asia,0.0,0.0,0.0,0.0,1.0,Electricity generation,Aggregate fuel,Fossil,TWh,11.12,,
Malaysia,MYS,2018-04-01,Country or economy,Asia,Asia,0.0,0.0,0.0,0.0,1.0,Electricity generation,Aggregate fuel,Gas and Other Fossil,TWh,5.3,,
Malaysia,MYS,2018-04-01,Country or economy,Asia,Asia,0.0,0.0,0.0,0.0,1.0,Electricity generation,Aggregate fuel,"Hydro, Bioenergy and Other Renewables",TWh,2.28,,
Malaysia,MYS,2018-04-01,Country or economy,Asia,Asia,0.0,0.0,0.0,0.0,1.0,Electricity generation,Aggregate fuel,Renewables,TWh,2.28,,
Malaysia,MYS,2018-04-01,Country or economy,Asia,Asia,0.0,0.0,0.0,0.0,1.0,Electricity generation,Aggregate fuel,Wind and Solar,TWh,0.0,,
Malaysia,MYS,2018-04-01,Country or economy,Asia,Asia,0.0,0.0,0.0,0.0,1.0,Electricity generation,Fuel,Bioenergy,%,1.79,,
Malaysia,MYS,2018-04-01,Country or economy,Asia,Asia,0.0,0.0,0.0,0.0,1.0,Electricity generation,Fuel,Coal,%,43.43,,
Malaysia,MYS,2018-04-01,Country or economy,Asia,Asia,0.0,0.0,0.0,0.0,1.0,Electricity generation,Fuel,Gas,%,39.03,,
Malaysia,MYS,2018-04-01,Country or economy,Asia,Asia,0.0,0.0,0.0,0.0,1.0,Electricity generation,Fuel,Hydro,%,15.22,,
Malaysia,MYS,2018-04-01,Country or economy,Asia,Asia,0.0,0.0,0.0,0.0,1.0,Electricity generation,Fuel,Other Fossil,%,0.52,,
Malaysia,MYS,2018-04-01,Country or economy,Asia,Asia,0.0,0.0,0.0,0.0,1.0,Electricity generation,Fuel,Solar,%,0.0,,
Malaysia,MYS,2018-04-01,Country or economy,Asia,Asia,0.0,0.0,0.0,0.0,1.0,Electricity generation,Fuel,Bioenergy,TWh,0.24,,
Malaysia,MYS,2018-04-01,Country or economy,Asia,Asia,0.0,0.0,0.0,0.0,1.0,Electricity generation,Fuel,Coal,TWh,5.82,,
Malaysia,MYS,2018-04-01,Country or economy,Asia,Asia,0.0,0.0,0.0,0.0,1.0,Electricity generation,Fuel,Gas,TWh,5.23,,
Malaysia,MYS,2018-04-01,Country or economy,Asia,Asia,0.0,0.0,0.0,0.0,1.0,Electricity generation,Fuel,Hydro,TWh,2.04,,
Malaysia,MYS,2018-04-01,Country or economy,Asia,Asia,0.0,0.0,0.0,0.0,1.0,Electricity generation,Fuel,Other Fossil,TWh,0.07,,
Malaysia,MYS,2018-04-01,Country or economy,Asia,Asia,0.0,0.0,0.0,0.0,1.0,Electricity generation,Fuel,Solar,TWh,0.0,,
Malaysia,MYS,2018-04-01,Country or economy,Asia,Asia,0.0,0.0,0.0,0.0,1.0,Electricity generation,Total,Total Generation,TWh,13.4,,
Malaysia,MYS,2018-04-01,Country or economy,Asia,Asia,0.0,0.0,0.0,0.0,1.0,Electricity imports,Electricity imports,Net Imports,TWh,0.01,,
Malaysia,MYS,2018-04-01,Country or economy,Asia,Asia,0.0,0.0,0.0,0.0,1.0,Power sector emissions,Aggregate fuel,Clean,mtCO2,0.11,,
Malaysia,MYS,2018-04-01,Country or economy,Asia,Asia,0.0,0.0,0.0,0.0,1.0,Power sector emissions,Aggregate fuel,Fossil,mtCO2,8.82,,
Malaysia,MYS,2018-04-01,Country or economy,Asia,Asia,0.0,0.0,0.0,0.0,1.0,Power sector emissions,Aggregate fuel,Gas and Other Fossil,mtCO2,3.57,,
Malaysia,MYS,2018-04-01,Country or economy,Asia,Asia,0.0,0.0,0.0,0.0,1.0,Power sector emissions,Aggregate fuel,"Hydro, Bioenergy and Other Renewables",mtCO2,0.11,,
Malaysia,MYS,2018-04-01,Country or economy,Asia,Asia,0.0,0.0,0.0,0.0,1.0,Power sector emissions,Aggregate fuel,Renewables,mtCO2,0.11,,
Malaysia,MYS,2018-04-01,Country or economy,Asia,Asia,0.0,0.0,0.0,0.0,1.0,Power sector emissions,Aggregate fuel,Wind and Solar,mtCO2,0.0,,
Malaysia,MYS,2018-04-01,Country or economy,Asia,Asia,0.0,0.0,0.0,0.0,1.0,Power sector emissions,CO2 intensity,CO2 intensity,gCO2/kWh,666.42,,
Malaysia,MYS,2018-04-01,Country or economy,Asia,Asia,0.0,0.0,0.0,0.0,1.0,Power sector emissions,Fuel,Bioenergy,mtCO2,0.06,,
Malaysia,MYS,2018-04-01,Country or economy,Asia,Asia,0.0,0.0,0.0,0.0,1.0,Power sector emissions,Fuel,Coal,mtCO2,5.25,,
Malaysia,MYS,2018-04-01,Country or economy,Asia,Asia,0.0,0.0,0.0,0.0,1.0,Power sector emissions,Fuel,Gas,mtCO2,3.52,,
Malaysia,MYS,2018-04-01,Country or economy,Asia,Asia,0.0,0.0,0.0,0.0,1.0,Power sector emissions,Fuel,Hydro,mtCO2,0.05,,
Malaysia,MYS,2018-04-01,Country or economy,Asia,Asia,0.0,0.0,0.0,0.0,1.0,Power sector emissions,Fuel,Other Fossil,mtCO2,0.05,,
Malaysia,MYS,2018-04-01,Country or economy,Asia,Asia,0.0,0.0,0.0,0.0,1.0,Power sector emissions,Fuel,Solar,mtCO2,0.0,,
Malaysia,MYS,2018-04-01,Country or economy,Asia,Asia,0.0,0.0,0.0,0.0,1.0,Power sector emissions,Total,Total emissions,mtCO2,8.93,,
Malaysia,MYS,2018-05-01,Country or economy,Asia,Asia,0.0,0.0,0.0,0.0,1.0,Electricity demand,Demand,Demand,TWh,13.78,,
Malaysia,MYS,2018-05-01,Country or economy,Asia,Asia,0.0,0.0,0.0,0.0,1.0,Electricity generation,Aggregate fuel,Clean,%,17.06,,
Malaysia,MYS,2018-05-01,Country or economy,Asia,Asia,0.0,0.0,0.0,0.0,1.0,Electricity generation,Aggregate fuel,Fossil,%,82.94,,
Malaysia,MYS,2018-05-01,Country or economy,Asia,Asia,0.0,0.0,0.0,0.0,1.0,Electricity generation,Aggregate fuel,Gas and Other Fossil,%,35.7,,
Malaysia,MYS,2018-05-01,Country or economy,Asia,Asia,0.0,0.0,0.0,0.0,1.0,Electricity generation,Aggregate fuel,"Hydro, Bioenergy and Other Renewables",%,17.06,,
Malaysia,MYS,2018-05-01,Country or economy,Asia,Asia,0.0,0.0,0.0,0.0,1.0,Electricity generation,Aggregate fuel,Renewables,%,17.06,,
Malaysia,MYS,2018-05-01,Country or economy,Asia,Asia,0.0,0.0,0.0,0.0,1.0,Electricity generation,Aggregate fuel,Wind and Solar,%,0.0,,
Malaysia,MYS,2018-05-01,Country or economy,Asia,Asia,0.0,0.0,0.0,0.0,1.0,Electricity generation,Aggregate fuel,Clean,TWh,2.35,,
Malaysia,MYS,2018-05-01,Country or economy,Asia,Asia,0.0,0.0,0.0,0.0,1.0,Electricity generation,Aggregate fuel,Fossil,TWh,11.43,,
Malaysia,MYS,2018-05-01,Country or economy,Asia,Asia,0.0,0.0,0.0,0.0,1.0,Electricity generation,Aggregate fuel,Gas and Other Fossil,TWh,4.92,,
Malaysia,MYS,2018-05-01,Country or economy,Asia,Asia,0.0,0.0,0.0,0.0,1.0,Electricity generation,Aggregate fuel,"Hydro, Bioenergy and Other Renewables",TWh,2.35,,
Malaysia,MYS,2018-05-01,Country or economy,Asia,Asia,0.0,0.0,0.0,0.0,1.0,Electricity generation,Aggregate fuel,Renewables,TWh,2.35,,
Malaysia,MYS,2018-05-01,Country or economy,Asia,Asia,0.0,0.0,0.0,0.0,1.0,Electricity generation,Aggregate fuel,Wind and Solar,TWh,0.0,,
Malaysia,MYS,2018-05-01,Country or economy,Asia,Asia,0.0,0.0,0.0,0.0,1.0,Electricity generation,Fuel,Bioenergy,%,1.89,,
Malaysia,MYS,2018-05-01,Country or economy,Asia,Asia,0.0,0.0,0.0,0.0,1.0,Electricity generation,Fuel,Coal,%,47.24,,
Malaysia,MYS,2018-05-01,Country or economy,Asia,Asia,0.0,0.0,0.0,0.0,1.0,Electricity generation,Fuel,Gas,%,35.41,,
Malaysia,MYS,2018-05-01,Country or economy,Asia,Asia,0.0,0.0,0.0,0.0,1.0,Electricity generation,Fuel,Hydro,%,15.17,,
Malaysia,MYS,2018-05-01,Country or economy,Asia,Asia,0.0,0.0,0.0,0.0,1.0,Electricity generation,Fuel,Other Fossil,%,0.29,,
Malaysia,MYS,2018-05-01,Country or economy,Asia,Asia,0.0,0.0,0.0,0.0,1.0,Electricity generation,Fuel,Solar,%,0.0,,
Malaysia,MYS,2018-05-01,Country or economy,Asia,Asia,0.0,0.0,0.0,0.0,1.0,Electricity generation,Fuel,Bioenergy,TWh,0.26,,
Malaysia,MYS,2018-05-01,Country or economy,Asia,Asia,0.0,0.0,0.0,0.0,1.0,Electricity generation,Fuel,Coal,TWh,6.51,,
Malaysia,MYS,2018-05-01,Country or economy,Asia,Asia,0.0,0.0,0.0,0.0,1.0,Electricity generation,Fuel,Gas,TWh,4.88,,
Malaysia,MYS,2018-05-01,Country or economy,Asia,Asia,0.0,0.0,0.0,0.0,1.0,Electricity generation,Fuel,Hydro,TWh,2.09,,
Malaysia,MYS,2018-05-01,Country or economy,Asia,Asia,0.0,0.0,0.0,0.0,1.0,Electricity generation,Fuel,Other Fossil,TWh,0.04,,
Malaysia,MYS,2018-05-01,Country or economy,Asia,Asia,0.0,0.0,0.0,0.0,1.0,Electricity generation,Fuel,Solar,TWh,0.0,,
Malaysia,MYS,2018-05-01,Country or economy,Asia,Asia,0.0,0.0,0.0,0.0,1.0,Electricity generation,Total,Total Generation,TWh,13.78,,
Malaysia,MYS,2018-05-01,Country or economy,Asia,Asia,0.0,0.0,0.0,0.0,1.0,Electricity imports,Electricity imports,Net Imports,TWh,0.0,,
Malaysia,MYS,2018-05-01,Country or economy,Asia,Asia,0.0,0.0,0.0,0.0,1.0,Power sector emissions,Aggregate fuel,Clean,mtCO2,0.11,,
Malaysia,MYS,2018-05-01,Country or economy,Asia,Asia,0.0,0.0,0.0,0.0,1.0,Power sector emissions,Aggregate fuel,Fossil,mtCO2,9.18,,
Malaysia,MYS,2018-05-01,Country or economy,Asia,Asia,0.0,0.0,0.0,0.0,1.0,Power sector emissions,Aggregate fuel,Gas and Other Fossil,mtCO2,3.31,,
Malaysia,MYS,2018-05-01,Country or economy,Asia,Asia,0.0,0.0,0.0,0.0,1.0,Power sector emissions,Aggregate fuel,"Hydro, Bioenergy and Other Renewables",mtCO2,0.11,,
Malaysia,MYS,2018-05-01,Country or economy,Asia,Asia,0.0,0.0,0.0,0.0,1.0,Power sector emissions,Aggregate fuel,Renewables,mtCO2,0.11,,
Malaysia,MYS,2018-05-01,Country or economy,Asia,Asia,0.0,0.0,0.0,0.0,1.0,Power sector emissions,Aggregate fuel,Wind and Solar,mtCO2,0.0,,
Malaysia,MYS,2018-05-01,Country or economy,Asia,Asia,0.0,0.0,0.0,0.0,1.0,Power sector emissions,CO2 intensity,CO2 intensity,gCO2/kWh,674.17,,
Malaysia,MYS,2018-05-01,Country or economy,Asia,Asia,0.0,0.0,0.0,0.0,1.0,Power sector emissions,Fuel,Bioenergy,mtCO2,0.06,,
Malaysia,MYS,2018-05-01,Country or economy,Asia,Asia,0.0,0.0,0.0,0.0,1.0,Power sector emissions,Fuel,Coal,mtCO2,5.87,,
Malaysia,MYS,2018-05-01,Country or economy,Asia,Asia,0.0,0.0,0.0,0.0,1.0,Power sector emissions,Fuel,Gas,mtCO2,3.28,,
Malaysia,MYS,2018-05-01,Country or economy,Asia,Asia,0.0,0.0,0.0,0.0,1.0,Power sector emissions,Fuel,Hydro,mtCO2,0.05,,
Malaysia,MYS,2018-05-01,Country or economy,Asia,Asia,0.0,0.0,0.0,0.0,1.0,Power sector emissions,Fuel,Other Fossil,mtCO2,0.03,,
Malaysia,MYS,2018-05-01,Country or economy,Asia,Asia,0.0,0.0,0.0,0.0,1.0,Power sector emissions,Fuel,Solar,mtCO2,0.0,,
Malaysia,MYS,2018-05-01,Country or economy,Asia,Asia,0.0,0.0,0.0,0.0,1.0,Power sector emissions,Total,Total emissions,mtCO2,9.29,,
Malaysia,MYS,2018-06-01,Country or economy,Asia,Asia,0.0,0.0,0.0,0.0,1.0,Electricity demand,Demand,Demand,TWh,13.19,,
Malaysia,MYS,2018-06-01,Country or economy,Asia,Asia,0.0,0.0,0.0,0.0,1.0,Electricity generation,Aggregate fuel,Clean,%,17.82,,
Malaysia,MYS,2018-06-01,Country or economy,Asia,Asia,0.0,0.0,0.0,0.0,1.0,Electricity generation,Aggregate fuel,Fossil,%,82.18,,
Malaysia,MYS,2018-06-01,Country or economy,Asia,Asia,0.0,0.0,0.0,0.0,1.0,Electricity generation,Aggregate fuel,Gas and Other Fossil,%,35.78,,
Malaysia,MYS,2018-06-01,Country or economy,Asia,Asia,0.0,0.0,0.0,0.0,1.0,Electricity generation,Aggregate fuel,"Hydro, Bioenergy and Other Renewables",%,17.82,,
Malaysia,MYS,2018-06-01,Country or economy,Asia,Asia,0.0,0.0,0.0,0.0,1.0,Electricity generation,Aggregate fuel,Renewables,%,17.82,,
Malaysia,MYS,2018-06-01,Country or economy,Asia,Asia,0.0,0.0,0.0,0.0,1.0,Electricity generation,Aggregate fuel,Wind and Solar,%,0.0,,
Malaysia,MYS,2018-06-01,Country or economy,Asia,Asia,0.0,0.0,0.0,0.0,1.0,Electricity generation,Aggregate fuel,Clean,TWh,2.35,,
Malaysia,MYS,2018-06-01,Country or economy,Asia,Asia,0.0,0.0,0.0,0.0,1.0,Electricity generation,Aggregate fuel,Fossil,TWh,10.84,,
Malaysia,MYS,2018-06-01,Country or economy,Asia,Asia,0.0,0.0,0.0,0.0,1.0,Electricity generation,Aggregate fuel,Gas and Other Fossil,TWh,4.72,,
Malaysia,MYS,2018-06-01,Country or economy,Asia,Asia,0.0,0.0,0.0,0.0,1.0,Electricity generation,Aggregate fuel,"Hydro, Bioenergy and Other Renewables",TWh,2.35,,
Malaysia,MYS,2018-06-01,Country or economy,Asia,Asia,0.0,0.0,0.0,0.0,1.0,Electricity generation,Aggregate fuel,Renewables,TWh,2.35,,
Malaysia,MYS,2018-06-01,Country or economy,Asia,Asia,0.0,0.0,0.0,0.0,1.0,Electricity generation,Aggregate fuel,Wind and Solar,TWh,0.0,,
Malaysia,MYS,2018-06-01,Country or economy,Asia,Asia,0.0,0.0,0.0,0.0,1.0,Electricity generation,Fuel,Bioenergy,%,1.97,,
Malaysia,MYS,2018-06-01,Country or economy,Asia,Asia,0.0,0.0,0.0,0.0,1.0,Electricity generation,Fuel,Coal,%,46.4,,
Malaysia,MYS,2018-06-01,Country or economy,Asia,Asia,0.0,0.0,0.0,0.0,1.0,Electricity generation,Fuel,Gas,%,35.48,,
Malaysia,MYS,2018-06-01,Country or economy,Asia,Asia,0.0,0.0,0.0,0.0,1.0,Electricity generation,Fuel,Hydro,%,15.85,,
Malaysia,MYS,2018-06-01,Country or economy,Asia,Asia,0.0,0.0,0.0,0.0,1.0,Electricity generation,Fuel,Other Fossil,%,0.3,,
Malaysia,MYS,2018-06-01,Country or economy,Asia,Asia,0.0,0.0,0.0,0.0,1.0,Electricity generation,Fuel,Solar,%,0.0,,
Malaysia,MYS,2018-06-01,Country or economy,Asia,Asia,0.0,0.0,0.0,0.0,1.0,Electricity generation,Fuel,Bioenergy,TWh,0.26,,
Malaysia,MYS,2018-06-01,Country or economy,Asia,Asia,0.0,0.0,0.0,0.0,1.0,Electricity generation,Fuel,Coal,TWh,6.12,,
Malaysia,MYS,2018-06-01,Country or economy,Asia,Asia,0.0,0.0,0.0,0.0,1.0,Electricity generation,Fuel,Gas,TWh,4.68,,
Malaysia,MYS,2018-06-01,Country or economy,Asia,Asia,0.0,0.0,0.0,0.0,1.0,Electricity generation,Fuel,Hydro,TWh,2.09,,
Malaysia,MYS,2018-06-01,Country or economy,Asia,Asia,0.0,0.0,0.0,0.0,1.0,Electricity generation,Fuel,Other Fossil,TWh,0.04,,
Malaysia,MYS,2018-06-01,Country or economy,Asia,Asia,0.0,0.0,0.0,0.0,1.0,Electricity generation,Fuel,Solar,TWh,0.0,,
Malaysia,MYS,2018-06-01,Country or economy,Asia,Asia,0.0,0.0,0.0,0.0,1.0,Electricity generation,Total,Total Generation,TWh,13.19,,
Malaysia,MYS,2018-06-01,Country or economy,Asia,Asia,0.0,0.0,0.0,0.0,1.0,Electricity imports,Electricity imports,Net Imports,TWh,0.0,,
Malaysia,MYS,2018-06-01,Country or economy,Asia,Asia,0.0,0.0,0.0,0.0,1.0,Power sector emissions,Aggregate fuel,Clean,mtCO2,0.11,,
Malaysia,MYS,2018-06-01,Country or economy,Asia,Asia,0.0,0.0,0.0,0.0,1.0,Power sector emissions,Aggregate fuel,Fossil,mtCO2,8.7,,
Malaysia,MYS,2018-06-01,Country or economy,Asia,Asia,0.0,0.0,0.0,0.0,1.0,Power sector emissions,Aggregate fuel,Gas and Other Fossil,mtCO2,3.18,,
Malaysia,MYS,2018-06-01,Country or economy,Asia,Asia,0.0,0.0,0.0,0.0,1.0,Power sector emissions,Aggregate fuel,"Hydro, Bioenergy and Other Renewables",mtCO2,0.11,,
Malaysia,MYS,2018-06-01,Country or economy,Asia,Asia,0.0,0.0,0.0,0.0,1.0,Power sector emissions,Aggregate fuel,Renewables,mtCO2,0.11,,
Malaysia,MYS,2018-06-01,Country or economy,Asia,Asia,0.0,0.0,0.0,0.0,1.0,Power sector emissions,Aggregate fuel,Wind and Solar,mtCO2,0.0,,
Malaysia,MYS,2018-06-01,Country or economy,Asia,Asia,0.0,0.0,0.0,0.0,1.0,Power sector emissions,CO2 intensity,CO2 intensity,gCO2/kWh,667.93,,
Malaysia,MYS,2018-06-01,Country or economy,Asia,Asia,0.0,0.0,0.0,0.0,1.0,Power sector emissions,Fuel,Bioenergy,mtCO2,0.06,,
Malaysia,MYS,2018-06-01,Country or economy,Asia,Asia,0.0,0.0,0.0,0.0,1.0,Power sector emissions,Fuel,Coal,mtCO2,5.52,,
Malaysia,MYS,2018-06-01,Country or economy,Asia,Asia,0.0,0.0,0.0,0.0,1.0,Power sector emissions,Fuel,Gas,mtCO2,3.15,,
Malaysia,MYS,2018-06-01,Country or economy,Asia,Asia,0.0,0.0,0.0,0.0,1.0,Power sector emissions,Fuel,Hydro,mtCO2,0.05,,
Malaysia,MYS,2018-06-01,Country or economy,Asia,Asia,0.0,0.0,0.0,0.0,1.0,Power sector emissions,Fuel,Other Fossil,mtCO2,0.03,,
Malaysia,MYS,2018-06-01,Country or economy,Asia,Asia,0.0,0.0,0.0,0.0,1.0,Power sector emissions,Fuel,Solar,mtCO2,0.0,,
Malaysia,MYS,2018-06-01,Country or economy,Asia,Asia,0.0,0.0,0.0,0.0,1.0,Power sector emissions,Total,Total emissions,mtCO2,8.81,,
Malaysia,MYS,2018-07-01,Country or economy,Asia,Asia,0.0,0.0,0.0,0.0,1.0,Electricity demand,Demand,Demand,TWh,14.08,,
Malaysia,MYS,2018-07-01,Country or economy,Asia,Asia,0.0,0.0,0.0,0.0,1.0,Electricity generation,Aggregate fuel,Clean,%,17.7,,
Malaysia,MYS,2018-07-01,Country or economy,Asia,Asia,0.0,0.0,0.0,0.0,1.0,Electricity generation,Aggregate fuel,Fossil,%,82.3,,
Malaysia,MYS,2018-07-01,Country or economy,Asia,Asia,0.0,0.0,0.0,0.0,1.0,Electricity generation,Aggregate fuel,Gas and Other Fossil,%,39.16,,
Malaysia,MYS,2018-07-01,Country or economy,Asia,Asia,0.0,0.0,0.0,0.0,1.0,Electricity generation,Aggregate fuel,"Hydro, Bioenergy and Other Renewables",%,17.7,,
Malaysia,MYS,2018-07-01,Country or economy,Asia,Asia,0.0,0.0,0.0,0.0,1.0,Electricity generation,Aggregate fuel,Renewables,%,17.7,,
Malaysia,MYS,2018-07-01,Country or economy,Asia,Asia,0.0,0.0,0.0,0.0,1.0,Electricity generation,Aggregate fuel,Wind and Solar,%,0.0,,
Malaysia,MYS,2018-07-01,Country or economy,Asia,Asia,0.0,0.0,0.0,0.0,1.0,Electricity generation,Aggregate fuel,Clean,TWh,2.49,,
Malaysia,MYS,2018-07-01,Country or economy,Asia,Asia,0.0,0.0,0.0,0.0,1.0,Electricity generation,Aggregate fuel,Fossil,TWh,11.58,,
Malaysia,MYS,2018-07-01,Country or economy,Asia,Asia,0.0,0.0,0.0,0.0,1.0,Electricity generation,Aggregate fuel,Gas and Other Fossil,TWh,5.51,,
Malaysia,MYS,2018-07-01,Country or economy,Asia,Asia,0.0,0.0,0.0,0.0,1.0,Electricity generation,Aggregate fuel,"Hydro, Bioenergy and Other Renewables",TWh,2.49,,
Malaysia,MYS,2018-07-01,Country or economy,Asia,Asia,0.0,0.0,0.0,0.0,1.0,Electricity generation,Aggregate fuel,Renewables,TWh,2.49,,
Malaysia,MYS,2018-07-01,Country or economy,Asia,Asia,0.0,0.0,0.0,0.0,1.0,Electricity generation,Aggregate fuel,Wind and Solar,TWh,0.0,,
Malaysia,MYS,2018-07-01,Country or economy,Asia,Asia,0.0,0.0,0.0,0.0,1.0,Electricity generation,Fuel,Bioenergy,%,1.92,,
Malaysia,MYS,2018-07-01,Country or economy,Asia,Asia,0.0,0.0,0.0,0.0,1.0,Electricity generation,Fuel,Coal,%,43.14,,
Malaysia,MYS,2018-07-01,Country or economy,Asia,Asia,0.0,0.0,0.0,0.0,1.0,Electricity generation,Fuel,Gas,%,38.88,,
Malaysia,MYS,2018-07-01,Country or economy,Asia,Asia,0.0,0.0,0.0,0.0,1.0,Electricity generation,Fuel,Hydro,%,15.78,,
Malaysia,MYS,2018-07-01,Country or economy,Asia,Asia,0.0,0.0,0.0,0.0,1.0,Electricity generation,Fuel,Other Fossil,%,0.28,,
Malaysia,MYS,2018-07-01,Country or economy,Asia,Asia,0.0,0.0,0.0,0.0,1.0,Electricity generation,Fuel,Solar,%,0.0,,
Malaysia,MYS,2018-07-01,Country or economy,Asia,Asia,0.0,0.0,0.0,0.0,1.0,Electricity generation,Fuel,Bioenergy,TWh,0.27,,
Malaysia,MYS,2018-07-01,Country or economy,Asia,Asia,0.0,0.0,0.0,0.0,1.0,Electricity generation,Fuel,Coal,TWh,6.07,,
Malaysia,MYS,2018-07-01,Country or economy,Asia,Asia,0.0,0.0,0.0,0.0,1.0,Electricity generation,Fuel,Gas,TWh,5.47,,
Malaysia,MYS,2018-07-01,Country or economy,Asia,Asia,0.0,0.0,0.0,0.0,1.0,Electricity generation,Fuel,Hydro,TWh,2.22,,
Malaysia,MYS,2018-07-01,Country or economy,Asia,Asia,0.0,0.0,0.0,0.0,1.0,Electricity generation,Fuel,Other Fossil,TWh,0.04,,
Malaysia,MYS,2018-07-01,Country or economy,Asia,Asia,0.0,0.0,0.0,0.0,1.0,Electricity generation,Fuel,Solar,TWh,0.0,,
Malaysia,MYS,2018-07-01,Country or economy,Asia,Asia,0.0,0.0,0.0,0.0,1.0,Electricity generation,Total,Total Generation,TWh,14.07,,
Malaysia,MYS,2018-07-01,Country or economy,Asia,Asia,0.0,0.0,0.0,0.0,1.0,Electricity imports,Electricity imports,Net Imports,TWh,0.01,,
Malaysia,MYS,2018-07-01,Country or economy,Asia,Asia,0.0,0.0,0.0,0.0,1.0,Power sector emissions,Aggregate fuel,Clean,mtCO2,0.11,,
Malaysia,MYS,2018-07-01,Country or economy,Asia,Asia,0.0,0.0,0.0,0.0,1.0,Power sector emissions,Aggregate fuel,Fossil,mtCO2,9.18,,
Malaysia,MYS,2018-07-01,Country or economy,Asia,Asia,0.0,0.0,0.0,0.0,1.0,Power sector emissions,Aggregate fuel,Gas and Other Fossil,mtCO2,3.71,,
Malaysia,MYS,2018-07-01,Country or economy,Asia,Asia,0.0,0.0,0.0,0.0,1.0,Power sector emissions,Aggregate fuel,"Hydro, Bioenergy and Other Renewables",mtCO2,0.11,,
Malaysia,MYS,2018-07-01,Country or economy,Asia,Asia,0.0,0.0,0.0,0.0,1.0,Power sector emissions,Aggregate fuel,Renewables,mtCO2,0.11,,
Malaysia,MYS,2018-07-01,Country or economy,Asia,Asia,0.0,0.0,0.0,0.0,1.0,Power sector emissions,Aggregate fuel,Wind and Solar,mtCO2,0.0,,
Malaysia,MYS,2018-07-01,Country or economy,Asia,Asia,0.0,0.0,0.0,0.0,1.0,Power sector emissions,CO2 intensity,CO2 intensity,gCO2/kWh,660.27,,
Malaysia,MYS,2018-07-01,Country or economy,Asia,Asia,0.0,0.0,0.0,0.0,1.0,Power sector emissions,Fuel,Bioenergy,mtCO2,0.06,,
Malaysia,MYS,2018-07-01,Country or economy,Asia,Asia,0.0,0.0,0.0,0.0,1.0,Power sector emissions,Fuel,Coal,mtCO2,5.47,,
Malaysia,MYS,2018-07-01,Country or economy,Asia,Asia,0.0,0.0,0.0,0.0,1.0,Power sector emissions,Fuel,Gas,mtCO2,3.68,,
Malaysia,MYS,2018-07-01,Country or economy,Asia,Asia,0.0,0.0,0.0,0.0,1.0,Power sector emissions,Fuel,Hydro,mtCO2,0.05,,
Malaysia,MYS,2018-07-01,Country or economy,Asia,Asia,0.0,0.0,0.0,0.0,1.0,Power sector emissions,Fuel,Other Fossil,mtCO2,0.03,,
Malaysia,MYS,2018-07-01,Country or economy,Asia,Asia,0.0,0.0,0.0,0.0,1.0,Power sector emissions,Fuel,Solar,mtCO2,0.0,,
Malaysia,MYS,2018-07-01,Country or economy,Asia,Asia,0.0,0.0,0.0,0.0,1.0,Power sector emissions,Total,Total emissions,mtCO2,9.29,,
Malaysia,MYS,2018-08-01,Country or economy,Asia,Asia,0.0,0.0,0.0,0.0,1.0,Electricity demand,Demand,Demand,TWh,14.17,,
Malaysia,MYS,2018-08-01,Country or economy,Asia,Asia,0.0,0.0,0.0,0.0,1.0,Electricity generation,Aggregate fuel,Clean,%,17.15,,
Malaysia,MYS,2018-08-01,Country or economy,Asia,Asia,0.0,0.0,0.0,0.0,1.0,Electricity generation,Aggregate fuel,Fossil,%,82.84,,
Malaysia,MYS,2018-08-01,Country or economy,Asia,Asia,0.0,0.0,0.0,0.0,1.0,Electricity generation,Aggregate fuel,Gas and Other Fossil,%,40.36,,
Malaysia,MYS,2018-08-01,Country or economy,Asia,Asia,0.0,0.0,0.0,0.0,1.0,Electricity generation,Aggregate fuel,"Hydro, Bioenergy and Other Renewables",%,17.15,,
Malaysia,MYS,2018-08-01,Country or economy,Asia,Asia,0.0,0.0,0.0,0.0,1.0,Electricity generation,Aggregate fuel,Renewables,%,17.15,,
Malaysia,MYS,2018-08-01,Country or economy,Asia,Asia,0.0,0.0,0.0,0.0,1.0,Electricity generation,Aggregate fuel,Wind and Solar,%,0.0,,
Malaysia,MYS,2018-08-01,Country or economy,Asia,Asia,0.0,0.0,0.0,0.0,1.0,Electricity generation,Aggregate fuel,Clean,TWh,2.43,,
Malaysia,MYS,2018-08-01,Country or economy,Asia,Asia,0.0,0.0,0.0,0.0,1.0,Electricity generation,Aggregate fuel,Fossil,TWh,11.74,,
Malaysia,MYS,2018-08-01,Country or economy,Asia,Asia,0.0,0.0,0.0,0.0,1.0,Electricity generation,Aggregate fuel,Gas and Other Fossil,TWh,5.72,,
Malaysia,MYS,2018-08-01,Country or economy,Asia,Asia,0.0,0.0,0.0,0.0,1.0,Electricity generation,Aggregate fuel,"Hydro, Bioenergy and Other Renewables",TWh,2.43,,
Malaysia,MYS,2018-08-01,Country or economy,Asia,Asia,0.0,0.0,0.0,0.0,1.0,Electricity generation,Aggregate fuel,Renewables,TWh,2.43,,
Malaysia,MYS,2018-08-01,Country or economy,Asia,Asia,0.0,0.0,0.0,0.0,1.0,Electricity generation,Aggregate fuel,Wind and Solar,TWh,0.0,,
Malaysia,MYS,2018-08-01,Country or economy,Asia,Asia,0.0,0.0,0.0,0.0,1.0,Electricity generation,Fuel,Bioenergy,%,1.91,,
Malaysia,MYS,2018-08-01,Country or economy,Asia,Asia,0.0,0.0,0.0,0.0,1.0,Electricity generation,Fuel,Coal,%,42.48,,
Malaysia,MYS,2018-08-01,Country or economy,Asia,Asia,0.0,0.0,0.0,0.0,1.0,Electricity generation,Fuel,Gas,%,40.08,,
Malaysia,MYS,2018-08-01,Country or economy,Asia,Asia,0.0,0.0,0.0,0.0,1.0,Electricity generation,Fuel,Hydro,%,15.24,,
Malaysia,MYS,2018-08-01,Country or economy,Asia,Asia,0.0,0.0,0.0,0.0,1.0,Electricity generation,Fuel,Other Fossil,%,0.28,,
Malaysia,MYS,2018-08-01,Country or economy,Asia,Asia,0.0,0.0,0.0,0.0,1.0,Electricity generation,Fuel,Solar,%,0.0,,
Malaysia,MYS,2018-08-01,Country or economy,Asia,Asia,0.0,0.0,0.0,0.0,1.0,Electricity generation,Fuel,Bioenergy,TWh,0.27,,
Malaysia,MYS,2018-08-01,Country or economy,Asia,Asia,0.0,0.0,0.0,0.0,1.0,Electricity generation,Fuel,Coal,TWh,6.02,,
Malaysia,MYS,2018-08-01,Country or economy,Asia,Asia,0.0,0.0,0.0,0.0,1.0,Electricity generation,Fuel,Gas,TWh,5.68,,
Malaysia,MYS,2018-08-01,Country or economy,Asia,Asia,0.0,0.0,0.0,0.0,1.0,Electricity generation,Fuel,Hydro,TWh,2.16,,
Malaysia,MYS,2018-08-01,Country or economy,Asia,Asia,0.0,0.0,0.0,0.0,1.0,Electricity generation,Fuel,Other Fossil,TWh,0.04,,
Malaysia,MYS,2018-08-01,Country or economy,Asia,Asia,0.0,0.0,0.0,0.0,1.0,Electricity generation,Fuel,Solar,TWh,0.0,,
Malaysia,MYS,2018-08-01,Country or economy,Asia,Asia,0.0,0.0,0.0,0.0,1.0,Electricity generation,Total,Total Generation,TWh,14.17,,
Malaysia,MYS,2018-08-01,Country or economy,Asia,Asia,0.0,0.0,0.0,0.0,1.0,Electricity imports,Electricity imports,Net Imports,TWh,0.0,,
Malaysia,MYS,2018-08-01,Country or economy,Asia,Asia,0.0,0.0,0.0,0.0,1.0,Power sector emissions,Aggregate fuel,Clean,mtCO2,0.11,,
Malaysia,MYS,2018-08-01,Country or economy,Asia,Asia,0.0,0.0,0.0,0.0,1.0,Power sector emissions,Aggregate fuel,Fossil,mtCO2,9.28,,
Malaysia,MYS,2018-08-01,Country or economy,Asia,Asia,0.0,0.0,0.0,0.0,1.0,Power sector emissions,Aggregate fuel,Gas and Other Fossil,mtCO2,3.85,,
Malaysia,MYS,2018-08-01,Country or economy,Asia,Asia,0.0,0.0,0.0,0.0,1.0,Power sector emissions,Aggregate fuel,"Hydro, Bioenergy and Other Renewables",mtCO2,0.11,,
Malaysia,MYS,2018-08-01,Country or economy,Asia,Asia,0.0,0.0,0.0,0.0,1.0,Power sector emissions,Aggregate fuel,Renewables,mtCO2,0.11,,
Malaysia,MYS,2018-08-01,Country or economy,Asia,Asia,0.0,0.0,0.0,0.0,1.0,Power sector emissions,Aggregate fuel,Wind and Solar,mtCO2,0.0,,
Malaysia,MYS,2018-08-01,Country or economy,Asia,Asia,0.0,0.0,0.0,0.0,1.0,Power sector emissions,CO2 intensity,CO2 intensity,gCO2/kWh,662.67,,
Malaysia,MYS,2018-08-01,Country or economy,Asia,Asia,0.0,0.0,0.0,0.0,1.0,Power sector emissions,Fuel,Bioenergy,mtCO2,0.06,,
Malaysia,MYS,2018-08-01,Country or economy,Asia,Asia,0.0,0.0,0.0,0.0,1.0,Power sector emissions,Fuel,Coal,mtCO2,5.43,,
Malaysia,MYS,2018-08-01,Country or economy,Asia,Asia,0.0,0.0,0.0,0.0,1.0,Power sector emissions,Fuel,Gas,mtCO2,3.82,,
Malaysia,MYS,2018-08-01,Country or economy,Asia,Asia,0.0,0.0,0.0,0.0,1.0,Power sector emissions,Fuel,Hydro,mtCO2,0.05,,
Malaysia,MYS,2018-08-01,Country or economy,Asia,Asia,0.0,0.0,0.0,0.0,1.0,Power sector emissions,Fuel,Other Fossil,mtCO2,0.03,,
Malaysia,MYS,2018-08-01,Country or economy,Asia,Asia,0.0,0.0,0.0,0.0,1.0,Power sector emissions,Fuel,Solar,mtCO2,0.0,,
Malaysia,MYS,2018-08-01,Country or economy,Asia,Asia,0.0,0.0,0.0,0.0,1.0,Power sector emissions,Total,Total emissions,mtCO2,9.39,,
Malaysia,MYS,2018-09-01,Country or economy,Asia,Asia,0.0,0.0,0.0,0.0,1.0,Electricity demand,Demand,Demand,TWh,13.2,,
Malaysia,MYS,2018-09-01,Country or economy,Asia,Asia,0.0,0.0,0.0,0.0,1.0,Electricity generation,Aggregate fuel,Clean,%,17.88,,
Malaysia,MYS,2018-09-01,Country or economy,Asia,Asia,0.0,0.0,0.0,0.0,1.0,Electricity generation,Aggregate fuel,Fossil,%,82.12,,
Malaysia,MYS,2018-09-01,Country or economy,Asia,Asia,0.0,0.0,0.0,0.0,1.0,Electricity generation,Aggregate fuel,Gas and Other Fossil,%,39.85,,
Malaysia,MYS,2018-09-01,Country or economy,Asia,Asia,0.0,0.0,0.0,0.0,1.0,Electricity generation,Aggregate fuel,"Hydro, Bioenergy and Other Renewables",%,17.88,,
Malaysia,MYS,2018-09-01,Country or economy,Asia,Asia,0.0,0.0,0.0,0.0,1.0,Electricity generation,Aggregate fuel,Renewables,%,17.88,,
Malaysia,MYS,2018-09-01,Country or economy,Asia,Asia,0.0,0.0,0.0,0.0,1.0,Electricity generation,Aggregate fuel,Wind and Solar,%,0.0,,
Malaysia,MYS,2018-09-01,Country or economy,Asia,Asia,0.0,0.0,0.0,0.0,1.0,Electricity generation,Aggregate fuel,Clean,TWh,2.36,,
Malaysia,MYS,2018-09-01,Country or economy,Asia,Asia,0.0,0.0,0.0,0.0,1.0,Electricity generation,Aggregate fuel,Fossil,TWh,10.84,,
Malaysia,MYS,2018-09-01,Country or economy,Asia,Asia,0.0,0.0,0.0,0.0,1.0,Electricity generation,Aggregate fuel,Gas and Other Fossil,TWh,5.26,,
Malaysia,MYS,2018-09-01,Country or economy,Asia,Asia,0.0,0.0,0.0,0.0,1.0,Electricity generation,Aggregate fuel,"Hydro, Bioenergy and Other Renewables",TWh,2.36,,
Malaysia,MYS,2018-09-01,Country or economy,Asia,Asia,0.0,0.0,0.0,0.0,1.0,Electricity generation,Aggregate fuel,Renewables,TWh,2.36,,
Malaysia,MYS,2018-09-01,Country or economy,Asia,Asia,0.0,0.0,0.0,0.0,1.0,Electricity generation,Aggregate fuel,Wind and Solar,TWh,0.0,,
Malaysia,MYS,2018-09-01,Country or economy,Asia,Asia,0.0,0.0,0.0,0.0,1.0,Electricity generation,Fuel,Bioenergy,%,1.97,,
Malaysia,MYS,2018-09-01,Country or economy,Asia,Asia,0.0,0.0,0.0,0.0,1.0,Electricity generation,Fuel,Coal,%,42.27,,
Malaysia,MYS,2018-09-01,Country or economy,Asia,Asia,0.0,0.0,0.0,0.0,1.0,Electricity generation,Fuel,Gas,%,39.55,,
Malaysia,MYS,2018-09-01,Country or economy,Asia,Asia,0.0,0.0,0.0,0.0,1.0,Electricity generation,Fuel,Hydro,%,15.91,,
Malaysia,MYS,2018-09-01,Country or economy,Asia,Asia,0.0,0.0,0.0,0.0,1.0,Electricity generation,Fuel,Other Fossil,%,0.3,,
Malaysia,MYS,2018-09-01,Country or economy,Asia,Asia,0.0,0.0,0.0,0.0,1.0,Electricity generation,Fuel,Solar,%,0.0,,
Malaysia,MYS,2018-09-01,Country or economy,Asia,Asia,0.0,0.0,0.0,0.0,1.0,Electricity generation,Fuel,Bioenergy,TWh,0.26,,
Malaysia,MYS,2018-09-01,Country or economy,Asia,Asia,0.0,0.0,0.0,0.0,1.0,Electricity generation,Fuel,Coal,TWh,5.58,,
Malaysia,MYS,2018-09-01,Country or economy,Asia,Asia,0.0,0.0,0.0,0.0,1.0,Electricity generation,Fuel,Gas,TWh,5.22,,
Malaysia,MYS,2018-09-01,Country or economy,Asia,Asia,0.0,0.0,0.0,0.0,1.0,Electricity generation,Fuel,Hydro,TWh,2.1,,
Malaysia,MYS,2018-09-01,Country or economy,Asia,Asia,0.0,0.0,0.0,0.0,1.0,Electricity generation,Fuel,Other Fossil,TWh,0.04,,
Malaysia,MYS,2018-09-01,Country or economy,Asia,Asia,0.0,0.0,0.0,0.0,1.0,Electricity generation,Fuel,Solar,TWh,0.0,,
Malaysia,MYS,2018-09-01,Country or economy,Asia,Asia,0.0,0.0,0.0,0.0,1.0,Electricity generation,Total,Total Generation,TWh,13.2,,
Malaysia,MYS,2018-09-01,Country or economy,Asia,Asia,0.0,0.0,0.0,0.0,1.0,Electricity imports,Electricity imports,Net Imports,TWh,0.0,,
Malaysia,MYS,2018-09-01,Country or economy,Asia,Asia,0.0,0.0,0.0,0.0,1.0,Power sector emissions,Aggregate fuel,Clean,mtCO2,0.11,,
Malaysia,MYS,2018-09-01,Country or economy,Asia,Asia,0.0,0.0,0.0,0.0,1.0,Power sector emissions,Aggregate fuel,Fossil,mtCO2,8.57,,
Malaysia,MYS,2018-09-01,Country or economy,Asia,Asia,0.0,0.0,0.0,0.0,1.0,Power sector emissions,Aggregate fuel,Gas and Other Fossil,mtCO2,3.54,,
Malaysia,MYS,2018-09-01,Country or economy,Asia,Asia,0.0,0.0,0.0,0.0,1.0,Power sector emissions,Aggregate fuel,"Hydro, Bioenergy and Other Renewables",mtCO2,0.11,,
Malaysia,MYS,2018-09-01,Country or economy,Asia,Asia,0.0,0.0,0.0,0.0,1.0,Power sector emissions,Aggregate fuel,Renewables,mtCO2,0.11,,
Malaysia,MYS,2018-09-01,Country or economy,Asia,Asia,0.0,0.0,0.0,0.0,1.0,Power sector emissions,Aggregate fuel,Wind and Solar,mtCO2,0.0,,
Malaysia,MYS,2018-09-01,Country or economy,Asia,Asia,0.0,0.0,0.0,0.0,1.0,Power sector emissions,CO2 intensity,CO2 intensity,gCO2/kWh,657.58,,
Malaysia,MYS,2018-09-01,Country or economy,Asia,Asia,0.0,0.0,0.0,0.0,1.0,Power sector emissions,Fuel,Bioenergy,mtCO2,0.06,,
Malaysia,MYS,2018-09-01,Country or economy,Asia,Asia,0.0,0.0,0.0,0.0,1.0,Power sector emissions,Fuel,Coal,mtCO2,5.03,,
Malaysia,MYS,2018-09-01,Country or economy,Asia,Asia,0.0,0.0,0.0,0.0,1.0,Power sector emissions,Fuel,Gas,mtCO2,3.51,,
Malaysia,MYS,2018-09-01,Country or economy,Asia,Asia,0.0,0.0,0.0,0.0,1.0,Power sector emissions,Fuel,Hydro,mtCO2,0.05,,
Malaysia,MYS,2018-09-01,Country or economy,Asia,Asia,0.0,0.0,0.0,0.0,1.0,Power sector emissions,Fuel,Other Fossil,mtCO2,0.03,,
Malaysia,MYS,2018-09-01,Country or economy,Asia,Asia,0.0,0.0,0.0,0.0,1.0,Power sector emissions,Fuel,Solar,mtCO2,0.0,,
Malaysia,MYS,2018-09-01,Country or economy,Asia,Asia,0.0,0.0,0.0,0.0,1.0,Power sector emissions,Total,Total emissions,mtCO2,8.68,,
Malaysia,MYS,2018-10-01,Country or economy,Asia,Asia,0.0,0.0,0.0,0.0,1.0,Electricity demand,Demand,Demand,TWh,13.89,,
Malaysia,MYS,2018-10-01,Country or economy,Asia,Asia,0.0,0.0,0.0,0.0,1.0,Electricity generation,Aggregate fuel,Clean,%,18.82,,
Malaysia,MYS,2018-10-01,Country or economy,Asia,Asia,0.0,0.0,0.0,0.0,1.0,Electricity generation,Aggregate fuel,Fossil,%,81.18,,
Malaysia,MYS,2018-10-01,Country or economy,Asia,Asia,0.0,0.0,0.0,0.0,1.0,Electricity generation,Aggregate fuel,Gas and Other Fossil,%,39.94,,
Malaysia,MYS,2018-10-01,Country or economy,Asia,Asia,0.0,0.0,0.0,0.0,1.0,Electricity generation,Aggregate fuel,"Hydro, Bioenergy and Other Renewables",%,18.82,,
Malaysia,MYS,2018-10-01,Country or economy,Asia,Asia,0.0,0.0,0.0,0.0,1.0,Electricity generation,Aggregate fuel,Renewables,%,18.82,,
Malaysia,MYS,2018-10-01,Country or economy,Asia,Asia,0.0,0.0,0.0,0.0,1.0,Electricity generation,Aggregate fuel,Wind and Solar,%,0.0,,
Malaysia,MYS,2018-10-01,Country or economy,Asia,Asia,0.0,0.0,0.0,0.0,1.0,Electricity generation,Aggregate fuel,Clean,TWh,2.61,,
Malaysia,MYS,2018-10-01,Country or economy,Asia,Asia,0.0,0.0,0.0,0.0,1.0,Electricity generation,Aggregate fuel,Fossil,TWh,11.26,,
Malaysia,MYS,2018-10-01,Country or economy,Asia,Asia,0.0,0.0,0.0,0.0,1.0,Electricity generation,Aggregate fuel,Gas and Other Fossil,TWh,5.54,,
Malaysia,MYS,2018-10-01,Country or economy,Asia,Asia,0.0,0.0,0.0,0.0,1.0,Electricity generation,Aggregate fuel,"Hydro, Bioenergy and Other Renewables",TWh,2.61,,
Malaysia,MYS,2018-10-01,Country or economy,Asia,Asia,0.0,0.0,0.0,0.0,1.0,Electricity generation,Aggregate fuel,Renewables,TWh,2.61,,
Malaysia,MYS,2018-10-01,Country or economy,Asia,Asia,0.0,0.0,0.0,0.0,1.0,Electricity generation,Aggregate fuel,Wind and Solar,TWh,0.0,,
Malaysia,MYS,2018-10-01,Country or economy,Asia,Asia,0.0,0.0,0.0,0.0,1.0,Electricity generation,Fuel,Bioenergy,%,1.95,,
Malaysia,MYS,2018-10-01,Country or economy,Asia,Asia,0.0,0.0,0.0,0.0,1.0,Electricity generation,Fuel,Coal,%,41.24,,
Malaysia,MYS,2018-10-01,Country or economy,Asia,Asia,0.0,0.0,0.0,0.0,1.0,Electricity generation,Fuel,Gas,%,39.65,,
Malaysia,MYS,2018-10-01,Country or economy,Asia,Asia,0.0,0.0,0.0,0.0,1.0,Electricity generation,Fuel,Hydro,%,16.87,,
Malaysia,MYS,2018-10-01,Country or economy,Asia,Asia,0.0,0.0,0.0,0.0,1.0,Electricity generation,Fuel,Other Fossil,%,0.29,,
Malaysia,MYS,2018-10-01,Country or economy,Asia,Asia,0.0,0.0,0.0,0.0,1.0,Electricity generation,Fuel,Solar,%,0.0,,
Malaysia,MYS,2018-10-01,Country or economy,Asia,Asia,0.0,0.0,0.0,0.0,1.0,Electricity generation,Fuel,Bioenergy,TWh,0.27,,
Malaysia,MYS,2018-10-01,Country or economy,Asia,Asia,0.0,0.0,0.0,0.0,1.0,Electricity generation,Fuel,Coal,TWh,5.72,,
Malaysia,MYS,2018-10-01,Country or economy,Asia,Asia,0.0,0.0,0.0,0.0,1.0,Electricity generation,Fuel,Gas,TWh,5.5,,
Malaysia,MYS,2018-10-01,Country or economy,Asia,Asia,0.0,0.0,0.0,0.0,1.0,Electricity generation,Fuel,Hydro,TWh,2.34,,
Malaysia,MYS,2018-10-01,Country or economy,Asia,Asia,0.0,0.0,0.0,0.0,1.0,Electricity generation,Fuel,Other Fossil,TWh,0.04,,
Malaysia,MYS,2018-10-01,Country or economy,Asia,Asia,0.0,0.0,0.0,0.0,1.0,Electricity generation,Fuel,Solar,TWh,0.0,,
Malaysia,MYS,2018-10-01,Country or economy,Asia,Asia,0.0,0.0,0.0,0.0,1.0,Electricity generation,Total,Total Generation,TWh,13.87,,
Malaysia,MYS,2018-10-01,Country or economy,Asia,Asia,0.0,0.0,0.0,0.0,1.0,Electricity imports,Electricity imports,Net Imports,TWh,0.02,,
Malaysia,MYS,2018-10-01,Country or economy,Asia,Asia,0.0,0.0,0.0,0.0,1.0,Power sector emissions,Aggregate fuel,Clean,mtCO2,0.12,,
Malaysia,MYS,2018-10-01,Country or economy,Asia,Asia,0.0,0.0,0.0,0.0,1.0,Power sector emissions,Aggregate fuel,Fossil,mtCO2,8.89,,
Malaysia,MYS,2018-10-01,Country or economy,Asia,Asia,0.0,0.0,0.0,0.0,1.0,Power sector emissions,Aggregate fuel,Gas and Other Fossil,mtCO2,3.73,,
Malaysia,MYS,2018-10-01,Country or economy,Asia,Asia,0.0,0.0,0.0,0.0,1.0,Power sector emissions,Aggregate fuel,"Hydro, Bioenergy and Other Renewables",mtCO2,0.12,,
Malaysia,MYS,2018-10-01,Country or economy,Asia,Asia,0.0,0.0,0.0,0.0,1.0,Power sector emissions,Aggregate fuel,Renewables,mtCO2,0.12,,
Malaysia,MYS,2018-10-01,Country or economy,Asia,Asia,0.0,0.0,0.0,0.0,1.0,Power sector emissions,Aggregate fuel,Wind and Solar,mtCO2,0.0,,
Malaysia,MYS,2018-10-01,Country or economy,Asia,Asia,0.0,0.0,0.0,0.0,1.0,Power sector emissions,CO2 intensity,CO2 intensity,gCO2/kWh,649.6,,
Malaysia,MYS,2018-10-01,Country or economy,Asia,Asia,0.0,0.0,0.0,0.0,1.0,Power sector emissions,Fuel,Bioenergy,mtCO2,0.06,,
Malaysia,MYS,2018-10-01,Country or economy,Asia,Asia,0.0,0.0,0.0,0.0,1.0,Power sector emissions,Fuel,Coal,mtCO2,5.16,,
Malaysia,MYS,2018-10-01,Country or economy,Asia,Asia,0.0,0.0,0.0,0.0,1.0,Power sector emissions,Fuel,Gas,mtCO2,3.7,,
Malaysia,MYS,2018-10-01,Country or economy,Asia,Asia,0.0,0.0,0.0,0.0,1.0,Power sector emissions,Fuel,Hydro,mtCO2,0.06,,
Malaysia,MYS,2018-10-01,Country or economy,Asia,Asia,0.0,0.0,0.0,0.0,1.0,Power sector emissions,Fuel,Other Fossil,mtCO2,0.03,,
Malaysia,MYS,2018-10-01,Country or economy,Asia,Asia,0.0,0.0,0.0,0.0,1.0,Power sector emissions,Fuel,Solar,mtCO2,0.0,,
Malaysia,MYS,2018-10-01,Country or economy,Asia,Asia,0.0,0.0,0.0,0.0,1.0,Power sector emissions,Total,Total emissions,mtCO2,9.01,,
Malaysia,MYS,2018-11-01,Country or economy,Asia,Asia,0.0,0.0,0.0,0.0,1.0,Electricity demand,Demand,Demand,TWh,13.38,,
Malaysia,MYS,2018-11-01,Country or economy,Asia,Asia,0.0,0.0,0.0,0.0,1.0,Electricity generation,Aggregate fuel,Clean,%,18.24,,
Malaysia,MYS,2018-11-01,Country or economy,Asia,Asia,0.0,0.0,0.0,0.0,1.0,Electricity generation,Aggregate fuel,Fossil,%,81.75,,
Malaysia,MYS,2018-11-01,Country or economy,Asia,Asia,0.0,0.0,0.0,0.0,1.0,Electricity generation,Aggregate fuel,Gas and Other Fossil,%,34.03,,
Malaysia,MYS,2018-11-01,Country or economy,Asia,Asia,0.0,0.0,0.0,0.0,1.0,Electricity generation,Aggregate fuel,"Hydro, Bioenergy and Other Renewables",%,18.17,,
Malaysia,MYS,2018-11-01,Country or economy,Asia,Asia,0.0,0.0,0.0,0.0,1.0,Electricity generation,Aggregate fuel,Renewables,%,18.24,,
Malaysia,MYS,2018-11-01,Country or economy,Asia,Asia,0.0,0.0,0.0,0.0,1.0,Electricity generation,Aggregate fuel,Wind and Solar,%,0.07,,
Malaysia,MYS,2018-11-01,Country or economy,Asia,Asia,0.0,0.0,0.0,0.0,1.0,Electricity generation,Aggregate fuel,Clean,TWh,2.44,,
Malaysia,MYS,2018-11-01,Country or economy,Asia,Asia,0.0,0.0,0.0,0.0,1.0,Electricity generation,Aggregate fuel,Fossil,TWh,10.93,,
Malaysia,MYS,2018-11-01,Country or economy,Asia,Asia,0.0,0.0,0.0,0.0,1.0,Electricity generation,Aggregate fuel,Gas and Other Fossil,TWh,4.55,,
Malaysia,MYS,2018-11-01,Country or economy,Asia,Asia,0.0,0.0,0.0,0.0,1.0,Electricity generation,Aggregate fuel,"Hydro, Bioenergy and Other Renewables",TWh,2.43,,
Malaysia,MYS,2018-11-01,Country or economy,Asia,Asia,0.0,0.0,0.0,0.0,1.0,Electricity generation,Aggregate fuel,Renewables,TWh,2.44,,
Malaysia,MYS,2018-11-01,Country or economy,Asia,Asia,0.0,0.0,0.0,0.0,1.0,Electricity generation,Aggregate fuel,Wind and Solar,TWh,0.01,,
Malaysia,MYS,2018-11-01,Country or economy,Asia,Asia,0.0,0.0,0.0,0.0,1.0,Electricity generation,Fuel,Bioenergy,%,1.94,,
Malaysia,MYS,2018-11-01,Country or economy,Asia,Asia,0.0,0.0,0.0,0.0,1.0,Electricity generation,Fuel,Coal,%,47.72,,
Malaysia,MYS,2018-11-01,Country or economy,Asia,Asia,0.0,0.0,0.0,0.0,1.0,Electricity generation,Fuel,Gas,%,33.73,,
Malaysia,MYS,2018-11-01,Country or economy,Asia,Asia,0.0,0.0,0.0,0.0,1.0,Electricity generation,Fuel,Hydro,%,16.23,,
Malaysia,MYS,2018-11-01,Country or economy,Asia,Asia,0.0,0.0,0.0,0.0,1.0,Electricity generation,Fuel,Other Fossil,%,0.3,,
Malaysia,MYS,2018-11-01,Country or economy,Asia,Asia,0.0,0.0,0.0,0.0,1.0,Electricity generation,Fuel,Solar,%,0.07,,
Malaysia,MYS,2018-11-01,Country or economy,Asia,Asia,0.0,0.0,0.0,0.0,1.0,Electricity generation,Fuel,Bioenergy,TWh,0.26,,
Malaysia,MYS,2018-11-01,Country or economy,Asia,Asia,0.0,0.0,0.0,0.0,1.0,Electricity generation,Fuel,Coal,TWh,6.38,,
Malaysia,MYS,2018-11-01,Country or economy,Asia,Asia,0.0,0.0,0.0,0.0,1.0,Electricity generation,Fuel,Gas,TWh,4.51,,
Malaysia,MYS,2018-11-01,Country or economy,Asia,Asia,0.0,0.0,0.0,0.0,1.0,Electricity generation,Fuel,Hydro,TWh,2.17,,
Malaysia,MYS,2018-11-01,Country or economy,Asia,Asia,0.0,0.0,0.0,0.0,1.0,Electricity generation,Fuel,Other Fossil,TWh,0.04,,
Malaysia,MYS,2018-11-01,Country or economy,Asia,Asia,0.0,0.0,0.0,0.0,1.0,Electricity generation,Fuel,Solar,TWh,0.01,,
Malaysia,MYS,2018-11-01,Country or economy,Asia,Asia,0.0,0.0,0.0,0.0,1.0,Electricity generation,Total,Total Generation,TWh,13.37,,
Malaysia,MYS,2018-11-01,Country or economy,Asia,Asia,0.0,0.0,0.0,0.0,1.0,Electricity imports,Electricity imports,Net Imports,TWh,0.01,,
Malaysia,MYS,2018-11-01,Country or economy,Asia,Asia,0.0,0.0,0.0,0.0,1.0,Power sector emissions,Aggregate fuel,Clean,mtCO2,0.11,,
Malaysia,MYS,2018-11-01,Country or economy,Asia,Asia,0.0,0.0,0.0,0.0,1.0,Power sector emissions,Aggregate fuel,Fossil,mtCO2,8.81,,
Malaysia,MYS,2018-11-01,Country or economy,Asia,Asia,0.0,0.0,0.0,0.0,1.0,Power sector emissions,Aggregate fuel,Gas and Other Fossil,mtCO2,3.06,,
Malaysia,MYS,2018-11-01,Country or economy,Asia,Asia,0.0,0.0,0.0,0.0,1.0,Power sector emissions,Aggregate fuel,"Hydro, Bioenergy and Other Renewables",mtCO2,0.11,,
Malaysia,MYS,2018-11-01,Country or economy,Asia,Asia,0.0,0.0,0.0,0.0,1.0,Power sector emissions,Aggregate fuel,Renewables,mtCO2,0.11,,
Malaysia,MYS,2018-11-01,Country or economy,Asia,Asia,0.0,0.0,0.0,0.0,1.0,Power sector emissions,Aggregate fuel,Wind and Solar,mtCO2,0.0,,
Malaysia,MYS,2018-11-01,Country or economy,Asia,Asia,0.0,0.0,0.0,0.0,1.0,Power sector emissions,CO2 intensity,CO2 intensity,gCO2/kWh,667.17,,
Malaysia,MYS,2018-11-01,Country or economy,Asia,Asia,0.0,0.0,0.0,0.0,1.0,Power sector emissions,Fuel,Bioenergy,mtCO2,0.06,,
Malaysia,MYS,2018-11-01,Country or economy,Asia,Asia,0.0,0.0,0.0,0.0,1.0,Power sector emissions,Fuel,Coal,mtCO2,5.75,,
Malaysia,MYS,2018-11-01,Country or economy,Asia,Asia,0.0,0.0,0.0,0.0,1.0,Power sector emissions,Fuel,Gas,mtCO2,3.03,,
Malaysia,MYS,2018-11-01,Country or economy,Asia,Asia,0.0,0.0,0.0,0.0,1.0,Power sector emissions,Fuel,Hydro,mtCO2,0.05,,
Malaysia,MYS,2018-11-01,Country or economy,Asia,Asia,0.0,0.0,0.0,0.0,1.0,Power sector emissions,Fuel,Other Fossil,mtCO2,0.03,,
Malaysia,MYS,2018-11-01,Country or economy,Asia,Asia,0.0,0.0,0.0,0.0,1.0,Power sector emissions,Fuel,Solar,mtCO2,0.0,,
Malaysia,MYS,2018-11-01,Country or economy,Asia,Asia,0.0,0.0,0.0,0.0,1.0,Power sector emissions,Total,Total emissions,mtCO2,8.92,,
Malaysia,MYS,2018-12-01,Country or economy,Asia,Asia,0.0,0.0,0.0,0.0,1.0,Electricity demand,Demand,Demand,TWh,13.56,,
Malaysia,MYS,2018-12-01,Country or economy,Asia,Asia,0.0,0.0,0.0,0.0,1.0,Electricity generation,Aggregate fuel,Clean,%,18.14,,
Malaysia,MYS,2018-12-01,Country or economy,Asia,Asia,0.0,0.0,0.0,0.0,1.0,Electricity generation,Aggregate fuel,Fossil,%,81.86,,
Malaysia,MYS,2018-12-01,Country or economy,Asia,Asia,0.0,0.0,0.0,0.0,1.0,Electricity generation,Aggregate fuel,Gas and Other Fossil,%,37.24,,
Malaysia,MYS,2018-12-01,Country or economy,Asia,Asia,0.0,0.0,0.0,0.0,1.0,Electricity generation,Aggregate fuel,"Hydro, Bioenergy and Other Renewables",%,17.99,,
Malaysia,MYS,2018-12-01,Country or economy,Asia,Asia,0.0,0.0,0.0,0.0,1.0,Electricity generation,Aggregate fuel,Renewables,%,18.14,,
Malaysia,MYS,2018-12-01,Country or economy,Asia,Asia,0.0,0.0,0.0,0.0,1.0,Electricity generation,Aggregate fuel,Wind and Solar,%,0.15,,
Malaysia,MYS,2018-12-01,Country or economy,Asia,Asia,0.0,0.0,0.0,0.0,1.0,Electricity generation,Aggregate fuel,Clean,TWh,2.46,,
Malaysia,MYS,2018-12-01,Country or economy,Asia,Asia,0.0,0.0,0.0,0.0,1.0,Electricity generation,Aggregate fuel,Fossil,TWh,11.1,,
Malaysia,MYS,2018-12-01,Country or economy,Asia,Asia,0.0,0.0,0.0,0.0,1.0,Electricity generation,Aggregate fuel,Gas and Other Fossil,TWh,5.05,,
Malaysia,MYS,2018-12-01,Country or economy,Asia,Asia,0.0,0.0,0.0,0.0,1.0,Electricity generation,Aggregate fuel,"Hydro, Bioenergy and Other Renewables",TWh,2.44,,
Malaysia,MYS,2018-12-01,Country or economy,Asia,Asia,0.0,0.0,0.0,0.0,1.0,Electricity generation,Aggregate fuel,Renewables,TWh,2.46,,
Malaysia,MYS,2018-12-01,Country or economy,Asia,Asia,0.0,0.0,0.0,0.0,1.0,Electricity generation,Aggregate fuel,Wind and Solar,TWh,0.02,,
Malaysia,MYS,2018-12-01,Country or economy,Asia,Asia,0.0,0.0,0.0,0.0,1.0,Electricity generation,Fuel,Bioenergy,%,1.99,,
Malaysia,MYS,2018-12-01,Country or economy,Asia,Asia,0.0,0.0,0.0,0.0,1.0,Electricity generation,Fuel,Coal,%,44.62,,
Malaysia,MYS,2018-12-01,Country or economy,Asia,Asia,0.0,0.0,0.0,0.0,1.0,Electricity generation,Fuel,Gas,%,36.95,,
Malaysia,MYS,2018-12-01,Country or economy,Asia,Asia,0.0,0.0,0.0,0.0,1.0,Electricity generation,Fuel,Hydro,%,16.0,,
Malaysia,MYS,2018-12-01,Country or economy,Asia,Asia,0.0,0.0,0.0,0.0,1.0,Electricity generation,Fuel,Other Fossil,%,0.29,,
Malaysia,MYS,2018-12-01,Country or economy,Asia,Asia,0.0,0.0,0.0,0.0,1.0,Electricity generation,Fuel,Solar,%,0.15,,
Malaysia,MYS,2018-12-01,Country or economy,Asia,Asia,0.0,0.0,0.0,0.0,1.0,Electricity generation,Fuel,Bioenergy,TWh,0.27,,
Malaysia,MYS,2018-12-01,Country or economy,Asia,Asia,0.0,0.0,0.0,0.0,1.0,Electricity generation,Fuel,Coal,TWh,6.05,,
Malaysia,MYS,2018-12-01,Country or economy,Asia,Asia,0.0,0.0,0.0,0.0,1.0,Electricity generation,Fuel,Gas,TWh,5.01,,
Malaysia,MYS,2018-12-01,Country or economy,Asia,Asia,0.0,0.0,0.0,0.0,1.0,Electricity generation,Fuel,Hydro,TWh,2.17,,
Malaysia,MYS,2018-12-01,Country or economy,Asia,Asia,0.0,0.0,0.0,0.0,1.0,Electricity generation,Fuel,Other Fossil,TWh,0.04,,
Malaysia,MYS,2018-12-01,Country or economy,Asia,Asia,0.0,0.0,0.0,0.0,1.0,Electricity generation,Fuel,Solar,TWh,0.02,,
Malaysia,MYS,2018-12-01,Country or economy,Asia,Asia,0.0,0.0,0.0,0.0,1.0,Electricity generation,Total,Total Generation,TWh,13.56,,
Malaysia,MYS,2018-12-01,Country or economy,Asia,Asia,0.0,0.0,0.0,0.0,1.0,Electricity imports,Electricity imports,Net Imports,TWh,0.0,,
Malaysia,MYS,2018-12-01,Country or economy,Asia,Asia,0.0,0.0,0.0,0.0,1.0,Power sector emissions,Aggregate fuel,Clean,mtCO2,0.11,,
Malaysia,MYS,2018-12-01,Country or economy,Asia,Asia,0.0,0.0,0.0,0.0,1.0,Power sector emissions,Aggregate fuel,Fossil,mtCO2,8.85,,
Malaysia,MYS,2018-12-01,Country or economy,Asia,Asia,0.0,0.0,0.0,0.0,1.0,Power sector emissions,Aggregate fuel,Gas and Other Fossil,mtCO2,3.4,,
Malaysia,MYS,2018-12-01,Country or economy,Asia,Asia,0.0,0.0,0.0,0.0,1.0,Power sector emissions,Aggregate fuel,"Hydro, Bioenergy and Other Renewables",mtCO2,0.11,,
Malaysia,MYS,2018-12-01,Country or economy,Asia,Asia,0.0,0.0,0.0,0.0,1.0,Power sector emissions,Aggregate fuel,Renewables,mtCO2,0.11,,
Malaysia,MYS,2018-12-01,Country or economy,Asia,Asia,0.0,0.0,0.0,0.0,1.0,Power sector emissions,Aggregate fuel,Wind and Solar,mtCO2,0.0,,
Malaysia,MYS,2018-12-01,Country or economy,Asia,Asia,0.0,0.0,0.0,0.0,1.0,Power sector emissions,CO2 intensity,CO2 intensity,gCO2/kWh,660.77,,
Malaysia,MYS,2018-12-01,Country or economy,Asia,Asia,0.0,0.0,0.0,0.0,1.0,Power sector emissions,Fuel,Bioenergy,mtCO2,0.06,,
Malaysia,MYS,2018-12-01,Country or economy,Asia,Asia,0.0,0.0,0.0,0.0,1.0,Power sector emissions,Fuel,Coal,mtCO2,5.45,,
Malaysia,MYS,2018-12-01,Country or economy,Asia,Asia,0.0,0.0,0.0,0.0,1.0,Power sector emissions,Fuel,Gas,mtCO2,3.37,,
Malaysia,MYS,2018-12-01,Country or economy,Asia,Asia,0.0,0.0,0.0,0.0,1.0,Power sector emissions,Fuel,Hydro,mtCO2,0.05,,
Malaysia,MYS,2018-12-01,Country or economy,Asia,Asia,0.0,0.0,0.0,0.0,1.0,Power sector emissions,Fuel,Other Fossil,mtCO2,0.03,,
Malaysia,MYS,2018-12-01,Country or economy,Asia,Asia,0.0,0.0,0.0,0.0,1.0,Power sector emissions,Fuel,Solar,mtCO2,0.0,,
Malaysia,MYS,2018-12-01,Country or economy,Asia,Asia,0.0,0.0,0.0,0.0,1.0,Power sector emissions,Total,Total emissions,mtCO2,8.96,,
Malaysia,MYS,2019-01-01,Country or economy,Asia,Asia,0.0,0.0,0.0,0.0,1.0,Electricity demand,Demand,Demand,TWh,14.0,1.02,7.86
Malaysia,MYS,2019-01-01,Country or economy,Asia,Asia,0.0,0.0,0.0,0.0,1.0,Electricity generation,Aggregate fuel,Clean,%,17.79,,
Malaysia,MYS,2019-01-01,Country or economy,Asia,Asia,0.0,0.0,0.0,0.0,1.0,Electricity generation,Aggregate fuel,Fossil,%,82.2,,
Malaysia,MYS,2019-01-01,Country or economy,Asia,Asia,0.0,0.0,0.0,0.0,1.0,Electricity generation,Aggregate fuel,Gas and Other Fossil,%,39.46,,
Malaysia,MYS,2019-01-01,Country or economy,Asia,Asia,0.0,0.0,0.0,0.0,1.0,Electricity generation,Aggregate fuel,"Hydro, Bioenergy and Other Renewables",%,17.58,,
Malaysia,MYS,2019-01-01,Country or economy,Asia,Asia,0.0,0.0,0.0,0.0,1.0,Electricity generation,Aggregate fuel,Renewables,%,17.79,,
Malaysia,MYS,2019-01-01,Country or economy,Asia,Asia,0.0,0.0,0.0,0.0,1.0,Electricity generation,Aggregate fuel,Wind and Solar,%,0.21,,
Malaysia,MYS,2019-01-01,Country or economy,Asia,Asia,0.0,0.0,0.0,0.0,1.0,Electricity generation,Aggregate fuel,Clean,TWh,2.49,-0.08,-3.11
Malaysia,MYS,2019-01-01,Country or economy,Asia,Asia,0.0,0.0,0.0,0.0,1.0,Electricity generation,Aggregate fuel,Fossil,TWh,11.5,1.09,10.47
Malaysia,MYS,2019-01-01,Country or economy,Asia,Asia,0.0,0.0,0.0,0.0,1.0,Electricity generation,Aggregate fuel,Gas and Other Fossil,TWh,5.52,0.64,13.11
Malaysia,MYS,2019-01-01,Country or economy,Asia,Asia,0.0,0.0,0.0,0.0,1.0,Electricity generation,Aggregate fuel,"Hydro, Bioenergy and Other Renewables",TWh,2.46,-0.11,-4.28
Malaysia,MYS,2019-01-01,Country or economy,Asia,Asia,0.0,0.0,0.0,0.0,1.0,Electricity generation,Aggregate fuel,Renewables,TWh,2.49,-0.08,-3.11
Malaysia,MYS,2019-01-01,Country or economy,Asia,Asia,0.0,0.0,0.0,0.0,1.0,Electricity generation,Aggregate fuel,Wind and Solar,TWh,0.03,0.03,
Malaysia,MYS,2019-01-01,Country or economy,Asia,Asia,0.0,0.0,0.0,0.0,1.0,Electricity generation,Fuel,Bioenergy,%,2.43,,
Malaysia,MYS,2019-01-01,Country or economy,Asia,Asia,0.0,0.0,0.0,0.0,1.0,Electricity generation,Fuel,Coal,%,42.74,,
Malaysia,MYS,2019-01-01,Country or economy,Asia,Asia,0.0,0.0,0.0,0.0,1.0,Electricity generation,Fuel,Gas,%,39.1,,
Malaysia,MYS,2019-01-01,Country or economy,Asia,Asia,0.0,0.0,0.0,0.0,1.0,Electricity generation,Fuel,Hydro,%,15.15,,
Malaysia,MYS,2019-01-01,Country or economy,Asia,Asia,0.0,0.0,0.0,0.0,1.0,Electricity generation,Fuel,Other Fossil,%,0.36,,
Malaysia,MYS,2019-01-01,Country or economy,Asia,Asia,0.0,0.0,0.0,0.0,1.0,Electricity generation,Fuel,Solar,%,0.21,,
Malaysia,MYS,2019-01-01,Country or economy,Asia,Asia,0.0,0.0,0.0,0.0,1.0,Electricity generation,Fuel,Bioenergy,TWh,0.34,0.08,30.77
Malaysia,MYS,2019-01-01,Country or economy,Asia,Asia,0.0,0.0,0.0,0.0,1.0,Electricity generation,Fuel,Coal,TWh,5.98,0.45,8.14
Malaysia,MYS,2019-01-01,Country or economy,Asia,Asia,0.0,0.0,0.0,0.0,1.0,Electricity generation,Fuel,Gas,TWh,5.47,0.63,13.02
Malaysia,MYS,2019-01-01,Country or economy,Asia,Asia,0.0,0.0,0.0,0.0,1.0,Electricity generation,Fuel,Hydro,TWh,2.12,-0.19,-8.23
Malaysia,MYS,2019-01-01,Country or economy,Asia,Asia,0.0,0.0,0.0,0.0,1.0,Electricity generation,Fuel,Other Fossil,TWh,0.05,0.01,25.0
Malaysia,MYS,2019-01-01,Country or economy,Asia,Asia,0.0,0.0,0.0,0.0,1.0,Electricity generation,Fuel,Solar,TWh,0.03,0.03,
Malaysia,MYS,2019-01-01,Country or economy,Asia,Asia,0.0,0.0,0.0,0.0,1.0,Electricity generation,Total,Total Generation,TWh,13.99,1.01,7.78
Malaysia,MYS,2019-01-01,Country or economy,Asia,Asia,0.0,0.0,0.0,0.0,1.0,Electricity imports,Electricity imports,Net Imports,TWh,0.01,0.01,
Malaysia,MYS,2019-01-01,Country or economy,Asia,Asia,0.0,0.0,0.0,0.0,1.0,Power sector emissions,Aggregate fuel,Clean,mtCO2,0.13,0.01,8.33
Malaysia,MYS,2019-01-01,Country or economy,Asia,Asia,0.0,0.0,0.0,0.0,1.0,Power sector emissions,Aggregate fuel,Fossil,mtCO2,9.09,0.83,10.05
Malaysia,MYS,2019-01-01,Country or economy,Asia,Asia,0.0,0.0,0.0,0.0,1.0,Power sector emissions,Aggregate fuel,Gas and Other Fossil,mtCO2,3.72,0.44,13.41
Malaysia,MYS,2019-01-01,Country or economy,Asia,Asia,0.0,0.0,0.0,0.0,1.0,Power sector emissions,Aggregate fuel,"Hydro, Bioenergy and Other Renewables",mtCO2,0.13,0.01,8.33
Malaysia,MYS,2019-01-01,Country or economy,Asia,Asia,0.0,0.0,0.0,0.0,1.0,Power sector emissions,Aggregate fuel,Renewables,mtCO2,0.13,0.01,8.33
Malaysia,MYS,2019-01-01,Country or economy,Asia,Asia,0.0,0.0,0.0,0.0,1.0,Power sector emissions,Aggregate fuel,Wind and Solar,mtCO2,0.0,0.0,
Malaysia,MYS,2019-01-01,Country or economy,Asia,Asia,0.0,0.0,0.0,0.0,1.0,Power sector emissions,CO2 intensity,CO2 intensity,gCO2/kWh,659.04,13.43,2.08
Malaysia,MYS,2019-01-01,Country or economy,Asia,Asia,0.0,0.0,0.0,0.0,1.0,Power sector emissions,Fuel,Bioenergy,mtCO2,0.08,0.02,33.33
Malaysia,MYS,2019-01-01,Country or economy,Asia,Asia,0.0,0.0,0.0,0.0,1.0,Power sector emissions,Fuel,Coal,mtCO2,5.37,0.39,7.83
Malaysia,MYS,2019-01-01,Country or economy,Asia,Asia,0.0,0.0,0.0,0.0,1.0,Power sector emissions,Fuel,Gas,mtCO2,3.68,0.43,13.23
Malaysia,MYS,2019-01-01,Country or economy,Asia,Asia,0.0,0.0,0.0,0.0,1.0,Power sector emissions,Fuel,Hydro,mtCO2,0.05,-0.01,-16.67
Malaysia,MYS,2019-01-01,Country or economy,Asia,Asia,0.0,0.0,0.0,0.0,1.0,Power sector emissions,Fuel,Other Fossil,mtCO2,0.04,0.01,33.33
Malaysia,MYS,2019-01-01,Country or economy,Asia,Asia,0.0,0.0,0.0,0.0,1.0,Power sector emissions,Fuel,Solar,mtCO2,0.0,0.0,
Malaysia,MYS,2019-01-01,Country or economy,Asia,Asia,0.0,0.0,0.0,0.0,1.0,Power sector emissions,Total,Total emissions,mtCO2,9.22,0.84,10.02
Malaysia,MYS,2019-02-01,Country or economy,Asia,Asia,0.0,0.0,0.0,0.0,1.0,Electricity demand,Demand,Demand,TWh,12.32,0.38,3.18
Malaysia,MYS,2019-02-01,Country or economy,Asia,Asia,0.0,0.0,0.0,0.0,1.0,Electricity generation,Aggregate fuel,Clean,%,18.03,,
Malaysia,MYS,2019-02-01,Country or economy,Asia,Asia,0.0,0.0,0.0,0.0,1.0,Electricity generation,Aggregate fuel,Fossil,%,81.97,,
Malaysia,MYS,2019-02-01,Country or economy,Asia,Asia,0.0,0.0,0.0,0.0,1.0,Electricity generation,Aggregate fuel,Gas and Other Fossil,%,38.35,,
Malaysia,MYS,2019-02-01,Country or economy,Asia,Asia,0.0,0.0,0.0,0.0,1.0,Electricity generation,Aggregate fuel,"Hydro, Bioenergy and Other Renewables",%,17.71,,
Malaysia,MYS,2019-02-01,Country or economy,Asia,Asia,0.0,0.0,0.0,0.0,1.0,Electricity generation,Aggregate fuel,Renewables,%,18.03,,
Malaysia,MYS,2019-02-01,Country or economy,Asia,Asia,0.0,0.0,0.0,0.0,1.0,Electricity generation,Aggregate fuel,Wind and Solar,%,0.32,,
Malaysia,MYS,2019-02-01,Country or economy,Asia,Asia,0.0,0.0,0.0,0.0,1.0,Electricity generation,Aggregate fuel,Clean,TWh,2.22,-0.1,-4.31
Malaysia,MYS,2019-02-01,Country or economy,Asia,Asia,0.0,0.0,0.0,0.0,1.0,Electricity generation,Aggregate fuel,Fossil,TWh,10.09,0.48,4.99
Malaysia,MYS,2019-02-01,Country or economy,Asia,Asia,0.0,0.0,0.0,0.0,1.0,Electricity generation,Aggregate fuel,Gas and Other Fossil,TWh,4.72,0.01,0.21
Malaysia,MYS,2019-02-01,Country or economy,Asia,Asia,0.0,0.0,0.0,0.0,1.0,Electricity generation,Aggregate fuel,"Hydro, Bioenergy and Other Renewables",TWh,2.18,-0.14,-6.03
Malaysia,MYS,2019-02-01,Country or economy,Asia,Asia,0.0,0.0,0.0,0.0,1.0,Electricity generation,Aggregate fuel,Renewables,TWh,2.22,-0.1,-4.31
Malaysia,MYS,2019-02-01,Country or economy,Asia,Asia,0.0,0.0,0.0,0.0,1.0,Electricity generation,Aggregate fuel,Wind and Solar,TWh,0.04,0.04,
Malaysia,MYS,2019-02-01,Country or economy,Asia,Asia,0.0,0.0,0.0,0.0,1.0,Electricity generation,Fuel,Bioenergy,%,2.52,,
Malaysia,MYS,2019-02-01,Country or economy,Asia,Asia,0.0,0.0,0.0,0.0,1.0,Electricity generation,Fuel,Coal,%,43.62,,
Malaysia,MYS,2019-02-01,Country or economy,Asia,Asia,0.0,0.0,0.0,0.0,1.0,Electricity generation,Fuel,Gas,%,37.94,,
Malaysia,MYS,2019-02-01,Country or economy,Asia,Asia,0.0,0.0,0.0,0.0,1.0,Electricity generation,Fuel,Hydro,%,15.19,,
Malaysia,MYS,2019-02-01,Country or economy,Asia,Asia,0.0,0.0,0.0,0.0,1.0,Electricity generation,Fuel,Other Fossil,%,0.41,,
Malaysia,MYS,2019-02-01,Country or economy,Asia,Asia,0.0,0.0,0.0,0.0,1.0,Electricity generation,Fuel,Solar,%,0.32,,
Malaysia,MYS,2019-02-01,Country or economy,Asia,Asia,0.0,0.0,0.0,0.0,1.0,Electricity generation,Fuel,Bioenergy,TWh,0.31,0.08,34.78
Malaysia,MYS,2019-02-01,Country or economy,Asia,Asia,0.0,0.0,0.0,0.0,1.0,Electricity generation,Fuel,Coal,TWh,5.37,0.47,9.59
Malaysia,MYS,2019-02-01,Country or economy,Asia,Asia,0.0,0.0,0.0,0.0,1.0,Electricity generation,Fuel,Gas,TWh,4.67,0.01,0.21
Malaysia,MYS,2019-02-01,Country or economy,Asia,Asia,0.0,0.0,0.0,0.0,1.0,Electricity generation,Fuel,Hydro,TWh,1.87,-0.22,-10.53
Malaysia,MYS,2019-02-01,Country or economy,Asia,Asia,0.0,0.0,0.0,0.0,1.0,Electricity generation,Fuel,Other Fossil,TWh,0.05,0.0,0.0
Malaysia,MYS,2019-02-01,Country or economy,Asia,Asia,0.0,0.0,0.0,0.0,1.0,Electricity generation,Fuel,Solar,TWh,0.04,0.04,
Malaysia,MYS,2019-02-01,Country or economy,Asia,Asia,0.0,0.0,0.0,0.0,1.0,Electricity generation,Total,Total Generation,TWh,12.31,0.38,3.19
Malaysia,MYS,2019-02-01,Country or economy,Asia,Asia,0.0,0.0,0.0,0.0,1.0,Electricity imports,Electricity imports,Net Imports,TWh,0.01,0.0,0.0
Malaysia,MYS,2019-02-01,Country or economy,Asia,Asia,0.0,0.0,0.0,0.0,1.0,Power sector emissions,Aggregate fuel,Clean,mtCO2,0.11,0.01,10.0
Malaysia,MYS,2019-02-01,Country or economy,Asia,Asia,0.0,0.0,0.0,0.0,1.0,Power sector emissions,Aggregate fuel,Fossil,mtCO2,8.0,0.41,5.4
Malaysia,MYS,2019-02-01,Country or economy,Asia,Asia,0.0,0.0,0.0,0.0,1.0,Power sector emissions,Aggregate fuel,Gas and Other Fossil,mtCO2,3.18,0.01,0.32
Malaysia,MYS,2019-02-01,Country or economy,Asia,Asia,0.0,0.0,0.0,0.0,1.0,Power sector emissions,Aggregate fuel,"Hydro, Bioenergy and Other Renewables",mtCO2,0.11,0.01,10.0
Malaysia,MYS,2019-02-01,Country or economy,Asia,Asia,0.0,0.0,0.0,0.0,1.0,Power sector emissions,Aggregate fuel,Renewables,mtCO2,0.11,0.01,10.0
Malaysia,MYS,2019-02-01,Country or economy,Asia,Asia,0.0,0.0,0.0,0.0,1.0,Power sector emissions,Aggregate fuel,Wind and Solar,mtCO2,0.0,0.0,
Malaysia,MYS,2019-02-01,Country or economy,Asia,Asia,0.0,0.0,0.0,0.0,1.0,Power sector emissions,CO2 intensity,CO2 intensity,gCO2/kWh,658.81,14.22,2.21
Malaysia,MYS,2019-02-01,Country or economy,Asia,Asia,0.0,0.0,0.0,0.0,1.0,Power sector emissions,Fuel,Bioenergy,mtCO2,0.07,0.02,40.0
Malaysia,MYS,2019-02-01,Country or economy,Asia,Asia,0.0,0.0,0.0,0.0,1.0,Power sector emissions,Fuel,Coal,mtCO2,4.82,0.4,9.05
Malaysia,MYS,2019-02-01,Country or economy,Asia,Asia,0.0,0.0,0.0,0.0,1.0,Power sector emissions,Fuel,Gas,mtCO2,3.14,0.01,0.32
Malaysia,MYS,2019-02-01,Country or economy,Asia,Asia,0.0,0.0,0.0,0.0,1.0,Power sector emissions,Fuel,Hydro,mtCO2,0.04,-0.01,-20.0
Malaysia,MYS,2019-02-01,Country or economy,Asia,Asia,0.0,0.0,0.0,0.0,1.0,Power sector emissions,Fuel,Other Fossil,mtCO2,0.04,0.0,0.0
Malaysia,MYS,2019-02-01,Country or economy,Asia,Asia,0.0,0.0,0.0,0.0,1.0,Power sector emissions,Fuel,Solar,mtCO2,0.0,0.0,
Malaysia,MYS,2019-02-01,Country or economy,Asia,Asia,0.0,0.0,0.0,0.0,1.0,Power sector emissions,Total,Total emissions,mtCO2,8.11,0.42,5.46
Malaysia,MYS,2019-03-01,Country or economy,Asia,Asia,0.0,0.0,0.0,0.0,1.0,Electricity demand,Demand,Demand,TWh,14.45,0.68,4.94
Malaysia,MYS,2019-03-01,Country or economy,Asia,Asia,0.0,0.0,0.0,0.0,1.0,Electricity generation,Aggregate fuel,Clean,%,18.01,,
Malaysia,MYS,2019-03-01,Country or economy,Asia,Asia,0.0,0.0,0.0,0.0,1.0,Electricity generation,Aggregate fuel,Fossil,%,81.99,,
Malaysia,MYS,2019-03-01,Country or economy,Asia,Asia,0.0,0.0,0.0,0.0,1.0,Electricity generation,Aggregate fuel,Gas and Other Fossil,%,38.64,,
Malaysia,MYS,2019-03-01,Country or economy,Asia,Asia,0.0,0.0,0.0,0.0,1.0,Electricity generation,Aggregate fuel,"Hydro, Bioenergy and Other Renewables",%,17.66,,
Malaysia,MYS,2019-03-01,Country or economy,Asia,Asia,0.0,0.0,0.0,0.0,1.0,Electricity generation,Aggregate fuel,Renewables,%,18.01,,
Malaysia,MYS,2019-03-01,Country or economy,Asia,Asia,0.0,0.0,0.0,0.0,1.0,Electricity generation,Aggregate fuel,Wind and Solar,%,0.35,,
Malaysia,MYS,2019-03-01,Country or economy,Asia,Asia,0.0,0.0,0.0,0.0,1.0,Electricity generation,Aggregate fuel,Clean,TWh,2.6,0.14,5.69
Malaysia,MYS,2019-03-01,Country or economy,Asia,Asia,0.0,0.0,0.0,0.0,1.0,Electricity generation,Aggregate fuel,Fossil,TWh,11.84,0.53,4.69
Malaysia,MYS,2019-03-01,Country or economy,Asia,Asia,0.0,0.0,0.0,0.0,1.0,Electricity generation,Aggregate fuel,Gas and Other Fossil,TWh,5.58,0.07,1.27
Malaysia,MYS,2019-03-01,Country or economy,Asia,Asia,0.0,0.0,0.0,0.0,1.0,Electricity generation,Aggregate fuel,"Hydro, Bioenergy and Other Renewables",TWh,2.55,0.09,3.66
Malaysia,MYS,2019-03-01,Country or economy,Asia,Asia,0.0,0.0,0.0,0.0,1.0,Electricity generation,Aggregate fuel,Renewables,TWh,2.6,0.14,5.69
Malaysia,MYS,2019-03-01,Country or economy,Asia,Asia,0.0,0.0,0.0,0.0,1.0,Electricity generation,Aggregate fuel,Wind and Solar,TWh,0.05,0.05,
Malaysia,MYS,2019-03-01,Country or economy,Asia,Asia,0.0,0.0,0.0,0.0,1.0,Electricity generation,Fuel,Bioenergy,%,2.42,,
Malaysia,MYS,2019-03-01,Country or economy,Asia,Asia,0.0,0.0,0.0,0.0,1.0,Electricity generation,Fuel,Coal,%,43.35,,
Malaysia,MYS,2019-03-01,Country or economy,Asia,Asia,0.0,0.0,0.0,0.0,1.0,Electricity generation,Fuel,Gas,%,38.09,,
Malaysia,MYS,2019-03-01,Country or economy,Asia,Asia,0.0,0.0,0.0,0.0,1.0,Electricity generation,Fuel,Hydro,%,15.24,,
Malaysia,MYS,2019-03-01,Country or economy,Asia,Asia,0.0,0.0,0.0,0.0,1.0,Electricity generation,Fuel,Other Fossil,%,0.55,,
Malaysia,MYS,2019-03-01,Country or economy,Asia,Asia,0.0,0.0,0.0,0.0,1.0,Electricity generation,Fuel,Solar,%,0.35,,
Malaysia,MYS,2019-03-01,Country or economy,Asia,Asia,0.0,0.0,0.0,0.0,1.0,Electricity generation,Fuel,Bioenergy,TWh,0.35,0.09,34.62
Malaysia,MYS,2019-03-01,Country or economy,Asia,Asia,0.0,0.0,0.0,0.0,1.0,Electricity generation,Fuel,Coal,TWh,6.26,0.46,7.93
Malaysia,MYS,2019-03-01,Country or economy,Asia,Asia,0.0,0.0,0.0,0.0,1.0,Electricity generation,Fuel,Gas,TWh,5.5,0.03,0.55
Malaysia,MYS,2019-03-01,Country or economy,Asia,Asia,0.0,0.0,0.0,0.0,1.0,Electricity generation,Fuel,Hydro,TWh,2.2,0.0,0.0
Malaysia,MYS,2019-03-01,Country or economy,Asia,Asia,0.0,0.0,0.0,0.0,1.0,Electricity generation,Fuel,Other Fossil,TWh,0.08,0.04,100.0
Malaysia,MYS,2019-03-01,Country or economy,Asia,Asia,0.0,0.0,0.0,0.0,1.0,Electricity generation,Fuel,Solar,TWh,0.05,0.05,
Malaysia,MYS,2019-03-01,Country or economy,Asia,Asia,0.0,0.0,0.0,0.0,1.0,Electricity generation,Total,Total Generation,TWh,14.44,0.67,4.87
Malaysia,MYS,2019-03-01,Country or economy,Asia,Asia,0.0,0.0,0.0,0.0,1.0,Electricity imports,Electricity imports,Net Imports,TWh,0.01,0.01,
Malaysia,MYS,2019-03-01,Country or economy,Asia,Asia,0.0,0.0,0.0,0.0,1.0,Power sector emissions,Aggregate fuel,Clean,mtCO2,0.13,0.02,18.18
Malaysia,MYS,2019-03-01,Country or economy,Asia,Asia,0.0,0.0,0.0,0.0,1.0,Power sector emissions,Aggregate fuel,Fossil,mtCO2,9.38,0.44,4.92
Malaysia,MYS,2019-03-01,Country or economy,Asia,Asia,0.0,0.0,0.0,0.0,1.0,Power sector emissions,Aggregate fuel,Gas and Other Fossil,mtCO2,3.76,0.05,1.35
Malaysia,MYS,2019-03-01,Country or economy,Asia,Asia,0.0,0.0,0.0,0.0,1.0,Power sector emissions,Aggregate fuel,"Hydro, Bioenergy and Other Renewables",mtCO2,0.13,0.02,18.18
Malaysia,MYS,2019-03-01,Country or economy,Asia,Asia,0.0,0.0,0.0,0.0,1.0,Power sector emissions,Aggregate fuel,Renewables,mtCO2,0.13,0.02,18.18
Malaysia,MYS,2019-03-01,Country or economy,Asia,Asia,0.0,0.0,0.0,0.0,1.0,Power sector emissions,Aggregate fuel,Wind and Solar,mtCO2,0.0,0.0,
Malaysia,MYS,2019-03-01,Country or economy,Asia,Asia,0.0,0.0,0.0,0.0,1.0,Power sector emissions,CO2 intensity,CO2 intensity,gCO2/kWh,658.59,1.36,0.21
Malaysia,MYS,2019-03-01,Country or economy,Asia,Asia,0.0,0.0,0.0,0.0,1.0,Power sector emissions,Fuel,Bioenergy,mtCO2,0.08,0.02,33.33
Malaysia,MYS,2019-03-01,Country or economy,Asia,Asia,0.0,0.0,0.0,0.0,1.0,Power sector emissions,Fuel,Coal,mtCO2,5.62,0.39,7.46
Malaysia,MYS,2019-03-01,Country or economy,Asia,Asia,0.0,0.0,0.0,0.0,1.0,Power sector emissions,Fuel,Gas,mtCO2,3.7,0.02,0.54
Malaysia,MYS,2019-03-01,Country or economy,Asia,Asia,0.0,0.0,0.0,0.0,1.0,Power sector emissions,Fuel,Hydro,mtCO2,0.05,0.0,0.0
Malaysia,MYS,2019-03-01,Country or economy,Asia,Asia,0.0,0.0,0.0,0.0,1.0,Power sector emissions,Fuel,Other Fossil,mtCO2,0.06,0.03,100.0
Malaysia,MYS,2019-03-01,Country or economy,Asia,Asia,0.0,0.0,0.0,0.0,1.0,Power sector emissions,Fuel,Solar,mtCO2,0.0,0.0,
Malaysia,MYS,2019-03-01,Country or economy,Asia,Asia,0.0,0.0,0.0,0.0,1.0,Power sector emissions,Total,Total emissions,mtCO2,9.51,0.46,5.08
Malaysia,MYS,2019-04-01,Country or economy,Asia,Asia,0.0,0.0,0.0,0.0,1.0,Electricity demand,Demand,Demand,TWh,14.23,0.82,6.11
Malaysia,MYS,2019-04-01,Country or economy,Asia,Asia,0.0,0.0,0.0,0.0,1.0,Electricity generation,Aggregate fuel,Clean,%,17.08,,
Malaysia,MYS,2019-04-01,Country or economy,Asia,Asia,0.0,0.0,0.0,0.0,1.0,Electricity generation,Aggregate fuel,Fossil,%,82.92,,
Malaysia,MYS,2019-04-01,Country or economy,Asia,Asia,0.0,0.0,0.0,0.0,1.0,Electricity generation,Aggregate fuel,Gas and Other Fossil,%,41.04,,
Malaysia,MYS,2019-04-01,Country or economy,Asia,Asia,0.0,0.0,0.0,0.0,1.0,Electricity generation,Aggregate fuel,"Hydro, Bioenergy and Other Renewables",%,16.8,,
Malaysia,MYS,2019-04-01,Country or economy,Asia,Asia,0.0,0.0,0.0,0.0,1.0,Electricity generation,Aggregate fuel,Renewables,%,17.08,,
Malaysia,MYS,2019-04-01,Country or economy,Asia,Asia,0.0,0.0,0.0,0.0,1.0,Electricity generation,Aggregate fuel,Wind and Solar,%,0.28,,
Malaysia,MYS,2019-04-01,Country or economy,Asia,Asia,0.0,0.0,0.0,0.0,1.0,Electricity generation,Aggregate fuel,Clean,TWh,2.43,0.15,6.58
Malaysia,MYS,2019-04-01,Country or economy,Asia,Asia,0.0,0.0,0.0,0.0,1.0,Electricity generation,Aggregate fuel,Fossil,TWh,11.8,0.68,6.12
Malaysia,MYS,2019-04-01,Country or economy,Asia,Asia,0.0,0.0,0.0,0.0,1.0,Electricity generation,Aggregate fuel,Gas and Other Fossil,TWh,5.84,0.54,10.19
Malaysia,MYS,2019-04-01,Country or economy,Asia,Asia,0.0,0.0,0.0,0.0,1.0,Electricity generation,Aggregate fuel,"Hydro, Bioenergy and Other Renewables",TWh,2.39,0.11,4.82
Malaysia,MYS,2019-04-01,Country or economy,Asia,Asia,0.0,0.0,0.0,0.0,1.0,Electricity generation,Aggregate fuel,Renewables,TWh,2.43,0.15,6.58
Malaysia,MYS,2019-04-01,Country or economy,Asia,Asia,0.0,0.0,0.0,0.0,1.0,Electricity generation,Aggregate fuel,Wind and Solar,TWh,0.04,0.04,
Malaysia,MYS,2019-04-01,Country or economy,Asia,Asia,0.0,0.0,0.0,0.0,1.0,Electricity generation,Fuel,Bioenergy,%,2.46,,
Malaysia,MYS,2019-04-01,Country or economy,Asia,Asia,0.0,0.0,0.0,0.0,1.0,Electricity generation,Fuel,Coal,%,41.88,,
Malaysia,MYS,2019-04-01,Country or economy,Asia,Asia,0.0,0.0,0.0,0.0,1.0,Electricity generation,Fuel,Gas,%,40.69,,
Malaysia,MYS,2019-04-01,Country or economy,Asia,Asia,0.0,0.0,0.0,0.0,1.0,Electricity generation,Fuel,Hydro,%,14.34,,
Malaysia,MYS,2019-04-01,Country or economy,Asia,Asia,0.0,0.0,0.0,0.0,1.0,Electricity generation,Fuel,Other Fossil,%,0.35,,
Malaysia,MYS,2019-04-01,Country or economy,Asia,Asia,0.0,0.0,0.0,0.0,1.0,Electricity generation,Fuel,Solar,%,0.28,,
Malaysia,MYS,2019-04-01,Country or economy,Asia,Asia,0.0,0.0,0.0,0.0,1.0,Electricity generation,Fuel,Bioenergy,TWh,0.35,0.11,45.83
Malaysia,MYS,2019-04-01,Country or economy,Asia,Asia,0.0,0.0,0.0,0.0,1.0,Electricity generation,Fuel,Coal,TWh,5.96,0.14,2.41
Malaysia,MYS,2019-04-01,Country or economy,Asia,Asia,0.0,0.0,0.0,0.0,1.0,Electricity generation,Fuel,Gas,TWh,5.79,0.56,10.71
Malaysia,MYS,2019-04-01,Country or economy,Asia,Asia,0.0,0.0,0.0,0.0,1.0,Electricity generation,Fuel,Hydro,TWh,2.04,0.0,0.0
Malaysia,MYS,2019-04-01,Country or economy,Asia,Asia,0.0,0.0,0.0,0.0,1.0,Electricity generation,Fuel,Other Fossil,TWh,0.05,-0.02,-28.57
Malaysia,MYS,2019-04-01,Country or economy,Asia,Asia,0.0,0.0,0.0,0.0,1.0,Electricity generation,Fuel,Solar,TWh,0.04,0.04,
Malaysia,MYS,2019-04-01,Country or economy,Asia,Asia,0.0,0.0,0.0,0.0,1.0,Electricity generation,Total,Total Generation,TWh,14.23,0.83,6.19
Malaysia,MYS,2019-04-01,Country or economy,Asia,Asia,0.0,0.0,0.0,0.0,1.0,Electricity imports,Electricity imports,Net Imports,TWh,0.0,-0.01,-100.0
Malaysia,MYS,2019-04-01,Country or economy,Asia,Asia,0.0,0.0,0.0,0.0,1.0,Power sector emissions,Aggregate fuel,Clean,mtCO2,0.13,0.02,18.18
Malaysia,MYS,2019-04-01,Country or economy,Asia,Asia,0.0,0.0,0.0,0.0,1.0,Power sector emissions,Aggregate fuel,Fossil,mtCO2,9.28,0.46,5.22
Malaysia,MYS,2019-04-01,Country or economy,Asia,Asia,0.0,0.0,0.0,0.0,1.0,Power sector emissions,Aggregate fuel,Gas and Other Fossil,mtCO2,3.93,0.36,10.08
Malaysia,MYS,2019-04-01,Country or economy,Asia,Asia,0.0,0.0,0.0,0.0,1.0,Power sector emissions,Aggregate fuel,"Hydro, Bioenergy and Other Renewables",mtCO2,0.13,0.02,18.18
Malaysia,MYS,2019-04-01,Country or economy,Asia,Asia,0.0,0.0,0.0,0.0,1.0,Power sector emissions,Aggregate fuel,Renewables,mtCO2,0.13,0.02,18.18
Malaysia,MYS,2019-04-01,Country or economy,Asia,Asia,0.0,0.0,0.0,0.0,1.0,Power sector emissions,Aggregate fuel,Wind and Solar,mtCO2,0.0,0.0,
Malaysia,MYS,2019-04-01,Country or economy,Asia,Asia,0.0,0.0,0.0,0.0,1.0,Power sector emissions,CO2 intensity,CO2 intensity,gCO2/kWh,661.28,-5.14,-0.77
Malaysia,MYS,2019-04-01,Country or economy,Asia,Asia,0.0,0.0,0.0,0.0,1.0,Power sector emissions,Fuel,Bioenergy,mtCO2,0.08,0.02,33.33
Malaysia,MYS,2019-04-01,Country or economy,Asia,Asia,0.0,0.0,0.0,0.0,1.0,Power sector emissions,Fuel,Coal,mtCO2,5.35,0.1,1.9
Malaysia,MYS,2019-04-01,Country or economy,Asia,Asia,0.0,0.0,0.0,0.0,1.0,Power sector emissions,Fuel,Gas,mtCO2,3.89,0.37,10.51
Malaysia,MYS,2019-04-01,Country or economy,Asia,Asia,0.0,0.0,0.0,0.0,1.0,Power sector emissions,Fuel,Hydro,mtCO2,0.05,0.0,0.0
Malaysia,MYS,2019-04-01,Country or economy,Asia,Asia,0.0,0.0,0.0,0.0,1.0,Power sector emissions,Fuel,Other Fossil,mtCO2,0.04,-0.01,-20.0
Malaysia,MYS,2019-04-01,Country or economy,Asia,Asia,0.0,0.0,0.0,0.0,1.0,Power sector emissions,Fuel,Solar,mtCO2,0.0,0.0,
Malaysia,MYS,2019-04-01,Country or economy,Asia,Asia,0.0,0.0,0.0,0.0,1.0,Power sector emissions,Total,Total emissions,mtCO2,9.41,0.48,5.38
Malaysia,MYS,2019-05-01,Country or economy,Asia,Asia,0.0,0.0,0.0,0.0,1.0,Electricity demand,Demand,Demand,TWh,14.52,0.74,5.37
Malaysia,MYS,2019-05-01,Country or economy,Asia,Asia,0.0,0.0,0.0,0.0,1.0,Electricity generation,Aggregate fuel,Clean,%,17.56,,
Malaysia,MYS,2019-05-01,Country or economy,Asia,Asia,0.0,0.0,0.0,0.0,1.0,Electricity generation,Aggregate fuel,Fossil,%,82.43,,
Malaysia,MYS,2019-05-01,Country or economy,Asia,Asia,0.0,0.0,0.0,0.0,1.0,Electricity generation,Aggregate fuel,Gas and Other Fossil,%,37.32,,
Malaysia,MYS,2019-05-01,Country or economy,Asia,Asia,0.0,0.0,0.0,0.0,1.0,Electricity generation,Aggregate fuel,"Hydro, Bioenergy and Other Renewables",%,17.22,,
Malaysia,MYS,2019-05-01,Country or economy,Asia,Asia,0.0,0.0,0.0,0.0,1.0,Electricity generation,Aggregate fuel,Renewables,%,17.56,,
Malaysia,MYS,2019-05-01,Country or economy,Asia,Asia,0.0,0.0,0.0,0.0,1.0,Electricity generation,Aggregate fuel,Wind and Solar,%,0.34,,
Malaysia,MYS,2019-05-01,Country or economy,Asia,Asia,0.0,0.0,0.0,0.0,1.0,Electricity generation,Aggregate fuel,Clean,TWh,2.55,0.2,8.51
Malaysia,MYS,2019-05-01,Country or economy,Asia,Asia,0.0,0.0,0.0,0.0,1.0,Electricity generation,Aggregate fuel,Fossil,TWh,11.97,0.54,4.72
Malaysia,MYS,2019-05-01,Country or economy,Asia,Asia,0.0,0.0,0.0,0.0,1.0,Electricity generation,Aggregate fuel,Gas and Other Fossil,TWh,5.42,0.5,10.16
Malaysia,MYS,2019-05-01,Country or economy,Asia,Asia,0.0,0.0,0.0,0.0,1.0,Electricity generation,Aggregate fuel,"Hydro, Bioenergy and Other Renewables",TWh,2.5,0.15,6.38
Malaysia,MYS,2019-05-01,Country or economy,Asia,Asia,0.0,0.0,0.0,0.0,1.0,Electricity generation,Aggregate fuel,Renewables,TWh,2.55,0.2,8.51
Malaysia,MYS,2019-05-01,Country or economy,Asia,Asia,0.0,0.0,0.0,0.0,1.0,Electricity generation,Aggregate fuel,Wind and Solar,TWh,0.05,0.05,
Malaysia,MYS,2019-05-01,Country or economy,Asia,Asia,0.0,0.0,0.0,0.0,1.0,Electricity generation,Fuel,Bioenergy,%,2.48,,
Malaysia,MYS,2019-05-01,Country or economy,Asia,Asia,0.0,0.0,0.0,0.0,1.0,Electricity generation,Fuel,Coal,%,45.11,,
Malaysia,MYS,2019-05-01,Country or economy,Asia,Asia,0.0,0.0,0.0,0.0,1.0,Electricity generation,Fuel,Gas,%,36.98,,
Malaysia,MYS,2019-05-01,Country or economy,Asia,Asia,0.0,0.0,0.0,0.0,1.0,Electricity generation,Fuel,Hydro,%,14.74,,
Malaysia,MYS,2019-05-01,Country or economy,Asia,Asia,0.0,0.0,0.0,0.0,1.0,Electricity generation,Fuel,Other Fossil,%,0.34,,
Malaysia,MYS,2019-05-01,Country or economy,Asia,Asia,0.0,0.0,0.0,0.0,1.0,Electricity generation,Fuel,Solar,%,0.34,,
Malaysia,MYS,2019-05-01,Country or economy,Asia,Asia,0.0,0.0,0.0,0.0,1.0,Electricity generation,Fuel,Bioenergy,TWh,0.36,0.1,38.46
Malaysia,MYS,2019-05-01,Country or economy,Asia,Asia,0.0,0.0,0.0,0.0,1.0,Electricity generation,Fuel,Coal,TWh,6.55,0.04,0.61
Malaysia,MYS,2019-05-01,Country or economy,Asia,Asia,0.0,0.0,0.0,0.0,1.0,Electricity generation,Fuel,Gas,TWh,5.37,0.49,10.04
Malaysia,MYS,2019-05-01,Country or economy,Asia,Asia,0.0,0.0,0.0,0.0,1.0,Electricity generation,Fuel,Hydro,TWh,2.14,0.05,2.39
Malaysia,MYS,2019-05-01,Country or economy,Asia,Asia,0.0,0.0,0.0,0.0,1.0,Electricity generation,Fuel,Other Fossil,TWh,0.05,0.01,25.0
Malaysia,MYS,2019-05-01,Country or economy,Asia,Asia,0.0,0.0,0.0,0.0,1.0,Electricity generation,Fuel,Solar,TWh,0.05,0.05,
Malaysia,MYS,2019-05-01,Country or economy,Asia,Asia,0.0,0.0,0.0,0.0,1.0,Electricity generation,Total,Total Generation,TWh,14.52,0.74,5.37
Malaysia,MYS,2019-05-01,Country or economy,Asia,Asia,0.0,0.0,0.0,0.0,1.0,Electricity imports,Electricity imports,Net Imports,TWh,0.0,0.0,
Malaysia,MYS,2019-05-01,Country or economy,Asia,Asia,0.0,0.0,0.0,0.0,1.0,Power sector emissions,Aggregate fuel,Clean,mtCO2,0.13,0.02,18.18
Malaysia,MYS,2019-05-01,Country or economy,Asia,Asia,0.0,0.0,0.0,0.0,1.0,Power sector emissions,Aggregate fuel,Fossil,mtCO2,9.53,0.35,3.81
Malaysia,MYS,2019-05-01,Country or economy,Asia,Asia,0.0,0.0,0.0,0.0,1.0,Power sector emissions,Aggregate fuel,Gas and Other Fossil,mtCO2,3.65,0.34,10.27
Malaysia,MYS,2019-05-01,Country or economy,Asia,Asia,0.0,0.0,0.0,0.0,1.0,Power sector emissions,Aggregate fuel,"Hydro, Bioenergy and Other Renewables",mtCO2,0.13,0.02,18.18
Malaysia,MYS,2019-05-01,Country or economy,Asia,Asia,0.0,0.0,0.0,0.0,1.0,Power sector emissions,Aggregate fuel,Renewables,mtCO2,0.13,0.02,18.18
Malaysia,MYS,2019-05-01,Country or economy,Asia,Asia,0.0,0.0,0.0,0.0,1.0,Power sector emissions,Aggregate fuel,Wind and Solar,mtCO2,0.0,0.0,
Malaysia,MYS,2019-05-01,Country or economy,Asia,Asia,0.0,0.0,0.0,0.0,1.0,Power sector emissions,CO2 intensity,CO2 intensity,gCO2/kWh,665.29,-8.88,-1.32
Malaysia,MYS,2019-05-01,Country or economy,Asia,Asia,0.0,0.0,0.0,0.0,1.0,Power sector emissions,Fuel,Bioenergy,mtCO2,0.08,0.02,33.33
Malaysia,MYS,2019-05-01,Country or economy,Asia,Asia,0.0,0.0,0.0,0.0,1.0,Power sector emissions,Fuel,Coal,mtCO2,5.88,0.01,0.17
Malaysia,MYS,2019-05-01,Country or economy,Asia,Asia,0.0,0.0,0.0,0.0,1.0,Power sector emissions,Fuel,Gas,mtCO2,3.61,0.33,10.06
Malaysia,MYS,2019-05-01,Country or economy,Asia,Asia,0.0,0.0,0.0,0.0,1.0,Power sector emissions,Fuel,Hydro,mtCO2,0.05,0.0,0.0
Malaysia,MYS,2019-05-01,Country or economy,Asia,Asia,0.0,0.0,0.0,0.0,1.0,Power sector emissions,Fuel,Other Fossil,mtCO2,0.04,0.01,33.33
Malaysia,MYS,2019-05-01,Country or economy,Asia,Asia,0.0,0.0,0.0,0.0,1.0,Power sector emissions,Fuel,Solar,mtCO2,0.0,0.0,
Malaysia,MYS,2019-05-01,Country or economy,Asia,Asia,0.0,0.0,0.0,0.0,1.0,Power sector emissions,Total,Total emissions,mtCO2,9.66,0.37,3.98
Malaysia,MYS,2019-06-01,Country or economy,Asia,Asia,0.0,0.0,0.0,0.0,1.0,Electricity demand,Demand,Demand,TWh,13.43,0.24,1.82
Malaysia,MYS,2019-06-01,Country or economy,Asia,Asia,0.0,0.0,0.0,0.0,1.0,Electricity generation,Aggregate fuel,Clean,%,18.39,,
Malaysia,MYS,2019-06-01,Country or economy,Asia,Asia,0.0,0.0,0.0,0.0,1.0,Electricity generation,Aggregate fuel,Fossil,%,81.61,,
Malaysia,MYS,2019-06-01,Country or economy,Asia,Asia,0.0,0.0,0.0,0.0,1.0,Electricity generation,Aggregate fuel,Gas and Other Fossil,%,37.53,,
Malaysia,MYS,2019-06-01,Country or economy,Asia,Asia,0.0,0.0,0.0,0.0,1.0,Electricity generation,Aggregate fuel,"Hydro, Bioenergy and Other Renewables",%,18.02,,
Malaysia,MYS,2019-06-01,Country or economy,Asia,Asia,0.0,0.0,0.0,0.0,1.0,Electricity generation,Aggregate fuel,Renewables,%,18.39,,
Malaysia,MYS,2019-06-01,Country or economy,Asia,Asia,0.0,0.0,0.0,0.0,1.0,Electricity generation,Aggregate fuel,Wind and Solar,%,0.37,,
Malaysia,MYS,2019-06-01,Country or economy,Asia,Asia,0.0,0.0,0.0,0.0,1.0,Electricity generation,Aggregate fuel,Clean,TWh,2.47,0.12,5.11
Malaysia,MYS,2019-06-01,Country or economy,Asia,Asia,0.0,0.0,0.0,0.0,1.0,Electricity generation,Aggregate fuel,Fossil,TWh,10.96,0.12,1.11
Malaysia,MYS,2019-06-01,Country or economy,Asia,Asia,0.0,0.0,0.0,0.0,1.0,Electricity generation,Aggregate fuel,Gas and Other Fossil,TWh,5.04,0.32,6.78
Malaysia,MYS,2019-06-01,Country or economy,Asia,Asia,0.0,0.0,0.0,0.0,1.0,Electricity generation,Aggregate fuel,"Hydro, Bioenergy and Other Renewables",TWh,2.42,0.07,2.98
Malaysia,MYS,2019-06-01,Country or economy,Asia,Asia,0.0,0.0,0.0,0.0,1.0,Electricity generation,Aggregate fuel,Renewables,TWh,2.47,0.12,5.11
Malaysia,MYS,2019-06-01,Country or economy,Asia,Asia,0.0,0.0,0.0,0.0,1.0,Electricity generation,Aggregate fuel,Wind and Solar,TWh,0.05,0.05,
Malaysia,MYS,2019-06-01,Country or economy,Asia,Asia,0.0,0.0,0.0,0.0,1.0,Electricity generation,Fuel,Bioenergy,%,2.53,,
Malaysia,MYS,2019-06-01,Country or economy,Asia,Asia,0.0,0.0,0.0,0.0,1.0,Electricity generation,Fuel,Coal,%,44.08,,
Malaysia,MYS,2019-06-01,Country or economy,Asia,Asia,0.0,0.0,0.0,0.0,1.0,Electricity generation,Fuel,Gas,%,37.16,,
Malaysia,MYS,2019-06-01,Country or economy,Asia,Asia,0.0,0.0,0.0,0.0,1.0,Electricity generation,Fuel,Hydro,%,15.49,,
Malaysia,MYS,2019-06-01,Country or economy,Asia,Asia,0.0,0.0,0.0,0.0,1.0,Electricity generation,Fuel,Other Fossil,%,0.37,,
Malaysia,MYS,2019-06-01,Country or economy,Asia,Asia,0.0,0.0,0.0,0.0,1.0,Electricity generation,Fuel,Solar,%,0.37,,
Malaysia,MYS,2019-06-01,Country or economy,Asia,Asia,0.0,0.0,0.0,0.0,1.0,Electricity generation,Fuel,Bioenergy,TWh,0.34,0.08,30.77
Malaysia,MYS,2019-06-01,Country or economy,Asia,Asia,0.0,0.0,0.0,0.0,1.0,Electricity generation,Fuel,Coal,TWh,5.92,-0.2,-3.27
Malaysia,MYS,2019-06-01,Country or economy,Asia,Asia,0.0,0.0,0.0,0.0,1.0,Electricity generation,Fuel,Gas,TWh,4.99,0.31,6.62
Malaysia,MYS,2019-06-01,Country or economy,Asia,Asia,0.0,0.0,0.0,0.0,1.0,Electricity generation,Fuel,Hydro,TWh,2.08,-0.01,-0.48
Malaysia,MYS,2019-06-01,Country or economy,Asia,Asia,0.0,0.0,0.0,0.0,1.0,Electricity generation,Fuel,Other Fossil,TWh,0.05,0.01,25.0
Malaysia,MYS,2019-06-01,Country or economy,Asia,Asia,0.0,0.0,0.0,0.0,1.0,Electricity generation,Fuel,Solar,TWh,0.05,0.05,
Malaysia,MYS,2019-06-01,Country or economy,Asia,Asia,0.0,0.0,0.0,0.0,1.0,Electricity generation,Total,Total Generation,TWh,13.43,0.24,1.82
Malaysia,MYS,2019-06-01,Country or economy,Asia,Asia,0.0,0.0,0.0,0.0,1.0,Electricity imports,Electricity imports,Net Imports,TWh,0.0,0.0,
Malaysia,MYS,2019-06-01,Country or economy,Asia,Asia,0.0,0.0,0.0,0.0,1.0,Power sector emissions,Aggregate fuel,Clean,mtCO2,0.13,0.02,18.18
Malaysia,MYS,2019-06-01,Country or economy,Asia,Asia,0.0,0.0,0.0,0.0,1.0,Power sector emissions,Aggregate fuel,Fossil,mtCO2,8.7,0.0,0.0
Malaysia,MYS,2019-06-01,Country or economy,Asia,Asia,0.0,0.0,0.0,0.0,1.0,Power sector emissions,Aggregate fuel,Gas and Other Fossil,mtCO2,3.39,0.21,6.6
Malaysia,MYS,2019-06-01,Country or economy,Asia,Asia,0.0,0.0,0.0,0.0,1.0,Power sector emissions,Aggregate fuel,"Hydro, Bioenergy and Other Renewables",mtCO2,0.13,0.02,18.18
Malaysia,MYS,2019-06-01,Country or economy,Asia,Asia,0.0,0.0,0.0,0.0,1.0,Power sector emissions,Aggregate fuel,Renewables,mtCO2,0.13,0.02,18.18
Malaysia,MYS,2019-06-01,Country or economy,Asia,Asia,0.0,0.0,0.0,0.0,1.0,Power sector emissions,Aggregate fuel,Wind and Solar,mtCO2,0.0,0.0,
Malaysia,MYS,2019-06-01,Country or economy,Asia,Asia,0.0,0.0,0.0,0.0,1.0,Power sector emissions,CO2 intensity,CO2 intensity,gCO2/kWh,657.48,-10.45,-1.56
Malaysia,MYS,2019-06-01,Country or economy,Asia,Asia,0.0,0.0,0.0,0.0,1.0,Power sector emissions,Fuel,Bioenergy,mtCO2,0.08,0.02,33.33
Malaysia,MYS,2019-06-01,Country or economy,Asia,Asia,0.0,0.0,0.0,0.0,1.0,Power sector emissions,Fuel,Coal,mtCO2,5.31,-0.21,-3.8
Malaysia,MYS,2019-06-01,Country or economy,Asia,Asia,0.0,0.0,0.0,0.0,1.0,Power sector emissions,Fuel,Gas,mtCO2,3.35,0.2,6.35
Malaysia,MYS,2019-06-01,Country or economy,Asia,Asia,0.0,0.0,0.0,0.0,1.0,Power sector emissions,Fuel,Hydro,mtCO2,0.05,0.0,0.0
Malaysia,MYS,2019-06-01,Country or economy,Asia,Asia,0.0,0.0,0.0,0.0,1.0,Power sector emissions,Fuel,Other Fossil,mtCO2,0.04,0.01,33.33
Malaysia,MYS,2019-06-01,Country or economy,Asia,Asia,0.0,0.0,0.0,0.0,1.0,Power sector emissions,Fuel,Solar,mtCO2,0.0,0.0,
Malaysia,MYS,2019-06-01,Country or economy,Asia,Asia,0.0,0.0,0.0,0.0,1.0,Power sector emissions,Total,Total emissions,mtCO2,8.83,0.02,0.23
Malaysia,MYS,2019-07-01,Country or economy,Asia,Asia,0.0,0.0,0.0,0.0,1.0,Electricity demand,Demand,Demand,TWh,14.34,0.26,1.85
Malaysia,MYS,2019-07-01,Country or economy,Asia,Asia,0.0,0.0,0.0,0.0,1.0,Electricity generation,Aggregate fuel,Clean,%,17.7,,
Malaysia,MYS,2019-07-01,Country or economy,Asia,Asia,0.0,0.0,0.0,0.0,1.0,Electricity generation,Aggregate fuel,Fossil,%,82.3,,
Malaysia,MYS,2019-07-01,Country or economy,Asia,Asia,0.0,0.0,0.0,0.0,1.0,Electricity generation,Aggregate fuel,Gas and Other Fossil,%,35.47,,
Malaysia,MYS,2019-07-01,Country or economy,Asia,Asia,0.0,0.0,0.0,0.0,1.0,Electricity generation,Aggregate fuel,"Hydro, Bioenergy and Other Renewables",%,17.28,,
Malaysia,MYS,2019-07-01,Country or economy,Asia,Asia,0.0,0.0,0.0,0.0,1.0,Electricity generation,Aggregate fuel,Renewables,%,17.7,,
Malaysia,MYS,2019-07-01,Country or economy,Asia,Asia,0.0,0.0,0.0,0.0,1.0,Electricity generation,Aggregate fuel,Wind and Solar,%,0.42,,
Malaysia,MYS,2019-07-01,Country or economy,Asia,Asia,0.0,0.0,0.0,0.0,1.0,Electricity generation,Aggregate fuel,Clean,TWh,2.54,0.05,2.01
Malaysia,MYS,2019-07-01,Country or economy,Asia,Asia,0.0,0.0,0.0,0.0,1.0,Electricity generation,Aggregate fuel,Fossil,TWh,11.81,0.23,1.99
Malaysia,MYS,2019-07-01,Country or economy,Asia,Asia,0.0,0.0,0.0,0.0,1.0,Electricity generation,Aggregate fuel,Gas and Other Fossil,TWh,5.09,-0.42,-7.62
Malaysia,MYS,2019-07-01,Country or economy,Asia,Asia,0.0,0.0,0.0,0.0,1.0,Electricity generation,Aggregate fuel,"Hydro, Bioenergy and Other Renewables",TWh,2.48,-0.01,-0.4
Malaysia,MYS,2019-07-01,Country or economy,Asia,Asia,0.0,0.0,0.0,0.0,1.0,Electricity generation,Aggregate fuel,Renewables,TWh,2.54,0.05,2.01
Malaysia,MYS,2019-07-01,Country or economy,Asia,Asia,0.0,0.0,0.0,0.0,1.0,Electricity generation,Aggregate fuel,Wind and Solar,TWh,0.06,0.06,
Malaysia,MYS,2019-07-01,Country or economy,Asia,Asia,0.0,0.0,0.0,0.0,1.0,Electricity generation,Fuel,Bioenergy,%,2.44,,
Malaysia,MYS,2019-07-01,Country or economy,Asia,Asia,0.0,0.0,0.0,0.0,1.0,Electricity generation,Fuel,Coal,%,46.83,,
Malaysia,MYS,2019-07-01,Country or economy,Asia,Asia,0.0,0.0,0.0,0.0,1.0,Electricity generation,Fuel,Gas,%,35.12,,
Malaysia,MYS,2019-07-01,Country or economy,Asia,Asia,0.0,0.0,0.0,0.0,1.0,Electricity generation,Fuel,Hydro,%,14.84,,
Malaysia,MYS,2019-07-01,Country or economy,Asia,Asia,0.0,0.0,0.0,0.0,1.0,Electricity generation,Fuel,Other Fossil,%,0.35,,
Malaysia,MYS,2019-07-01,Country or economy,Asia,Asia,0.0,0.0,0.0,0.0,1.0,Electricity generation,Fuel,Solar,%,0.42,,
Malaysia,MYS,2019-07-01,Country or economy,Asia,Asia,0.0,0.0,0.0,0.0,1.0,Electricity generation,Fuel,Bioenergy,TWh,0.35,0.08,29.63
Malaysia,MYS,2019-07-01,Country or economy,Asia,Asia,0.0,0.0,0.0,0.0,1.0,Electricity generation,Fuel,Coal,TWh,6.72,0.65,10.71
Malaysia,MYS,2019-07-01,Country or economy,Asia,Asia,0.0,0.0,0.0,0.0,1.0,Electricity generation,Fuel,Gas,TWh,5.04,-0.43,-7.86
Malaysia,MYS,2019-07-01,Country or economy,Asia,Asia,0.0,0.0,0.0,0.0,1.0,Electricity generation,Fuel,Hydro,TWh,2.13,-0.09,-4.05
Malaysia,MYS,2019-07-01,Country or economy,Asia,Asia,0.0,0.0,0.0,0.0,1.0,Electricity generation,Fuel,Other Fossil,TWh,0.05,0.01,25.0
Malaysia,MYS,2019-07-01,Country or economy,Asia,Asia,0.0,0.0,0.0,0.0,1.0,Electricity generation,Fuel,Solar,TWh,0.06,0.06,
Malaysia,MYS,2019-07-01,Country or economy,Asia,Asia,0.0,0.0,0.0,0.0,1.0,Electricity generation,Total,Total Generation,TWh,14.35,0.28,1.99
Malaysia,MYS,2019-07-01,Country or economy,Asia,Asia,0.0,0.0,0.0,0.0,1.0,Electricity imports,Electricity imports,Net Imports,TWh,-0.01,-0.02,-200.0
Malaysia,MYS,2019-07-01,Country or economy,Asia,Asia,0.0,0.0,0.0,0.0,1.0,Power sector emissions,Aggregate fuel,Clean,mtCO2,0.13,0.02,18.18
Malaysia,MYS,2019-07-01,Country or economy,Asia,Asia,0.0,0.0,0.0,0.0,1.0,Power sector emissions,Aggregate fuel,Fossil,mtCO2,9.46,0.28,3.05
Malaysia,MYS,2019-07-01,Country or economy,Asia,Asia,0.0,0.0,0.0,0.0,1.0,Power sector emissions,Aggregate fuel,Gas and Other Fossil,mtCO2,3.43,-0.28,-7.55
Malaysia,MYS,2019-07-01,Country or economy,Asia,Asia,0.0,0.0,0.0,0.0,1.0,Power sector emissions,Aggregate fuel,"Hydro, Bioenergy and Other Renewables",mtCO2,0.13,0.02,18.18
Malaysia,MYS,2019-07-01,Country or economy,Asia,Asia,0.0,0.0,0.0,0.0,1.0,Power sector emissions,Aggregate fuel,Renewables,mtCO2,0.13,0.02,18.18
Malaysia,MYS,2019-07-01,Country or economy,Asia,Asia,0.0,0.0,0.0,0.0,1.0,Power sector emissions,Aggregate fuel,Wind and Solar,mtCO2,0.0,0.0,
Malaysia,MYS,2019-07-01,Country or economy,Asia,Asia,0.0,0.0,0.0,0.0,1.0,Power sector emissions,CO2 intensity,CO2 intensity,gCO2/kWh,668.29,8.02,1.21
Malaysia,MYS,2019-07-01,Country or economy,Asia,Asia,0.0,0.0,0.0,0.0,1.0,Power sector emissions,Fuel,Bioenergy,mtCO2,0.08,0.02,33.33
Malaysia,MYS,2019-07-01,Country or economy,Asia,Asia,0.0,0.0,0.0,0.0,1.0,Power sector emissions,Fuel,Coal,mtCO2,6.03,0.56,10.24
Malaysia,MYS,2019-07-01,Country or economy,Asia,Asia,0.0,0.0,0.0,0.0,1.0,Power sector emissions,Fuel,Gas,mtCO2,3.39,-0.29,-7.88
Malaysia,MYS,2019-07-01,Country or economy,Asia,Asia,0.0,0.0,0.0,0.0,1.0,Power sector emissions,Fuel,Hydro,mtCO2,0.05,0.0,0.0
Malaysia,MYS,2019-07-01,Country or economy,Asia,Asia,0.0,0.0,0.0,0.0,1.0,Power sector emissions,Fuel,Other Fossil,mtCO2,0.04,0.01,33.33
Malaysia,MYS,2019-07-01,Country or economy,Asia,Asia,0.0,0.0,0.0,0.0,1.0,Power sector emissions,Fuel,Solar,mtCO2,0.0,0.0,
Malaysia,MYS,2019-07-01,Country or economy,Asia,Asia,0.0,0.0,0.0,0.0,1.0,Power sector emissions,Total,Total emissions,mtCO2,9.59,0.3,3.23
Malaysia,MYS,2019-08-01,Country or economy,Asia,Asia,0.0,0.0,0.0,0.0,1.0,Electricity demand,Demand,Demand,TWh,14.26,0.09,0.64
Malaysia,MYS,2019-08-01,Country or economy,Asia,Asia,0.0,0.0,0.0,0.0,1.0,Electricity generation,Aggregate fuel,Clean,%,17.97,,
Malaysia,MYS,2019-08-01,Country or economy,Asia,Asia,0.0,0.0,0.0,0.0,1.0,Electricity generation,Aggregate fuel,Fossil,%,82.03,,
Malaysia,MYS,2019-08-01,Country or economy,Asia,Asia,0.0,0.0,0.0,0.0,1.0,Electricity generation,Aggregate fuel,Gas and Other Fossil,%,41.05,,
Malaysia,MYS,2019-08-01,Country or economy,Asia,Asia,0.0,0.0,0.0,0.0,1.0,Electricity generation,Aggregate fuel,"Hydro, Bioenergy and Other Renewables",%,17.55,,
Malaysia,MYS,2019-08-01,Country or economy,Asia,Asia,0.0,0.0,0.0,0.0,1.0,Electricity generation,Aggregate fuel,Renewables,%,17.97,,
Malaysia,MYS,2019-08-01,Country or economy,Asia,Asia,0.0,0.0,0.0,0.0,1.0,Electricity generation,Aggregate fuel,Wind and Solar,%,0.42,,
Malaysia,MYS,2019-08-01,Country or economy,Asia,Asia,0.0,0.0,0.0,0.0,1.0,Electricity generation,Aggregate fuel,Clean,TWh,2.56,0.13,5.35
Malaysia,MYS,2019-08-01,Country or economy,Asia,Asia,0.0,0.0,0.0,0.0,1.0,Electricity generation,Aggregate fuel,Fossil,TWh,11.69,-0.05,-0.43
Malaysia,MYS,2019-08-01,Country or economy,Asia,Asia,0.0,0.0,0.0,0.0,1.0,Electricity generation,Aggregate fuel,Gas and Other Fossil,TWh,5.85,0.13,2.27
Malaysia,MYS,2019-08-01,Country or economy,Asia,Asia,0.0,0.0,0.0,0.0,1.0,Electricity generation,Aggregate fuel,"Hydro, Bioenergy and Other Renewables",TWh,2.5,0.07,2.88
Malaysia,MYS,2019-08-01,Country or economy,Asia,Asia,0.0,0.0,0.0,0.0,1.0,Electricity generation,Aggregate fuel,Renewables,TWh,2.56,0.13,5.35
Malaysia,MYS,2019-08-01,Country or economy,Asia,Asia,0.0,0.0,0.0,0.0,1.0,Electricity generation,Aggregate fuel,Wind and Solar,TWh,0.06,0.06,
Malaysia,MYS,2019-08-01,Country or economy,Asia,Asia,0.0,0.0,0.0,0.0,1.0,Electricity generation,Fuel,Bioenergy,%,2.53,,
Malaysia,MYS,2019-08-01,Country or economy,Asia,Asia,0.0,0.0,0.0,0.0,1.0,Electricity generation,Fuel,Coal,%,40.98,,
Malaysia,MYS,2019-08-01,Country or economy,Asia,Asia,0.0,0.0,0.0,0.0,1.0,Electricity generation,Fuel,Gas,%,40.7,,
Malaysia,MYS,2019-08-01,Country or economy,Asia,Asia,0.0,0.0,0.0,0.0,1.0,Electricity generation,Fuel,Hydro,%,15.02,,
Malaysia,MYS,2019-08-01,Country or economy,Asia,Asia,0.0,0.0,0.0,0.0,1.0,Electricity generation,Fuel,Other Fossil,%,0.35,,
Malaysia,MYS,2019-08-01,Country or economy,Asia,Asia,0.0,0.0,0.0,0.0,1.0,Electricity generation,Fuel,Solar,%,0.42,,
Malaysia,MYS,2019-08-01,Country or economy,Asia,Asia,0.0,0.0,0.0,0.0,1.0,Electricity generation,Fuel,Bioenergy,TWh,0.36,0.09,33.33
Malaysia,MYS,2019-08-01,Country or economy,Asia,Asia,0.0,0.0,0.0,0.0,1.0,Electricity generation,Fuel,Coal,TWh,5.84,-0.18,-2.99
Malaysia,MYS,2019-08-01,Country or economy,Asia,Asia,0.0,0.0,0.0,0.0,1.0,Electricity generation,Fuel,Gas,TWh,5.8,0.12,2.11
Malaysia,MYS,2019-08-01,Country or economy,Asia,Asia,0.0,0.0,0.0,0.0,1.0,Electricity generation,Fuel,Hydro,TWh,2.14,-0.02,-0.93
Malaysia,MYS,2019-08-01,Country or economy,Asia,Asia,0.0,0.0,0.0,0.0,1.0,Electricity generation,Fuel,Other Fossil,TWh,0.05,0.01,25.0
Malaysia,MYS,2019-08-01,Country or economy,Asia,Asia,0.0,0.0,0.0,0.0,1.0,Electricity generation,Fuel,Solar,TWh,0.06,0.06,
Malaysia,MYS,2019-08-01,Country or economy,Asia,Asia,0.0,0.0,0.0,0.0,1.0,Electricity generation,Total,Total Generation,TWh,14.25,0.08,0.56
Malaysia,MYS,2019-08-01,Country or economy,Asia,Asia,0.0,0.0,0.0,0.0,1.0,Electricity imports,Electricity imports,Net Imports,TWh,0.01,0.01,
Malaysia,MYS,2019-08-01,Country or economy,Asia,Asia,0.0,0.0,0.0,0.0,1.0,Power sector emissions,Aggregate fuel,Clean,mtCO2,0.13,0.02,18.18
Malaysia,MYS,2019-08-01,Country or economy,Asia,Asia,0.0,0.0,0.0,0.0,1.0,Power sector emissions,Aggregate fuel,Fossil,mtCO2,9.18,-0.1,-1.08
Malaysia,MYS,2019-08-01,Country or economy,Asia,Asia,0.0,0.0,0.0,0.0,1.0,Power sector emissions,Aggregate fuel,Gas and Other Fossil,mtCO2,3.94,0.09,2.34
Malaysia,MYS,2019-08-01,Country or economy,Asia,Asia,0.0,0.0,0.0,0.0,1.0,Power sector emissions,Aggregate fuel,"Hydro, Bioenergy and Other Renewables",mtCO2,0.13,0.02,18.18
Malaysia,MYS,2019-08-01,Country or economy,Asia,Asia,0.0,0.0,0.0,0.0,1.0,Power sector emissions,Aggregate fuel,Renewables,mtCO2,0.13,0.02,18.18
Malaysia,MYS,2019-08-01,Country or economy,Asia,Asia,0.0,0.0,0.0,0.0,1.0,Power sector emissions,Aggregate fuel,Wind and Solar,mtCO2,0.0,0.0,
Malaysia,MYS,2019-08-01,Country or economy,Asia,Asia,0.0,0.0,0.0,0.0,1.0,Power sector emissions,CO2 intensity,CO2 intensity,gCO2/kWh,653.33,-9.34,-1.41
Malaysia,MYS,2019-08-01,Country or economy,Asia,Asia,0.0,0.0,0.0,0.0,1.0,Power sector emissions,Fuel,Bioenergy,mtCO2,0.08,0.02,33.33
Malaysia,MYS,2019-08-01,Country or economy,Asia,Asia,0.0,0.0,0.0,0.0,1.0,Power sector emissions,Fuel,Coal,mtCO2,5.24,-0.19,-3.5
Malaysia,MYS,2019-08-01,Country or economy,Asia,Asia,0.0,0.0,0.0,0.0,1.0,Power sector emissions,Fuel,Gas,mtCO2,3.9,0.08,2.09
Malaysia,MYS,2019-08-01,Country or economy,Asia,Asia,0.0,0.0,0.0,0.0,1.0,Power sector emissions,Fuel,Hydro,mtCO2,0.05,0.0,0.0
Malaysia,MYS,2019-08-01,Country or economy,Asia,Asia,0.0,0.0,0.0,0.0,1.0,Power sector emissions,Fuel,Other Fossil,mtCO2,0.04,0.01,33.33
Malaysia,MYS,2019-08-01,Country or economy,Asia,Asia,0.0,0.0,0.0,0.0,1.0,Power sector emissions,Fuel,Solar,mtCO2,0.0,0.0,
Malaysia,MYS,2019-08-01,Country or economy,Asia,Asia,0.0,0.0,0.0,0.0,1.0,Power sector emissions,Total,Total emissions,mtCO2,9.31,-0.08,-0.85
Malaysia,MYS,2019-09-01,Country or economy,Asia,Asia,0.0,0.0,0.0,0.0,1.0,Electricity demand,Demand,Demand,TWh,13.87,0.67,5.08
Malaysia,MYS,2019-09-01,Country or economy,Asia,Asia,0.0,0.0,0.0,0.0,1.0,Electricity generation,Aggregate fuel,Clean,%,18.19,,
Malaysia,MYS,2019-09-01,Country or economy,Asia,Asia,0.0,0.0,0.0,0.0,1.0,Electricity generation,Aggregate fuel,Fossil,%,81.81,,
Malaysia,MYS,2019-09-01,Country or economy,Asia,Asia,0.0,0.0,0.0,0.0,1.0,Electricity generation,Aggregate fuel,Gas and Other Fossil,%,40.87,,
Malaysia,MYS,2019-09-01,Country or economy,Asia,Asia,0.0,0.0,0.0,0.0,1.0,Electricity generation,Aggregate fuel,"Hydro, Bioenergy and Other Renewables",%,17.76,,
Malaysia,MYS,2019-09-01,Country or economy,Asia,Asia,0.0,0.0,0.0,0.0,1.0,Electricity generation,Aggregate fuel,Renewables,%,18.19,,
Malaysia,MYS,2019-09-01,Country or economy,Asia,Asia,0.0,0.0,0.0,0.0,1.0,Electricity generation,Aggregate fuel,Wind and Solar,%,0.43,,
Malaysia,MYS,2019-09-01,Country or economy,Asia,Asia,0.0,0.0,0.0,0.0,1.0,Electricity generation,Aggregate fuel,Clean,TWh,2.52,0.16,6.78
Malaysia,MYS,2019-09-01,Country or economy,Asia,Asia,0.0,0.0,0.0,0.0,1.0,Electricity generation,Aggregate fuel,Fossil,TWh,11.33,0.49,4.52
Malaysia,MYS,2019-09-01,Country or economy,Asia,Asia,0.0,0.0,0.0,0.0,1.0,Electricity generation,Aggregate fuel,Gas and Other Fossil,TWh,5.66,0.4,7.6
Malaysia,MYS,2019-09-01,Country or economy,Asia,Asia,0.0,0.0,0.0,0.0,1.0,Electricity generation,Aggregate fuel,"Hydro, Bioenergy and Other Renewables",TWh,2.46,0.1,4.24
Malaysia,MYS,2019-09-01,Country or economy,Asia,Asia,0.0,0.0,0.0,0.0,1.0,Electricity generation,Aggregate fuel,Renewables,TWh,2.52,0.16,6.78
Malaysia,MYS,2019-09-01,Country or economy,Asia,Asia,0.0,0.0,0.0,0.0,1.0,Electricity generation,Aggregate fuel,Wind and Solar,TWh,0.06,0.06,
Malaysia,MYS,2019-09-01,Country or economy,Asia,Asia,0.0,0.0,0.0,0.0,1.0,Electricity generation,Fuel,Bioenergy,%,2.53,,
Malaysia,MYS,2019-09-01,Country or economy,Asia,Asia,0.0,0.0,0.0,0.0,1.0,Electricity generation,Fuel,Coal,%,40.94,,
Malaysia,MYS,2019-09-01,Country or economy,Asia,Asia,0.0,0.0,0.0,0.0,1.0,Electricity generation,Fuel,Gas,%,40.51,,
Malaysia,MYS,2019-09-01,Country or economy,Asia,Asia,0.0,0.0,0.0,0.0,1.0,Electricity generation,Fuel,Hydro,%,15.23,,
Malaysia,MYS,2019-09-01,Country or economy,Asia,Asia,0.0,0.0,0.0,0.0,1.0,Electricity generation,Fuel,Other Fossil,%,0.36,,
Malaysia,MYS,2019-09-01,Country or economy,Asia,Asia,0.0,0.0,0.0,0.0,1.0,Electricity generation,Fuel,Solar,%,0.43,,
Malaysia,MYS,2019-09-01,Country or economy,Asia,Asia,0.0,0.0,0.0,0.0,1.0,Electricity generation,Fuel,Bioenergy,TWh,0.35,0.09,34.62
Malaysia,MYS,2019-09-01,Country or economy,Asia,Asia,0.0,0.0,0.0,0.0,1.0,Electricity generation,Fuel,Coal,TWh,5.67,0.09,1.61
Malaysia,MYS,2019-09-01,Country or economy,Asia,Asia,0.0,0.0,0.0,0.0,1.0,Electricity generation,Fuel,Gas,TWh,5.61,0.39,7.47
Malaysia,MYS,2019-09-01,Country or economy,Asia,Asia,0.0,0.0,0.0,0.0,1.0,Electricity generation,Fuel,Hydro,TWh,2.11,0.01,0.48
Malaysia,MYS,2019-09-01,Country or economy,Asia,Asia,0.0,0.0,0.0,0.0,1.0,Electricity generation,Fuel,Other Fossil,TWh,0.05,0.01,25.0
Malaysia,MYS,2019-09-01,Country or economy,Asia,Asia,0.0,0.0,0.0,0.0,1.0,Electricity generation,Fuel,Solar,TWh,0.06,0.06,
Malaysia,MYS,2019-09-01,Country or economy,Asia,Asia,0.0,0.0,0.0,0.0,1.0,Electricity generation,Total,Total Generation,TWh,13.85,0.65,4.92
Malaysia,MYS,2019-09-01,Country or economy,Asia,Asia,0.0,0.0,0.0,0.0,1.0,Electricity imports,Electricity imports,Net Imports,TWh,0.02,0.02,
Malaysia,MYS,2019-09-01,Country or economy,Asia,Asia,0.0,0.0,0.0,0.0,1.0,Power sector emissions,Aggregate fuel,Clean,mtCO2,0.13,0.02,18.18
Malaysia,MYS,2019-09-01,Country or economy,Asia,Asia,0.0,0.0,0.0,0.0,1.0,Power sector emissions,Aggregate fuel,Fossil,mtCO2,8.9,0.33,3.85
Malaysia,MYS,2019-09-01,Country or economy,Asia,Asia,0.0,0.0,0.0,0.0,1.0,Power sector emissions,Aggregate fuel,Gas and Other Fossil,mtCO2,3.81,0.27,7.63
Malaysia,MYS,2019-09-01,Country or economy,Asia,Asia,0.0,0.0,0.0,0.0,1.0,Power sector emissions,Aggregate fuel,"Hydro, Bioenergy and Other Renewables",mtCO2,0.13,0.02,18.18
Malaysia,MYS,2019-09-01,Country or economy,Asia,Asia,0.0,0.0,0.0,0.0,1.0,Power sector emissions,Aggregate fuel,Renewables,mtCO2,0.13,0.02,18.18
Malaysia,MYS,2019-09-01,Country or economy,Asia,Asia,0.0,0.0,0.0,0.0,1.0,Power sector emissions,Aggregate fuel,Wind and Solar,mtCO2,0.0,0.0,
Malaysia,MYS,2019-09-01,Country or economy,Asia,Asia,0.0,0.0,0.0,0.0,1.0,Power sector emissions,CO2 intensity,CO2 intensity,gCO2/kWh,651.99,-5.59,-0.85
Malaysia,MYS,2019-09-01,Country or economy,Asia,Asia,0.0,0.0,0.0,0.0,1.0,Power sector emissions,Fuel,Bioenergy,mtCO2,0.08,0.02,33.33
Malaysia,MYS,2019-09-01,Country or economy,Asia,Asia,0.0,0.0,0.0,0.0,1.0,Power sector emissions,Fuel,Coal,mtCO2,5.09,0.06,1.19
Malaysia,MYS,2019-09-01,Country or economy,Asia,Asia,0.0,0.0,0.0,0.0,1.0,Power sector emissions,Fuel,Gas,mtCO2,3.77,0.26,7.41
Malaysia,MYS,2019-09-01,Country or economy,Asia,Asia,0.0,0.0,0.0,0.0,1.0,Power sector emissions,Fuel,Hydro,mtCO2,0.05,0.0,0.0
Malaysia,MYS,2019-09-01,Country or economy,Asia,Asia,0.0,0.0,0.0,0.0,1.0,Power sector emissions,Fuel,Other Fossil,mtCO2,0.04,0.01,33.33
Malaysia,MYS,2019-09-01,Country or economy,Asia,Asia,0.0,0.0,0.0,0.0,1.0,Power sector emissions,Fuel,Solar,mtCO2,0.0,0.0,
Malaysia,MYS,2019-09-01,Country or economy,Asia,Asia,0.0,0.0,0.0,0.0,1.0,Power sector emissions,Total,Total emissions,mtCO2,9.03,0.35,4.03
Malaysia,MYS,2019-10-01,Country or economy,Asia,Asia,0.0,0.0,0.0,0.0,1.0,Electricity demand,Demand,Demand,TWh,13.98,0.09,0.65
Malaysia,MYS,2019-10-01,Country or economy,Asia,Asia,0.0,0.0,0.0,0.0,1.0,Electricity generation,Aggregate fuel,Clean,%,19.05,,
Malaysia,MYS,2019-10-01,Country or economy,Asia,Asia,0.0,0.0,0.0,0.0,1.0,Electricity generation,Aggregate fuel,Fossil,%,80.96,,
Malaysia,MYS,2019-10-01,Country or economy,Asia,Asia,0.0,0.0,0.0,0.0,1.0,Electricity generation,Aggregate fuel,Gas and Other Fossil,%,41.23,,
Malaysia,MYS,2019-10-01,Country or economy,Asia,Asia,0.0,0.0,0.0,0.0,1.0,Electricity generation,Aggregate fuel,"Hydro, Bioenergy and Other Renewables",%,18.62,,
Malaysia,MYS,2019-10-01,Country or economy,Asia,Asia,0.0,0.0,0.0,0.0,1.0,Electricity generation,Aggregate fuel,Renewables,%,19.05,,
Malaysia,MYS,2019-10-01,Country or economy,Asia,Asia,0.0,0.0,0.0,0.0,1.0,Electricity generation,Aggregate fuel,Wind and Solar,%,0.43,,
Malaysia,MYS,2019-10-01,Country or economy,Asia,Asia,0.0,0.0,0.0,0.0,1.0,Electricity generation,Aggregate fuel,Clean,TWh,2.66,0.05,1.92
Malaysia,MYS,2019-10-01,Country or economy,Asia,Asia,0.0,0.0,0.0,0.0,1.0,Electricity generation,Aggregate fuel,Fossil,TWh,11.31,0.05,0.44
Malaysia,MYS,2019-10-01,Country or economy,Asia,Asia,0.0,0.0,0.0,0.0,1.0,Electricity generation,Aggregate fuel,Gas and Other Fossil,TWh,5.76,0.22,3.97
Malaysia,MYS,2019-10-01,Country or economy,Asia,Asia,0.0,0.0,0.0,0.0,1.0,Electricity generation,Aggregate fuel,"Hydro, Bioenergy and Other Renewables",TWh,2.6,-0.01,-0.38
Malaysia,MYS,2019-10-01,Country or economy,Asia,Asia,0.0,0.0,0.0,0.0,1.0,Electricity generation,Aggregate fuel,Renewables,TWh,2.66,0.05,1.92
Malaysia,MYS,2019-10-01,Country or economy,Asia,Asia,0.0,0.0,0.0,0.0,1.0,Electricity generation,Aggregate fuel,Wind and Solar,TWh,0.06,0.06,
Malaysia,MYS,2019-10-01,Country or economy,Asia,Asia,0.0,0.0,0.0,0.0,1.0,Electricity generation,Fuel,Bioenergy,%,2.51,,
Malaysia,MYS,2019-10-01,Country or economy,Asia,Asia,0.0,0.0,0.0,0.0,1.0,Electricity generation,Fuel,Coal,%,39.73,,
Malaysia,MYS,2019-10-01,Country or economy,Asia,Asia,0.0,0.0,0.0,0.0,1.0,Electricity generation,Fuel,Gas,%,40.8,,
Malaysia,MYS,2019-10-01,Country or economy,Asia,Asia,0.0,0.0,0.0,0.0,1.0,Electricity generation,Fuel,Hydro,%,16.11,,
Malaysia,MYS,2019-10-01,Country or economy,Asia,Asia,0.0,0.0,0.0,0.0,1.0,Electricity generation,Fuel,Other Fossil,%,0.43,,
Malaysia,MYS,2019-10-01,Country or economy,Asia,Asia,0.0,0.0,0.0,0.0,1.0,Electricity generation,Fuel,Solar,%,0.43,,
Malaysia,MYS,2019-10-01,Country or economy,Asia,Asia,0.0,0.0,0.0,0.0,1.0,Electricity generation,Fuel,Bioenergy,TWh,0.35,0.08,29.63
Malaysia,MYS,2019-10-01,Country or economy,Asia,Asia,0.0,0.0,0.0,0.0,1.0,Electricity generation,Fuel,Coal,TWh,5.55,-0.17,-2.97
Malaysia,MYS,2019-10-01,Country or economy,Asia,Asia,0.0,0.0,0.0,0.0,1.0,Electricity generation,Fuel,Gas,TWh,5.7,0.2,3.64
Malaysia,MYS,2019-10-01,Country or economy,Asia,Asia,0.0,0.0,0.0,0.0,1.0,Electricity generation,Fuel,Hydro,TWh,2.25,-0.09,-3.85
Malaysia,MYS,2019-10-01,Country or economy,Asia,Asia,0.0,0.0,0.0,0.0,1.0,Electricity generation,Fuel,Other Fossil,TWh,0.06,0.02,50.0
Malaysia,MYS,2019-10-01,Country or economy,Asia,Asia,0.0,0.0,0.0,0.0,1.0,Electricity generation,Fuel,Solar,TWh,0.06,0.06,
Malaysia,MYS,2019-10-01,Country or economy,Asia,Asia,0.0,0.0,0.0,0.0,1.0,Electricity generation,Total,Total Generation,TWh,13.97,0.1,0.72
Malaysia,MYS,2019-10-01,Country or economy,Asia,Asia,0.0,0.0,0.0,0.0,1.0,Electricity imports,Electricity imports,Net Imports,TWh,0.01,-0.01,-50.0
Malaysia,MYS,2019-10-01,Country or economy,Asia,Asia,0.0,0.0,0.0,0.0,1.0,Power sector emissions,Aggregate fuel,Clean,mtCO2,0.13,0.01,8.33
Malaysia,MYS,2019-10-01,Country or economy,Asia,Asia,0.0,0.0,0.0,0.0,1.0,Power sector emissions,Aggregate fuel,Fossil,mtCO2,8.85,-0.04,-0.45
Malaysia,MYS,2019-10-01,Country or economy,Asia,Asia,0.0,0.0,0.0,0.0,1.0,Power sector emissions,Aggregate fuel,Gas and Other Fossil,mtCO2,3.87,0.14,3.75
Malaysia,MYS,2019-10-01,Country or economy,Asia,Asia,0.0,0.0,0.0,0.0,1.0,Power sector emissions,Aggregate fuel,"Hydro, Bioenergy and Other Renewables",mtCO2,0.13,0.01,8.33
Malaysia,MYS,2019-10-01,Country or economy,Asia,Asia,0.0,0.0,0.0,0.0,1.0,Power sector emissions,Aggregate fuel,Renewables,mtCO2,0.13,0.01,8.33
Malaysia,MYS,2019-10-01,Country or economy,Asia,Asia,0.0,0.0,0.0,0.0,1.0,Power sector emissions,Aggregate fuel,Wind and Solar,mtCO2,0.0,0.0,
Malaysia,MYS,2019-10-01,Country or economy,Asia,Asia,0.0,0.0,0.0,0.0,1.0,Power sector emissions,CO2 intensity,CO2 intensity,gCO2/kWh,642.81,-6.79,-1.05
Malaysia,MYS,2019-10-01,Country or economy,Asia,Asia,0.0,0.0,0.0,0.0,1.0,Power sector emissions,Fuel,Bioenergy,mtCO2,0.08,0.02,33.33
Malaysia,MYS,2019-10-01,Country or economy,Asia,Asia,0.0,0.0,0.0,0.0,1.0,Power sector emissions,Fuel,Coal,mtCO2,4.98,-0.18,-3.49
Malaysia,MYS,2019-10-01,Country or economy,Asia,Asia,0.0,0.0,0.0,0.0,1.0,Power sector emissions,Fuel,Gas,mtCO2,3.83,0.13,3.51
Malaysia,MYS,2019-10-01,Country or economy,Asia,Asia,0.0,0.0,0.0,0.0,1.0,Power sector emissions,Fuel,Hydro,mtCO2,0.05,-0.01,-16.67
Malaysia,MYS,2019-10-01,Country or economy,Asia,Asia,0.0,0.0,0.0,0.0,1.0,Power sector emissions,Fuel,Other Fossil,mtCO2,0.04,0.01,33.33
Malaysia,MYS,2019-10-01,Country or economy,Asia,Asia,0.0,0.0,0.0,0.0,1.0,Power sector emissions,Fuel,Solar,mtCO2,0.0,0.0,
Malaysia,MYS,2019-10-01,Country or economy,Asia,Asia,0.0,0.0,0.0,0.0,1.0,Power sector emissions,Total,Total emissions,mtCO2,8.98,-0.03,-0.33
Malaysia,MYS,2019-11-01,Country or economy,Asia,Asia,0.0,0.0,0.0,0.0,1.0,Electricity demand,Demand,Demand,TWh,13.6,0.22,1.64
Malaysia,MYS,2019-11-01,Country or economy,Asia,Asia,0.0,0.0,0.0,0.0,1.0,Electricity generation,Aggregate fuel,Clean,%,19.41,,
Malaysia,MYS,2019-11-01,Country or economy,Asia,Asia,0.0,0.0,0.0,0.0,1.0,Electricity generation,Aggregate fuel,Fossil,%,80.59,,
Malaysia,MYS,2019-11-01,Country or economy,Asia,Asia,0.0,0.0,0.0,0.0,1.0,Electricity generation,Aggregate fuel,Gas and Other Fossil,%,38.46,,
Malaysia,MYS,2019-11-01,Country or economy,Asia,Asia,0.0,0.0,0.0,0.0,1.0,Electricity generation,Aggregate fuel,"Hydro, Bioenergy and Other Renewables",%,18.97,,
Malaysia,MYS,2019-11-01,Country or economy,Asia,Asia,0.0,0.0,0.0,0.0,1.0,Electricity generation,Aggregate fuel,Renewables,%,19.41,,
Malaysia,MYS,2019-11-01,Country or economy,Asia,Asia,0.0,0.0,0.0,0.0,1.0,Electricity generation,Aggregate fuel,Wind and Solar,%,0.44,,
Malaysia,MYS,2019-11-01,Country or economy,Asia,Asia,0.0,0.0,0.0,0.0,1.0,Electricity generation,Aggregate fuel,Clean,TWh,2.64,0.2,8.2
Malaysia,MYS,2019-11-01,Country or economy,Asia,Asia,0.0,0.0,0.0,0.0,1.0,Electricity generation,Aggregate fuel,Fossil,TWh,10.96,0.03,0.27
Malaysia,MYS,2019-11-01,Country or economy,Asia,Asia,0.0,0.0,0.0,0.0,1.0,Electricity generation,Aggregate fuel,Gas and Other Fossil,TWh,5.23,0.68,14.95
Malaysia,MYS,2019-11-01,Country or economy,Asia,Asia,0.0,0.0,0.0,0.0,1.0,Electricity generation,Aggregate fuel,"Hydro, Bioenergy and Other Renewables",TWh,2.58,0.15,6.17
Malaysia,MYS,2019-11-01,Country or economy,Asia,Asia,0.0,0.0,0.0,0.0,1.0,Electricity generation,Aggregate fuel,Renewables,TWh,2.64,0.2,8.2
Malaysia,MYS,2019-11-01,Country or economy,Asia,Asia,0.0,0.0,0.0,0.0,1.0,Electricity generation,Aggregate fuel,Wind and Solar,TWh,0.06,0.05,500.0
Malaysia,MYS,2019-11-01,Country or economy,Asia,Asia,0.0,0.0,0.0,0.0,1.0,Electricity generation,Fuel,Bioenergy,%,2.5,,
Malaysia,MYS,2019-11-01,Country or economy,Asia,Asia,0.0,0.0,0.0,0.0,1.0,Electricity generation,Fuel,Coal,%,42.13,,
Malaysia,MYS,2019-11-01,Country or economy,Asia,Asia,0.0,0.0,0.0,0.0,1.0,Electricity generation,Fuel,Gas,%,38.09,,
Malaysia,MYS,2019-11-01,Country or economy,Asia,Asia,0.0,0.0,0.0,0.0,1.0,Electricity generation,Fuel,Hydro,%,16.47,,
Malaysia,MYS,2019-11-01,Country or economy,Asia,Asia,0.0,0.0,0.0,0.0,1.0,Electricity generation,Fuel,Other Fossil,%,0.37,,
Malaysia,MYS,2019-11-01,Country or economy,Asia,Asia,0.0,0.0,0.0,0.0,1.0,Electricity generation,Fuel,Solar,%,0.44,,
Malaysia,MYS,2019-11-01,Country or economy,Asia,Asia,0.0,0.0,0.0,0.0,1.0,Electricity generation,Fuel,Bioenergy,TWh,0.34,0.08,30.77
Malaysia,MYS,2019-11-01,Country or economy,Asia,Asia,0.0,0.0,0.0,0.0,1.0,Electricity generation,Fuel,Coal,TWh,5.73,-0.65,-10.19
Malaysia,MYS,2019-11-01,Country or economy,Asia,Asia,0.0,0.0,0.0,0.0,1.0,Electricity generation,Fuel,Gas,TWh,5.18,0.67,14.86
Malaysia,MYS,2019-11-01,Country or economy,Asia,Asia,0.0,0.0,0.0,0.0,1.0,Electricity generation,Fuel,Hydro,TWh,2.24,0.07,3.23
Malaysia,MYS,2019-11-01,Country or economy,Asia,Asia,0.0,0.0,0.0,0.0,1.0,Electricity generation,Fuel,Other Fossil,TWh,0.05,0.01,25.0
Malaysia,MYS,2019-11-01,Country or economy,Asia,Asia,0.0,0.0,0.0,0.0,1.0,Electricity generation,Fuel,Solar,TWh,0.06,0.05,500.0
Malaysia,MYS,2019-11-01,Country or economy,Asia,Asia,0.0,0.0,0.0,0.0,1.0,Electricity generation,Total,Total Generation,TWh,13.6,0.23,1.72
Malaysia,MYS,2019-11-01,Country or economy,Asia,Asia,0.0,0.0,0.0,0.0,1.0,Electricity imports,Electricity imports,Net Imports,TWh,0.0,-0.01,-100.0
Malaysia,MYS,2019-11-01,Country or economy,Asia,Asia,0.0,0.0,0.0,0.0,1.0,Power sector emissions,Aggregate fuel,Clean,mtCO2,0.13,0.02,18.18
Malaysia,MYS,2019-11-01,Country or economy,Asia,Asia,0.0,0.0,0.0,0.0,1.0,Power sector emissions,Aggregate fuel,Fossil,mtCO2,8.66,-0.15,-1.7
Malaysia,MYS,2019-11-01,Country or economy,Asia,Asia,0.0,0.0,0.0,0.0,1.0,Power sector emissions,Aggregate fuel,Gas and Other Fossil,mtCO2,3.52,0.46,15.03
Malaysia,MYS,2019-11-01,Country or economy,Asia,Asia,0.0,0.0,0.0,0.0,1.0,Power sector emissions,Aggregate fuel,"Hydro, Bioenergy and Other Renewables",mtCO2,0.13,0.02,18.18
Malaysia,MYS,2019-11-01,Country or economy,Asia,Asia,0.0,0.0,0.0,0.0,1.0,Power sector emissions,Aggregate fuel,Renewables,mtCO2,0.13,0.02,18.18
Malaysia,MYS,2019-11-01,Country or economy,Asia,Asia,0.0,0.0,0.0,0.0,1.0,Power sector emissions,Aggregate fuel,Wind and Solar,mtCO2,0.0,0.0,
Malaysia,MYS,2019-11-01,Country or economy,Asia,Asia,0.0,0.0,0.0,0.0,1.0,Power sector emissions,CO2 intensity,CO2 intensity,gCO2/kWh,646.32,-20.85,-3.13
Malaysia,MYS,2019-11-01,Country or economy,Asia,Asia,0.0,0.0,0.0,0.0,1.0,Power sector emissions,Fuel,Bioenergy,mtCO2,0.08,0.02,33.33
Malaysia,MYS,2019-11-01,Country or economy,Asia,Asia,0.0,0.0,0.0,0.0,1.0,Power sector emissions,Fuel,Coal,mtCO2,5.14,-0.61,-10.61
Malaysia,MYS,2019-11-01,Country or economy,Asia,Asia,0.0,0.0,0.0,0.0,1.0,Power sector emissions,Fuel,Gas,mtCO2,3.48,0.45,14.85
Malaysia,MYS,2019-11-01,Country or economy,Asia,Asia,0.0,0.0,0.0,0.0,1.0,Power sector emissions,Fuel,Hydro,mtCO2,0.05,0.0,0.0
Malaysia,MYS,2019-11-01,Country or economy,Asia,Asia,0.0,0.0,0.0,0.0,1.0,Power sector emissions,Fuel,Other Fossil,mtCO2,0.04,0.01,33.33
Malaysia,MYS,2019-11-01,Country or economy,Asia,Asia,0.0,0.0,0.0,0.0,1.0,Power sector emissions,Fuel,Solar,mtCO2,0.0,0.0,
Malaysia,MYS,2019-11-01,Country or economy,Asia,Asia,0.0,0.0,0.0,0.0,1.0,Power sector emissions,Total,Total emissions,mtCO2,8.79,-0.13,-1.46
Malaysia,MYS,2019-12-01,Country or economy,Asia,Asia,0.0,0.0,0.0,0.0,1.0,Electricity demand,Demand,Demand,TWh,13.71,0.15,1.11
Malaysia,MYS,2019-12-01,Country or economy,Asia,Asia,0.0,0.0,0.0,0.0,1.0,Electricity generation,Aggregate fuel,Clean,%,21.06,,
Malaysia,MYS,2019-12-01,Country or economy,Asia,Asia,0.0,0.0,0.0,0.0,1.0,Electricity generation,Aggregate fuel,Fossil,%,78.95,,
Malaysia,MYS,2019-12-01,Country or economy,Asia,Asia,0.0,0.0,0.0,0.0,1.0,Electricity generation,Aggregate fuel,Gas and Other Fossil,%,36.84,,
Malaysia,MYS,2019-12-01,Country or economy,Asia,Asia,0.0,0.0,0.0,0.0,1.0,Electricity generation,Aggregate fuel,"Hydro, Bioenergy and Other Renewables",%,20.62,,
Malaysia,MYS,2019-12-01,Country or economy,Asia,Asia,0.0,0.0,0.0,0.0,1.0,Electricity generation,Aggregate fuel,Renewables,%,21.06,,
Malaysia,MYS,2019-12-01,Country or economy,Asia,Asia,0.0,0.0,0.0,0.0,1.0,Electricity generation,Aggregate fuel,Wind and Solar,%,0.44,,
Malaysia,MYS,2019-12-01,Country or economy,Asia,Asia,0.0,0.0,0.0,0.0,1.0,Electricity generation,Aggregate fuel,Clean,TWh,2.88,0.42,17.07
Malaysia,MYS,2019-12-01,Country or economy,Asia,Asia,0.0,0.0,0.0,0.0,1.0,Electricity generation,Aggregate fuel,Fossil,TWh,10.8,-0.3,-2.7
Malaysia,MYS,2019-12-01,Country or economy,Asia,Asia,0.0,0.0,0.0,0.0,1.0,Electricity generation,Aggregate fuel,Gas and Other Fossil,TWh,5.04,-0.01,-0.2
Malaysia,MYS,2019-12-01,Country or economy,Asia,Asia,0.0,0.0,0.0,0.0,1.0,Electricity generation,Aggregate fuel,"Hydro, Bioenergy and Other Renewables",TWh,2.82,0.38,15.57
Malaysia,MYS,2019-12-01,Country or economy,Asia,Asia,0.0,0.0,0.0,0.0,1.0,Electricity generation,Aggregate fuel,Renewables,TWh,2.88,0.42,17.07
Malaysia,MYS,2019-12-01,Country or economy,Asia,Asia,0.0,0.0,0.0,0.0,1.0,Electricity generation,Aggregate fuel,Wind and Solar,TWh,0.06,0.04,200.0
Malaysia,MYS,2019-12-01,Country or economy,Asia,Asia,0.0,0.0,0.0,0.0,1.0,Electricity generation,Fuel,Bioenergy,%,2.56,,
Malaysia,MYS,2019-12-01,Country or economy,Asia,Asia,0.0,0.0,0.0,0.0,1.0,Electricity generation,Fuel,Coal,%,42.11,,
Malaysia,MYS,2019-12-01,Country or economy,Asia,Asia,0.0,0.0,0.0,0.0,1.0,Electricity generation,Fuel,Gas,%,36.18,,
Malaysia,MYS,2019-12-01,Country or economy,Asia,Asia,0.0,0.0,0.0,0.0,1.0,Electricity generation,Fuel,Hydro,%,18.06,,
Malaysia,MYS,2019-12-01,Country or economy,Asia,Asia,0.0,0.0,0.0,0.0,1.0,Electricity generation,Fuel,Other Fossil,%,0.66,,
Malaysia,MYS,2019-12-01,Country or economy,Asia,Asia,0.0,0.0,0.0,0.0,1.0,Electricity generation,Fuel,Solar,%,0.44,,
Malaysia,MYS,2019-12-01,Country or economy,Asia,Asia,0.0,0.0,0.0,0.0,1.0,Electricity generation,Fuel,Bioenergy,TWh,0.35,0.08,29.63
Malaysia,MYS,2019-12-01,Country or economy,Asia,Asia,0.0,0.0,0.0,0.0,1.0,Electricity generation,Fuel,Coal,TWh,5.76,-0.29,-4.79
Malaysia,MYS,2019-12-01,Country or economy,Asia,Asia,0.0,0.0,0.0,0.0,1.0,Electricity generation,Fuel,Gas,TWh,4.95,-0.06,-1.2
Malaysia,MYS,2019-12-01,Country or economy,Asia,Asia,0.0,0.0,0.0,0.0,1.0,Electricity generation,Fuel,Hydro,TWh,2.47,0.3,13.82
Malaysia,MYS,2019-12-01,Country or economy,Asia,Asia,0.0,0.0,0.0,0.0,1.0,Electricity generation,Fuel,Other Fossil,TWh,0.09,0.05,125.0
Malaysia,MYS,2019-12-01,Country or economy,Asia,Asia,0.0,0.0,0.0,0.0,1.0,Electricity generation,Fuel,Solar,TWh,0.06,0.04,200.0
Malaysia,MYS,2019-12-01,Country or economy,Asia,Asia,0.0,0.0,0.0,0.0,1.0,Electricity generation,Total,Total Generation,TWh,13.68,0.12,0.88
Malaysia,MYS,2019-12-01,Country or economy,Asia,Asia,0.0,0.0,0.0,0.0,1.0,Electricity imports,Electricity imports,Net Imports,TWh,0.03,0.03,
Malaysia,MYS,2019-12-01,Country or economy,Asia,Asia,0.0,0.0,0.0,0.0,1.0,Power sector emissions,Aggregate fuel,Clean,mtCO2,0.14,0.03,27.27
Malaysia,MYS,2019-12-01,Country or economy,Asia,Asia,0.0,0.0,0.0,0.0,1.0,Power sector emissions,Aggregate fuel,Fossil,mtCO2,8.56,-0.29,-3.28
Malaysia,MYS,2019-12-01,Country or economy,Asia,Asia,0.0,0.0,0.0,0.0,1.0,Power sector emissions,Aggregate fuel,Gas and Other Fossil,mtCO2,3.39,-0.01,-0.29
Malaysia,MYS,2019-12-01,Country or economy,Asia,Asia,0.0,0.0,0.0,0.0,1.0,Power sector emissions,Aggregate fuel,"Hydro, Bioenergy and Other Renewables",mtCO2,0.14,0.03,27.27
Malaysia,MYS,2019-12-01,Country or economy,Asia,Asia,0.0,0.0,0.0,0.0,1.0,Power sector emissions,Aggregate fuel,Renewables,mtCO2,0.14,0.03,27.27
Malaysia,MYS,2019-12-01,Country or economy,Asia,Asia,0.0,0.0,0.0,0.0,1.0,Power sector emissions,Aggregate fuel,Wind and Solar,mtCO2,0.0,0.0,
Malaysia,MYS,2019-12-01,Country or economy,Asia,Asia,0.0,0.0,0.0,0.0,1.0,Power sector emissions,CO2 intensity,CO2 intensity,gCO2/kWh,635.97,-24.8,-3.75
Malaysia,MYS,2019-12-01,Country or economy,Asia,Asia,0.0,0.0,0.0,0.0,1.0,Power sector emissions,Fuel,Bioenergy,mtCO2,0.08,0.02,33.33
Malaysia,MYS,2019-12-01,Country or economy,Asia,Asia,0.0,0.0,0.0,0.0,1.0,Power sector emissions,Fuel,Coal,mtCO2,5.17,-0.28,-5.14
Malaysia,MYS,2019-12-01,Country or economy,Asia,Asia,0.0,0.0,0.0,0.0,1.0,Power sector emissions,Fuel,Gas,mtCO2,3.33,-0.04,-1.19
Malaysia,MYS,2019-12-01,Country or economy,Asia,Asia,0.0,0.0,0.0,0.0,1.0,Power sector emissions,Fuel,Hydro,mtCO2,0.06,0.01,20.0
Malaysia,MYS,2019-12-01,Country or economy,Asia,Asia,0.0,0.0,0.0,0.0,1.0,Power sector emissions,Fuel,Other Fossil,mtCO2,0.06,0.03,100.0
Malaysia,MYS,2019-12-01,Country or economy,Asia,Asia,0.0,0.0,0.0,0.0,1.0,Power sector emissions,Fuel,Solar,mtCO2,0.0,0.0,
Malaysia,MYS,2019-12-01,Country or economy,Asia,Asia,0.0,0.0,0.0,0.0,1.0,Power sector emissions,Total,Total emissions,mtCO2,8.7,-0.26,-2.9
Malaysia,MYS,2020-01-01,Country or economy,Asia,Asia,0.0,0.0,0.0,0.0,1.0,Electricity demand,Demand,Demand,TWh,14.01,0.01,0.07
Malaysia,MYS,2020-01-01,Country or economy,Asia,Asia,0.0,0.0,0.0,0.0,1.0,Electricity generation,Aggregate fuel,Clean,%,18.7,,
Malaysia,MYS,2020-01-01,Country or economy,Asia,Asia,0.0,0.0,0.0,0.0,1.0,Electricity generation,Aggregate fuel,Fossil,%,81.3,,
Malaysia,MYS,2020-01-01,Country or economy,Asia,Asia,0.0,0.0,0.0,0.0,1.0,Electricity generation,Aggregate fuel,Gas and Other Fossil,%,30.34,,
Malaysia,MYS,2020-01-01,Country or economy,Asia,Asia,0.0,0.0,0.0,0.0,1.0,Electricity generation,Aggregate fuel,"Hydro, Bioenergy and Other Renewables",%,18.2,,
Malaysia,MYS,2020-01-01,Country or economy,Asia,Asia,0.0,0.0,0.0,0.0,1.0,Electricity generation,Aggregate fuel,Renewables,%,18.7,,
Malaysia,MYS,2020-01-01,Country or economy,Asia,Asia,0.0,0.0,0.0,0.0,1.0,Electricity generation,Aggregate fuel,Wind and Solar,%,0.5,,
Malaysia,MYS,2020-01-01,Country or economy,Asia,Asia,0.0,0.0,0.0,0.0,1.0,Electricity generation,Aggregate fuel,Clean,TWh,2.62,0.13,5.22
Malaysia,MYS,2020-01-01,Country or economy,Asia,Asia,0.0,0.0,0.0,0.0,1.0,Electricity generation,Aggregate fuel,Fossil,TWh,11.39,-0.11,-0.96
Malaysia,MYS,2020-01-01,Country or economy,Asia,Asia,0.0,0.0,0.0,0.0,1.0,Electricity generation,Aggregate fuel,Gas and Other Fossil,TWh,4.25,-1.27,-23.01
Malaysia,MYS,2020-01-01,Country or economy,Asia,Asia,0.0,0.0,0.0,0.0,1.0,Electricity generation,Aggregate fuel,"Hydro, Bioenergy and Other Renewables",TWh,2.55,0.09,3.66
Malaysia,MYS,2020-01-01,Country or economy,Asia,Asia,0.0,0.0,0.0,0.0,1.0,Electricity generation,Aggregate fuel,Renewables,TWh,2.62,0.13,5.22
Malaysia,MYS,2020-01-01,Country or economy,Asia,Asia,0.0,0.0,0.0,0.0,1.0,Electricity generation,Aggregate fuel,Wind and Solar,TWh,0.07,0.04,133.33
Malaysia,MYS,2020-01-01,Country or economy,Asia,Asia,0.0,0.0,0.0,0.0,1.0,Electricity generation,Fuel,Bioenergy,%,2.14,,
Malaysia,MYS,2020-01-01,Country or economy,Asia,Asia,0.0,0.0,0.0,0.0,1.0,Electricity generation,Fuel,Coal,%,50.96,,
Malaysia,MYS,2020-01-01,Country or economy,Asia,Asia,0.0,0.0,0.0,0.0,1.0,Electricity generation,Fuel,Gas,%,29.98,,
Malaysia,MYS,2020-01-01,Country or economy,Asia,Asia,0.0,0.0,0.0,0.0,1.0,Electricity generation,Fuel,Hydro,%,16.06,,
Malaysia,MYS,2020-01-01,Country or economy,Asia,Asia,0.0,0.0,0.0,0.0,1.0,Electricity generation,Fuel,Other Fossil,%,0.36,,
Malaysia,MYS,2020-01-01,Country or economy,Asia,Asia,0.0,0.0,0.0,0.0,1.0,Electricity generation,Fuel,Solar,%,0.5,,
Malaysia,MYS,2020-01-01,Country or economy,Asia,Asia,0.0,0.0,0.0,0.0,1.0,Electricity generation,Fuel,Bioenergy,TWh,0.3,-0.04,-11.76
Malaysia,MYS,2020-01-01,Country or economy,Asia,Asia,0.0,0.0,0.0,0.0,1.0,Electricity generation,Fuel,Coal,TWh,7.14,1.16,19.4
Malaysia,MYS,2020-01-01,Country or economy,Asia,Asia,0.0,0.0,0.0,0.0,1.0,Electricity generation,Fuel,Gas,TWh,4.2,-1.27,-23.22
Malaysia,MYS,2020-01-01,Country or economy,Asia,Asia,0.0,0.0,0.0,0.0,1.0,Electricity generation,Fuel,Hydro,TWh,2.25,0.13,6.13
Malaysia,MYS,2020-01-01,Country or economy,Asia,Asia,0.0,0.0,0.0,0.0,1.0,Electricity generation,Fuel,Other Fossil,TWh,0.05,0.0,0.0
Malaysia,MYS,2020-01-01,Country or economy,Asia,Asia,0.0,0.0,0.0,0.0,1.0,Electricity generation,Fuel,Solar,TWh,0.07,0.04,133.33
Malaysia,MYS,2020-01-01,Country or economy,Asia,Asia,0.0,0.0,0.0,0.0,1.0,Electricity generation,Total,Total Generation,TWh,14.01,0.02,0.14
Malaysia,MYS,2020-01-01,Country or economy,Asia,Asia,0.0,0.0,0.0,0.0,1.0,Electricity imports,Electricity imports,Net Imports,TWh,0.0,-0.01,-100.0
Malaysia,MYS,2020-01-01,Country or economy,Asia,Asia,0.0,0.0,0.0,0.0,1.0,Power sector emissions,Aggregate fuel,Clean,mtCO2,0.12,-0.01,-7.69
Malaysia,MYS,2020-01-01,Country or economy,Asia,Asia,0.0,0.0,0.0,0.0,1.0,Power sector emissions,Aggregate fuel,Fossil,mtCO2,9.25,0.16,1.76
Malaysia,MYS,2020-01-01,Country or economy,Asia,Asia,0.0,0.0,0.0,0.0,1.0,Power sector emissions,Aggregate fuel,Gas and Other Fossil,mtCO2,2.86,-0.86,-23.12
Malaysia,MYS,2020-01-01,Country or economy,Asia,Asia,0.0,0.0,0.0,0.0,1.0,Power sector emissions,Aggregate fuel,"Hydro, Bioenergy and Other Renewables",mtCO2,0.12,-0.01,-7.69
Malaysia,MYS,2020-01-01,Country or economy,Asia,Asia,0.0,0.0,0.0,0.0,1.0,Power sector emissions,Aggregate fuel,Renewables,mtCO2,0.12,-0.01,-7.69
Malaysia,MYS,2020-01-01,Country or economy,Asia,Asia,0.0,0.0,0.0,0.0,1.0,Power sector emissions,Aggregate fuel,Wind and Solar,mtCO2,0.0,0.0,
Malaysia,MYS,2020-01-01,Country or economy,Asia,Asia,0.0,0.0,0.0,0.0,1.0,Power sector emissions,CO2 intensity,CO2 intensity,gCO2/kWh,668.81,9.77,1.48
Malaysia,MYS,2020-01-01,Country or economy,Asia,Asia,0.0,0.0,0.0,0.0,1.0,Power sector emissions,Fuel,Bioenergy,mtCO2,0.07,-0.01,-12.5
Malaysia,MYS,2020-01-01,Country or economy,Asia,Asia,0.0,0.0,0.0,0.0,1.0,Power sector emissions,Fuel,Coal,mtCO2,6.39,1.02,18.99
Malaysia,MYS,2020-01-01,Country or economy,Asia,Asia,0.0,0.0,0.0,0.0,1.0,Power sector emissions,Fuel,Gas,mtCO2,2.82,-0.86,-23.37
Malaysia,MYS,2020-01-01,Country or economy,Asia,Asia,0.0,0.0,0.0,0.0,1.0,Power sector emissions,Fuel,Hydro,mtCO2,0.05,0.0,0.0
Malaysia,MYS,2020-01-01,Country or economy,Asia,Asia,0.0,0.0,0.0,0.0,1.0,Power sector emissions,Fuel,Other Fossil,mtCO2,0.04,0.0,0.0
Malaysia,MYS,2020-01-01,Country or economy,Asia,Asia,0.0,0.0,0.0,0.0,1.0,Power sector emissions,Fuel,Solar,mtCO2,0.0,0.0,
Malaysia,MYS,2020-01-01,Country or economy,Asia,Asia,0.0,0.0,0.0,0.0,1.0,Power sector emissions,Total,Total emissions,mtCO2,9.37,0.15,1.63
Malaysia,MYS,2020-02-01,Country or economy,Asia,Asia,0.0,0.0,0.0,0.0,1.0,Electricity demand,Demand,Demand,TWh,13.36,1.04,8.44
Malaysia,MYS,2020-02-01,Country or economy,Asia,Asia,0.0,0.0,0.0,0.0,1.0,Electricity generation,Aggregate fuel,Clean,%,18.34,,
Malaysia,MYS,2020-02-01,Country or economy,Asia,Asia,0.0,0.0,0.0,0.0,1.0,Electricity generation,Aggregate fuel,Fossil,%,81.66,,
Malaysia,MYS,2020-02-01,Country or economy,Asia,Asia,0.0,0.0,0.0,0.0,1.0,Electricity generation,Aggregate fuel,Gas and Other Fossil,%,31.66,,
Malaysia,MYS,2020-02-01,Country or economy,Asia,Asia,0.0,0.0,0.0,0.0,1.0,Electricity generation,Aggregate fuel,"Hydro, Bioenergy and Other Renewables",%,17.82,,
Malaysia,MYS,2020-02-01,Country or economy,Asia,Asia,0.0,0.0,0.0,0.0,1.0,Electricity generation,Aggregate fuel,Renewables,%,18.34,,
Malaysia,MYS,2020-02-01,Country or economy,Asia,Asia,0.0,0.0,0.0,0.0,1.0,Electricity generation,Aggregate fuel,Wind and Solar,%,0.52,,
Malaysia,MYS,2020-02-01,Country or economy,Asia,Asia,0.0,0.0,0.0,0.0,1.0,Electricity generation,Aggregate fuel,Clean,TWh,2.45,0.23,10.36
Malaysia,MYS,2020-02-01,Country or economy,Asia,Asia,0.0,0.0,0.0,0.0,1.0,Electricity generation,Aggregate fuel,Fossil,TWh,10.91,0.82,8.13
Malaysia,MYS,2020-02-01,Country or economy,Asia,Asia,0.0,0.0,0.0,0.0,1.0,Electricity generation,Aggregate fuel,Gas and Other Fossil,TWh,4.23,-0.49,-10.38
Malaysia,MYS,2020-02-01,Country or economy,Asia,Asia,0.0,0.0,0.0,0.0,1.0,Electricity generation,Aggregate fuel,"Hydro, Bioenergy and Other Renewables",TWh,2.38,0.2,9.17
Malaysia,MYS,2020-02-01,Country or economy,Asia,Asia,0.0,0.0,0.0,0.0,1.0,Electricity generation,Aggregate fuel,Renewables,TWh,2.45,0.23,10.36
Malaysia,MYS,2020-02-01,Country or economy,Asia,Asia,0.0,0.0,0.0,0.0,1.0,Electricity generation,Aggregate fuel,Wind and Solar,TWh,0.07,0.03,75.0
Malaysia,MYS,2020-02-01,Country or economy,Asia,Asia,0.0,0.0,0.0,0.0,1.0,Electricity generation,Fuel,Bioenergy,%,2.1,,
Malaysia,MYS,2020-02-01,Country or economy,Asia,Asia,0.0,0.0,0.0,0.0,1.0,Electricity generation,Fuel,Coal,%,50.0,,
Malaysia,MYS,2020-02-01,Country or economy,Asia,Asia,0.0,0.0,0.0,0.0,1.0,Electricity generation,Fuel,Gas,%,31.36,,
Malaysia,MYS,2020-02-01,Country or economy,Asia,Asia,0.0,0.0,0.0,0.0,1.0,Electricity generation,Fuel,Hydro,%,15.72,,
Malaysia,MYS,2020-02-01,Country or economy,Asia,Asia,0.0,0.0,0.0,0.0,1.0,Electricity generation,Fuel,Other Fossil,%,0.3,,
Malaysia,MYS,2020-02-01,Country or economy,Asia,Asia,0.0,0.0,0.0,0.0,1.0,Electricity generation,Fuel,Solar,%,0.52,,
Malaysia,MYS,2020-02-01,Country or economy,Asia,Asia,0.0,0.0,0.0,0.0,1.0,Electricity generation,Fuel,Bioenergy,TWh,0.28,-0.03,-9.68
Malaysia,MYS,2020-02-01,Country or economy,Asia,Asia,0.0,0.0,0.0,0.0,1.0,Electricity generation,Fuel,Coal,TWh,6.68,1.31,24.39
Malaysia,MYS,2020-02-01,Country or economy,Asia,Asia,0.0,0.0,0.0,0.0,1.0,Electricity generation,Fuel,Gas,TWh,4.19,-0.48,-10.28
Malaysia,MYS,2020-02-01,Country or economy,Asia,Asia,0.0,0.0,0.0,0.0,1.0,Electricity generation,Fuel,Hydro,TWh,2.1,0.23,12.3
Malaysia,MYS,2020-02-01,Country or economy,Asia,Asia,0.0,0.0,0.0,0.0,1.0,Electricity generation,Fuel,Other Fossil,TWh,0.04,-0.01,-20.0
Malaysia,MYS,2020-02-01,Country or economy,Asia,Asia,0.0,0.0,0.0,0.0,1.0,Electricity generation,Fuel,Solar,TWh,0.07,0.03,75.0
Malaysia,MYS,2020-02-01,Country or economy,Asia,Asia,0.0,0.0,0.0,0.0,1.0,Electricity generation,Total,Total Generation,TWh,13.36,1.05,8.53
Malaysia,MYS,2020-02-01,Country or economy,Asia,Asia,0.0,0.0,0.0,0.0,1.0,Electricity imports,Electricity imports,Net Imports,TWh,0.0,-0.01,-100.0
Malaysia,MYS,2020-02-01,Country or economy,Asia,Asia,0.0,0.0,0.0,0.0,1.0,Power sector emissions,Aggregate fuel,Clean,mtCO2,0.11,0.0,0.0
Malaysia,MYS,2020-02-01,Country or economy,Asia,Asia,0.0,0.0,0.0,0.0,1.0,Power sector emissions,Aggregate fuel,Fossil,mtCO2,8.83,0.83,10.38
Malaysia,MYS,2020-02-01,Country or economy,Asia,Asia,0.0,0.0,0.0,0.0,1.0,Power sector emissions,Aggregate fuel,Gas and Other Fossil,mtCO2,2.85,-0.33,-10.38
Malaysia,MYS,2020-02-01,Country or economy,Asia,Asia,0.0,0.0,0.0,0.0,1.0,Power sector emissions,Aggregate fuel,"Hydro, Bioenergy and Other Renewables",mtCO2,0.11,0.0,0.0
Malaysia,MYS,2020-02-01,Country or economy,Asia,Asia,0.0,0.0,0.0,0.0,1.0,Power sector emissions,Aggregate fuel,Renewables,mtCO2,0.11,0.0,0.0
Malaysia,MYS,2020-02-01,Country or economy,Asia,Asia,0.0,0.0,0.0,0.0,1.0,Power sector emissions,Aggregate fuel,Wind and Solar,mtCO2,0.0,0.0,
Malaysia,MYS,2020-02-01,Country or economy,Asia,Asia,0.0,0.0,0.0,0.0,1.0,Power sector emissions,CO2 intensity,CO2 intensity,gCO2/kWh,669.16,10.35,1.57
Malaysia,MYS,2020-02-01,Country or economy,Asia,Asia,0.0,0.0,0.0,0.0,1.0,Power sector emissions,Fuel,Bioenergy,mtCO2,0.06,-0.01,-14.29
Malaysia,MYS,2020-02-01,Country or economy,Asia,Asia,0.0,0.0,0.0,0.0,1.0,Power sector emissions,Fuel,Coal,mtCO2,5.98,1.16,24.07
Malaysia,MYS,2020-02-01,Country or economy,Asia,Asia,0.0,0.0,0.0,0.0,1.0,Power sector emissions,Fuel,Gas,mtCO2,2.82,-0.32,-10.19
Malaysia,MYS,2020-02-01,Country or economy,Asia,Asia,0.0,0.0,0.0,0.0,1.0,Power sector emissions,Fuel,Hydro,mtCO2,0.05,0.01,25.0
Malaysia,MYS,2020-02-01,Country or economy,Asia,Asia,0.0,0.0,0.0,0.0,1.0,Power sector emissions,Fuel,Other Fossil,mtCO2,0.03,-0.01,-25.0
Malaysia,MYS,2020-02-01,Country or economy,Asia,Asia,0.0,0.0,0.0,0.0,1.0,Power sector emissions,Fuel,Solar,mtCO2,0.0,0.0,
Malaysia,MYS,2020-02-01,Country or economy,Asia,Asia,0.0,0.0,0.0,0.0,1.0,Power sector emissions,Total,Total emissions,mtCO2,8.94,0.83,10.23
Malaysia,MYS,2020-03-01,Country or economy,Asia,Asia,0.0,0.0,0.0,0.0,1.0,Electricity demand,Demand,Demand,TWh,13.32,-1.13,-7.82
Malaysia,MYS,2020-03-01,Country or economy,Asia,Asia,0.0,0.0,0.0,0.0,1.0,Electricity generation,Aggregate fuel,Clean,%,19.14,,
Malaysia,MYS,2020-03-01,Country or economy,Asia,Asia,0.0,0.0,0.0,0.0,1.0,Electricity generation,Aggregate fuel,Fossil,%,80.85,,
Malaysia,MYS,2020-03-01,Country or economy,Asia,Asia,0.0,0.0,0.0,0.0,1.0,Electricity generation,Aggregate fuel,Gas and Other Fossil,%,29.65,,
Malaysia,MYS,2020-03-01,Country or economy,Asia,Asia,0.0,0.0,0.0,0.0,1.0,Electricity generation,Aggregate fuel,"Hydro, Bioenergy and Other Renewables",%,18.54,,
Malaysia,MYS,2020-03-01,Country or economy,Asia,Asia,0.0,0.0,0.0,0.0,1.0,Electricity generation,Aggregate fuel,Renewables,%,19.14,,
Malaysia,MYS,2020-03-01,Country or economy,Asia,Asia,0.0,0.0,0.0,0.0,1.0,Electricity generation,Aggregate fuel,Wind and Solar,%,0.6,,
Malaysia,MYS,2020-03-01,Country or economy,Asia,Asia,0.0,0.0,0.0,0.0,1.0,Electricity generation,Aggregate fuel,Clean,TWh,2.55,-0.05,-1.92
Malaysia,MYS,2020-03-01,Country or economy,Asia,Asia,0.0,0.0,0.0,0.0,1.0,Electricity generation,Aggregate fuel,Fossil,TWh,10.77,-1.07,-9.04
Malaysia,MYS,2020-03-01,Country or economy,Asia,Asia,0.0,0.0,0.0,0.0,1.0,Electricity generation,Aggregate fuel,Gas and Other Fossil,TWh,3.95,-1.63,-29.21
Malaysia,MYS,2020-03-01,Country or economy,Asia,Asia,0.0,0.0,0.0,0.0,1.0,Electricity generation,Aggregate fuel,"Hydro, Bioenergy and Other Renewables",TWh,2.47,-0.08,-3.14
Malaysia,MYS,2020-03-01,Country or economy,Asia,Asia,0.0,0.0,0.0,0.0,1.0,Electricity generation,Aggregate fuel,Renewables,TWh,2.55,-0.05,-1.92
Malaysia,MYS,2020-03-01,Country or economy,Asia,Asia,0.0,0.0,0.0,0.0,1.0,Electricity generation,Aggregate fuel,Wind and Solar,TWh,0.08,0.03,60.0
Malaysia,MYS,2020-03-01,Country or economy,Asia,Asia,0.0,0.0,0.0,0.0,1.0,Electricity generation,Fuel,Bioenergy,%,2.25,,
Malaysia,MYS,2020-03-01,Country or economy,Asia,Asia,0.0,0.0,0.0,0.0,1.0,Electricity generation,Fuel,Coal,%,51.2,,
Malaysia,MYS,2020-03-01,Country or economy,Asia,Asia,0.0,0.0,0.0,0.0,1.0,Electricity generation,Fuel,Gas,%,29.35,,
Malaysia,MYS,2020-03-01,Country or economy,Asia,Asia,0.0,0.0,0.0,0.0,1.0,Electricity generation,Fuel,Hydro,%,16.29,,
Malaysia,MYS,2020-03-01,Country or economy,Asia,Asia,0.0,0.0,0.0,0.0,1.0,Electricity generation,Fuel,Other Fossil,%,0.3,,
Malaysia,MYS,2020-03-01,Country or economy,Asia,Asia,0.0,0.0,0.0,0.0,1.0,Electricity generation,Fuel,Solar,%,0.6,,
Malaysia,MYS,2020-03-01,Country or economy,Asia,Asia,0.0,0.0,0.0,0.0,1.0,Electricity generation,Fuel,Bioenergy,TWh,0.3,-0.05,-14.29
Malaysia,MYS,2020-03-01,Country or economy,Asia,Asia,0.0,0.0,0.0,0.0,1.0,Electricity generation,Fuel,Coal,TWh,6.82,0.56,8.95
Malaysia,MYS,2020-03-01,Country or economy,Asia,Asia,0.0,0.0,0.0,0.0,1.0,Electricity generation,Fuel,Gas,TWh,3.91,-1.59,-28.91
Malaysia,MYS,2020-03-01,Country or economy,Asia,Asia,0.0,0.0,0.0,0.0,1.0,Electricity generation,Fuel,Hydro,TWh,2.17,-0.03,-1.36
Malaysia,MYS,2020-03-01,Country or economy,Asia,Asia,0.0,0.0,0.0,0.0,1.0,Electricity generation,Fuel,Other Fossil,TWh,0.04,-0.04,-50.0
Malaysia,MYS,2020-03-01,Country or economy,Asia,Asia,0.0,0.0,0.0,0.0,1.0,Electricity generation,Fuel,Solar,TWh,0.08,0.03,60.0
Malaysia,MYS,2020-03-01,Country or economy,Asia,Asia,0.0,0.0,0.0,0.0,1.0,Electricity generation,Total,Total Generation,TWh,13.32,-1.12,-7.76
Malaysia,MYS,2020-03-01,Country or economy,Asia,Asia,0.0,0.0,0.0,0.0,1.0,Electricity imports,Electricity imports,Net Imports,TWh,0.0,-0.01,-100.0
Malaysia,MYS,2020-03-01,Country or economy,Asia,Asia,0.0,0.0,0.0,0.0,1.0,Power sector emissions,Aggregate fuel,Clean,mtCO2,0.12,-0.01,-7.69
Malaysia,MYS,2020-03-01,Country or economy,Asia,Asia,0.0,0.0,0.0,0.0,1.0,Power sector emissions,Aggregate fuel,Fossil,mtCO2,8.76,-0.62,-6.61
Malaysia,MYS,2020-03-01,Country or economy,Asia,Asia,0.0,0.0,0.0,0.0,1.0,Power sector emissions,Aggregate fuel,Gas and Other Fossil,mtCO2,2.66,-1.1,-29.26
Malaysia,MYS,2020-03-01,Country or economy,Asia,Asia,0.0,0.0,0.0,0.0,1.0,Power sector emissions,Aggregate fuel,"Hydro, Bioenergy and Other Renewables",mtCO2,0.12,-0.01,-7.69
Malaysia,MYS,2020-03-01,Country or economy,Asia,Asia,0.0,0.0,0.0,0.0,1.0,Power sector emissions,Aggregate fuel,Renewables,mtCO2,0.12,-0.01,-7.69
Malaysia,MYS,2020-03-01,Country or economy,Asia,Asia,0.0,0.0,0.0,0.0,1.0,Power sector emissions,Aggregate fuel,Wind and Solar,mtCO2,0.0,0.0,
Malaysia,MYS,2020-03-01,Country or economy,Asia,Asia,0.0,0.0,0.0,0.0,1.0,Power sector emissions,CO2 intensity,CO2 intensity,gCO2/kWh,666.67,8.08,1.23
Malaysia,MYS,2020-03-01,Country or economy,Asia,Asia,0.0,0.0,0.0,0.0,1.0,Power sector emissions,Fuel,Bioenergy,mtCO2,0.07,-0.01,-12.5
Malaysia,MYS,2020-03-01,Country or economy,Asia,Asia,0.0,0.0,0.0,0.0,1.0,Power sector emissions,Fuel,Coal,mtCO2,6.1,0.48,8.54
Malaysia,MYS,2020-03-01,Country or economy,Asia,Asia,0.0,0.0,0.0,0.0,1.0,Power sector emissions,Fuel,Gas,mtCO2,2.63,-1.07,-28.92
Malaysia,MYS,2020-03-01,Country or economy,Asia,Asia,0.0,0.0,0.0,0.0,1.0,Power sector emissions,Fuel,Hydro,mtCO2,0.05,0.0,0.0
Malaysia,MYS,2020-03-01,Country or economy,Asia,Asia,0.0,0.0,0.0,0.0,1.0,Power sector emissions,Fuel,Other Fossil,mtCO2,0.03,-0.03,-50.0
Malaysia,MYS,2020-03-01,Country or economy,Asia,Asia,0.0,0.0,0.0,0.0,1.0,Power sector emissions,Fuel,Solar,mtCO2,0.0,0.0,
Malaysia,MYS,2020-03-01,Country or economy,Asia,Asia,0.0,0.0,0.0,0.0,1.0,Power sector emissions,Total,Total emissions,mtCO2,8.88,-0.63,-6.62
Malaysia,MYS,2020-04-01,Country or economy,Asia,Asia,0.0,0.0,0.0,0.0,1.0,Electricity demand,Demand,Demand,TWh,11.51,-2.72,-19.11
Malaysia,MYS,2020-04-01,Country or economy,Asia,Asia,0.0,0.0,0.0,0.0,1.0,Electricity generation,Aggregate fuel,Clean,%,20.75,,
Malaysia,MYS,2020-04-01,Country or economy,Asia,Asia,0.0,0.0,0.0,0.0,1.0,Electricity generation,Aggregate fuel,Fossil,%,79.26,,
Malaysia,MYS,2020-04-01,Country or economy,Asia,Asia,0.0,0.0,0.0,0.0,1.0,Electricity generation,Aggregate fuel,Gas and Other Fossil,%,29.43,,
Malaysia,MYS,2020-04-01,Country or economy,Asia,Asia,0.0,0.0,0.0,0.0,1.0,Electricity generation,Aggregate fuel,"Hydro, Bioenergy and Other Renewables",%,20.14,,
Malaysia,MYS,2020-04-01,Country or economy,Asia,Asia,0.0,0.0,0.0,0.0,1.0,Electricity generation,Aggregate fuel,Renewables,%,20.75,,
Malaysia,MYS,2020-04-01,Country or economy,Asia,Asia,0.0,0.0,0.0,0.0,1.0,Electricity generation,Aggregate fuel,Wind and Solar,%,0.61,,
Malaysia,MYS,2020-04-01,Country or economy,Asia,Asia,0.0,0.0,0.0,0.0,1.0,Electricity generation,Aggregate fuel,Clean,TWh,2.39,-0.04,-1.65
Malaysia,MYS,2020-04-01,Country or economy,Asia,Asia,0.0,0.0,0.0,0.0,1.0,Electricity generation,Aggregate fuel,Fossil,TWh,9.13,-2.67,-22.63
Malaysia,MYS,2020-04-01,Country or economy,Asia,Asia,0.0,0.0,0.0,0.0,1.0,Electricity generation,Aggregate fuel,Gas and Other Fossil,TWh,3.39,-2.45,-41.95
Malaysia,MYS,2020-04-01,Country or economy,Asia,Asia,0.0,0.0,0.0,0.0,1.0,Electricity generation,Aggregate fuel,"Hydro, Bioenergy and Other Renewables",TWh,2.32,-0.07,-2.93
Malaysia,MYS,2020-04-01,Country or economy,Asia,Asia,0.0,0.0,0.0,0.0,1.0,Electricity generation,Aggregate fuel,Renewables,TWh,2.39,-0.04,-1.65
Malaysia,MYS,2020-04-01,Country or economy,Asia,Asia,0.0,0.0,0.0,0.0,1.0,Electricity generation,Aggregate fuel,Wind and Solar,TWh,0.07,0.03,75.0
Malaysia,MYS,2020-04-01,Country or economy,Asia,Asia,0.0,0.0,0.0,0.0,1.0,Electricity generation,Fuel,Bioenergy,%,2.43,,
Malaysia,MYS,2020-04-01,Country or economy,Asia,Asia,0.0,0.0,0.0,0.0,1.0,Electricity generation,Fuel,Coal,%,49.83,,
Malaysia,MYS,2020-04-01,Country or economy,Asia,Asia,0.0,0.0,0.0,0.0,1.0,Electricity generation,Fuel,Gas,%,29.08,,
Malaysia,MYS,2020-04-01,Country or economy,Asia,Asia,0.0,0.0,0.0,0.0,1.0,Electricity generation,Fuel,Hydro,%,17.71,,
Malaysia,MYS,2020-04-01,Country or economy,Asia,Asia,0.0,0.0,0.0,0.0,1.0,Electricity generation,Fuel,Other Fossil,%,0.35,,
Malaysia,MYS,2020-04-01,Country or economy,Asia,Asia,0.0,0.0,0.0,0.0,1.0,Electricity generation,Fuel,Solar,%,0.61,,
Malaysia,MYS,2020-04-01,Country or economy,Asia,Asia,0.0,0.0,0.0,0.0,1.0,Electricity generation,Fuel,Bioenergy,TWh,0.28,-0.07,-20.0
Malaysia,MYS,2020-04-01,Country or economy,Asia,Asia,0.0,0.0,0.0,0.0,1.0,Electricity generation,Fuel,Coal,TWh,5.74,-0.22,-3.69
Malaysia,MYS,2020-04-01,Country or economy,Asia,Asia,0.0,0.0,0.0,0.0,1.0,Electricity generation,Fuel,Gas,TWh,3.35,-2.44,-42.14
Malaysia,MYS,2020-04-01,Country or economy,Asia,Asia,0.0,0.0,0.0,0.0,1.0,Electricity generation,Fuel,Hydro,TWh,2.04,0.0,0.0
Malaysia,MYS,2020-04-01,Country or economy,Asia,Asia,0.0,0.0,0.0,0.0,1.0,Electricity generation,Fuel,Other Fossil,TWh,0.04,-0.01,-20.0
Malaysia,MYS,2020-04-01,Country or economy,Asia,Asia,0.0,0.0,0.0,0.0,1.0,Electricity generation,Fuel,Solar,TWh,0.07,0.03,75.0
Malaysia,MYS,2020-04-01,Country or economy,Asia,Asia,0.0,0.0,0.0,0.0,1.0,Electricity generation,Total,Total Generation,TWh,11.52,-2.71,-19.04
Malaysia,MYS,2020-04-01,Country or economy,Asia,Asia,0.0,0.0,0.0,0.0,1.0,Electricity imports,Electricity imports,Net Imports,TWh,-0.01,-0.01,
Malaysia,MYS,2020-04-01,Country or economy,Asia,Asia,0.0,0.0,0.0,0.0,1.0,Power sector emissions,Aggregate fuel,Clean,mtCO2,0.11,-0.02,-15.38
Malaysia,MYS,2020-04-01,Country or economy,Asia,Asia,0.0,0.0,0.0,0.0,1.0,Power sector emissions,Aggregate fuel,Fossil,mtCO2,7.42,-1.86,-20.04
Malaysia,MYS,2020-04-01,Country or economy,Asia,Asia,0.0,0.0,0.0,0.0,1.0,Power sector emissions,Aggregate fuel,Gas and Other Fossil,mtCO2,2.28,-1.65,-41.98
Malaysia,MYS,2020-04-01,Country or economy,Asia,Asia,0.0,0.0,0.0,0.0,1.0,Power sector emissions,Aggregate fuel,"Hydro, Bioenergy and Other Renewables",mtCO2,0.11,-0.02,-15.38
Malaysia,MYS,2020-04-01,Country or economy,Asia,Asia,0.0,0.0,0.0,0.0,1.0,Power sector emissions,Aggregate fuel,Renewables,mtCO2,0.11,-0.02,-15.38
Malaysia,MYS,2020-04-01,Country or economy,Asia,Asia,0.0,0.0,0.0,0.0,1.0,Power sector emissions,Aggregate fuel,Wind and Solar,mtCO2,0.0,0.0,
Malaysia,MYS,2020-04-01,Country or economy,Asia,Asia,0.0,0.0,0.0,0.0,1.0,Power sector emissions,CO2 intensity,CO2 intensity,gCO2/kWh,653.65,-7.63,-1.15
Malaysia,MYS,2020-04-01,Country or economy,Asia,Asia,0.0,0.0,0.0,0.0,1.0,Power sector emissions,Fuel,Bioenergy,mtCO2,0.06,-0.02,-25.0
Malaysia,MYS,2020-04-01,Country or economy,Asia,Asia,0.0,0.0,0.0,0.0,1.0,Power sector emissions,Fuel,Coal,mtCO2,5.14,-0.21,-3.93
Malaysia,MYS,2020-04-01,Country or economy,Asia,Asia,0.0,0.0,0.0,0.0,1.0,Power sector emissions,Fuel,Gas,mtCO2,2.25,-1.64,-42.16
Malaysia,MYS,2020-04-01,Country or economy,Asia,Asia,0.0,0.0,0.0,0.0,1.0,Power sector emissions,Fuel,Hydro,mtCO2,0.05,0.0,0.0
Malaysia,MYS,2020-04-01,Country or economy,Asia,Asia,0.0,0.0,0.0,0.0,1.0,Power sector emissions,Fuel,Other Fossil,mtCO2,0.03,-0.01,-25.0
Malaysia,MYS,2020-04-01,Country or economy,Asia,Asia,0.0,0.0,0.0,0.0,1.0,Power sector emissions,Fuel,Solar,mtCO2,0.0,0.0,
Malaysia,MYS,2020-04-01,Country or economy,Asia,Asia,0.0,0.0,0.0,0.0,1.0,Power sector emissions,Total,Total emissions,mtCO2,7.53,-1.88,-19.98
Malaysia,MYS,2020-05-01,Country or economy,Asia,Asia,0.0,0.0,0.0,0.0,1.0,Electricity demand,Demand,Demand,TWh,13.07,-1.45,-9.99
Malaysia,MYS,2020-05-01,Country or economy,Asia,Asia,0.0,0.0,0.0,0.0,1.0,Electricity generation,Aggregate fuel,Clean,%,19.04,,
Malaysia,MYS,2020-05-01,Country or economy,Asia,Asia,0.0,0.0,0.0,0.0,1.0,Electricity generation,Aggregate fuel,Fossil,%,80.96,,
Malaysia,MYS,2020-05-01,Country or economy,Asia,Asia,0.0,0.0,0.0,0.0,1.0,Electricity generation,Aggregate fuel,Gas and Other Fossil,%,29.74,,
Malaysia,MYS,2020-05-01,Country or economy,Asia,Asia,0.0,0.0,0.0,0.0,1.0,Electricity generation,Aggregate fuel,"Hydro, Bioenergy and Other Renewables",%,18.5,,
Malaysia,MYS,2020-05-01,Country or economy,Asia,Asia,0.0,0.0,0.0,0.0,1.0,Electricity generation,Aggregate fuel,Renewables,%,19.04,,
Malaysia,MYS,2020-05-01,Country or economy,Asia,Asia,0.0,0.0,0.0,0.0,1.0,Electricity generation,Aggregate fuel,Wind and Solar,%,0.54,,
Malaysia,MYS,2020-05-01,Country or economy,Asia,Asia,0.0,0.0,0.0,0.0,1.0,Electricity generation,Aggregate fuel,Clean,TWh,2.49,-0.06,-2.35
Malaysia,MYS,2020-05-01,Country or economy,Asia,Asia,0.0,0.0,0.0,0.0,1.0,Electricity generation,Aggregate fuel,Fossil,TWh,10.59,-1.38,-11.53
Malaysia,MYS,2020-05-01,Country or economy,Asia,Asia,0.0,0.0,0.0,0.0,1.0,Electricity generation,Aggregate fuel,Gas and Other Fossil,TWh,3.89,-1.53,-28.23
Malaysia,MYS,2020-05-01,Country or economy,Asia,Asia,0.0,0.0,0.0,0.0,1.0,Electricity generation,Aggregate fuel,"Hydro, Bioenergy and Other Renewables",TWh,2.42,-0.08,-3.2
Malaysia,MYS,2020-05-01,Country or economy,Asia,Asia,0.0,0.0,0.0,0.0,1.0,Electricity generation,Aggregate fuel,Renewables,TWh,2.49,-0.06,-2.35
Malaysia,MYS,2020-05-01,Country or economy,Asia,Asia,0.0,0.0,0.0,0.0,1.0,Electricity generation,Aggregate fuel,Wind and Solar,TWh,0.07,0.02,40.0
Malaysia,MYS,2020-05-01,Country or economy,Asia,Asia,0.0,0.0,0.0,0.0,1.0,Electricity generation,Fuel,Bioenergy,%,2.14,,
Malaysia,MYS,2020-05-01,Country or economy,Asia,Asia,0.0,0.0,0.0,0.0,1.0,Electricity generation,Fuel,Coal,%,51.22,,
Malaysia,MYS,2020-05-01,Country or economy,Asia,Asia,0.0,0.0,0.0,0.0,1.0,Electricity generation,Fuel,Gas,%,29.43,,
Malaysia,MYS,2020-05-01,Country or economy,Asia,Asia,0.0,0.0,0.0,0.0,1.0,Electricity generation,Fuel,Hydro,%,16.36,,
Malaysia,MYS,2020-05-01,Country or economy,Asia,Asia,0.0,0.0,0.0,0.0,1.0,Electricity generation,Fuel,Other Fossil,%,0.31,,
Malaysia,MYS,2020-05-01,Country or economy,Asia,Asia,0.0,0.0,0.0,0.0,1.0,Electricity generation,Fuel,Solar,%,0.54,,
Malaysia,MYS,2020-05-01,Country or economy,Asia,Asia,0.0,0.0,0.0,0.0,1.0,Electricity generation,Fuel,Bioenergy,TWh,0.28,-0.08,-22.22
Malaysia,MYS,2020-05-01,Country or economy,Asia,Asia,0.0,0.0,0.0,0.0,1.0,Electricity generation,Fuel,Coal,TWh,6.7,0.15,2.29
Malaysia,MYS,2020-05-01,Country or economy,Asia,Asia,0.0,0.0,0.0,0.0,1.0,Electricity generation,Fuel,Gas,TWh,3.85,-1.52,-28.31
Malaysia,MYS,2020-05-01,Country or economy,Asia,Asia,0.0,0.0,0.0,0.0,1.0,Electricity generation,Fuel,Hydro,TWh,2.14,0.0,0.0
Malaysia,MYS,2020-05-01,Country or economy,Asia,Asia,0.0,0.0,0.0,0.0,1.0,Electricity generation,Fuel,Other Fossil,TWh,0.04,-0.01,-20.0
Malaysia,MYS,2020-05-01,Country or economy,Asia,Asia,0.0,0.0,0.0,0.0,1.0,Electricity generation,Fuel,Solar,TWh,0.07,0.02,40.0
Malaysia,MYS,2020-05-01,Country or economy,Asia,Asia,0.0,0.0,0.0,0.0,1.0,Electricity generation,Total,Total Generation,TWh,13.08,-1.44,-9.92
Malaysia,MYS,2020-05-01,Country or economy,Asia,Asia,0.0,0.0,0.0,0.0,1.0,Electricity imports,Electricity imports,Net Imports,TWh,-0.01,-0.01,
Malaysia,MYS,2020-05-01,Country or economy,Asia,Asia,0.0,0.0,0.0,0.0,1.0,Power sector emissions,Aggregate fuel,Clean,mtCO2,0.11,-0.02,-15.38
Malaysia,MYS,2020-05-01,Country or economy,Asia,Asia,0.0,0.0,0.0,0.0,1.0,Power sector emissions,Aggregate fuel,Fossil,mtCO2,8.62,-0.91,-9.55
Malaysia,MYS,2020-05-01,Country or economy,Asia,Asia,0.0,0.0,0.0,0.0,1.0,Power sector emissions,Aggregate fuel,Gas and Other Fossil,mtCO2,2.62,-1.03,-28.22
Malaysia,MYS,2020-05-01,Country or economy,Asia,Asia,0.0,0.0,0.0,0.0,1.0,Power sector emissions,Aggregate fuel,"Hydro, Bioenergy and Other Renewables",mtCO2,0.11,-0.02,-15.38
Malaysia,MYS,2020-05-01,Country or economy,Asia,Asia,0.0,0.0,0.0,0.0,1.0,Power sector emissions,Aggregate fuel,Renewables,mtCO2,0.11,-0.02,-15.38
Malaysia,MYS,2020-05-01,Country or economy,Asia,Asia,0.0,0.0,0.0,0.0,1.0,Power sector emissions,Aggregate fuel,Wind and Solar,mtCO2,0.0,0.0,
Malaysia,MYS,2020-05-01,Country or economy,Asia,Asia,0.0,0.0,0.0,0.0,1.0,Power sector emissions,CO2 intensity,CO2 intensity,gCO2/kWh,667.43,2.14,0.32
Malaysia,MYS,2020-05-01,Country or economy,Asia,Asia,0.0,0.0,0.0,0.0,1.0,Power sector emissions,Fuel,Bioenergy,mtCO2,0.06,-0.02,-25.0
Malaysia,MYS,2020-05-01,Country or economy,Asia,Asia,0.0,0.0,0.0,0.0,1.0,Power sector emissions,Fuel,Coal,mtCO2,6.0,0.12,2.04
Malaysia,MYS,2020-05-01,Country or economy,Asia,Asia,0.0,0.0,0.0,0.0,1.0,Power sector emissions,Fuel,Gas,mtCO2,2.59,-1.02,-28.25
Malaysia,MYS,2020-05-01,Country or economy,Asia,Asia,0.0,0.0,0.0,0.0,1.0,Power sector emissions,Fuel,Hydro,mtCO2,0.05,0.0,0.0
Malaysia,MYS,2020-05-01,Country or economy,Asia,Asia,0.0,0.0,0.0,0.0,1.0,Power sector emissions,Fuel,Other Fossil,mtCO2,0.03,-0.01,-25.0
Malaysia,MYS,2020-05-01,Country or economy,Asia,Asia,0.0,0.0,0.0,0.0,1.0,Power sector emissions,Fuel,Solar,mtCO2,0.0,0.0,
Malaysia,MYS,2020-05-01,Country or economy,Asia,Asia,0.0,0.0,0.0,0.0,1.0,Power sector emissions,Total,Total emissions,mtCO2,8.73,-0.93,-9.63
Malaysia,MYS,2020-06-01,Country or economy,Asia,Asia,0.0,0.0,0.0,0.0,1.0,Electricity demand,Demand,Demand,TWh,13.11,-0.32,-2.38
Malaysia,MYS,2020-06-01,Country or economy,Asia,Asia,0.0,0.0,0.0,0.0,1.0,Electricity generation,Aggregate fuel,Clean,%,18.15,,
Malaysia,MYS,2020-06-01,Country or economy,Asia,Asia,0.0,0.0,0.0,0.0,1.0,Electricity generation,Aggregate fuel,Fossil,%,81.85,,
Malaysia,MYS,2020-06-01,Country or economy,Asia,Asia,0.0,0.0,0.0,0.0,1.0,Electricity generation,Aggregate fuel,Gas and Other Fossil,%,30.59,,
Malaysia,MYS,2020-06-01,Country or economy,Asia,Asia,0.0,0.0,0.0,0.0,1.0,Electricity generation,Aggregate fuel,"Hydro, Bioenergy and Other Renewables",%,17.69,,
Malaysia,MYS,2020-06-01,Country or economy,Asia,Asia,0.0,0.0,0.0,0.0,1.0,Electricity generation,Aggregate fuel,Renewables,%,18.15,,
Malaysia,MYS,2020-06-01,Country or economy,Asia,Asia,0.0,0.0,0.0,0.0,1.0,Electricity generation,Aggregate fuel,Wind and Solar,%,0.46,,
Malaysia,MYS,2020-06-01,Country or economy,Asia,Asia,0.0,0.0,0.0,0.0,1.0,Electricity generation,Aggregate fuel,Clean,TWh,2.38,-0.09,-3.64
Malaysia,MYS,2020-06-01,Country or economy,Asia,Asia,0.0,0.0,0.0,0.0,1.0,Electricity generation,Aggregate fuel,Fossil,TWh,10.73,-0.23,-2.1
Malaysia,MYS,2020-06-01,Country or economy,Asia,Asia,0.0,0.0,0.0,0.0,1.0,Electricity generation,Aggregate fuel,Gas and Other Fossil,TWh,4.01,-1.03,-20.44
Malaysia,MYS,2020-06-01,Country or economy,Asia,Asia,0.0,0.0,0.0,0.0,1.0,Electricity generation,Aggregate fuel,"Hydro, Bioenergy and Other Renewables",TWh,2.32,-0.1,-4.13
Malaysia,MYS,2020-06-01,Country or economy,Asia,Asia,0.0,0.0,0.0,0.0,1.0,Electricity generation,Aggregate fuel,Renewables,TWh,2.38,-0.09,-3.64
Malaysia,MYS,2020-06-01,Country or economy,Asia,Asia,0.0,0.0,0.0,0.0,1.0,Electricity generation,Aggregate fuel,Wind and Solar,TWh,0.06,0.01,20.0
Malaysia,MYS,2020-06-01,Country or economy,Asia,Asia,0.0,0.0,0.0,0.0,1.0,Electricity generation,Fuel,Bioenergy,%,1.98,,
Malaysia,MYS,2020-06-01,Country or economy,Asia,Asia,0.0,0.0,0.0,0.0,1.0,Electricity generation,Fuel,Coal,%,51.26,,
Malaysia,MYS,2020-06-01,Country or economy,Asia,Asia,0.0,0.0,0.0,0.0,1.0,Electricity generation,Fuel,Gas,%,30.28,,
Malaysia,MYS,2020-06-01,Country or economy,Asia,Asia,0.0,0.0,0.0,0.0,1.0,Electricity generation,Fuel,Hydro,%,15.71,,
Malaysia,MYS,2020-06-01,Country or economy,Asia,Asia,0.0,0.0,0.0,0.0,1.0,Electricity generation,Fuel,Other Fossil,%,0.31,,
Malaysia,MYS,2020-06-01,Country or economy,Asia,Asia,0.0,0.0,0.0,0.0,1.0,Electricity generation,Fuel,Solar,%,0.46,,
Malaysia,MYS,2020-06-01,Country or economy,Asia,Asia,0.0,0.0,0.0,0.0,1.0,Electricity generation,Fuel,Bioenergy,TWh,0.26,-0.08,-23.53
Malaysia,MYS,2020-06-01,Country or economy,Asia,Asia,0.0,0.0,0.0,0.0,1.0,Electricity generation,Fuel,Coal,TWh,6.72,0.8,13.51
Malaysia,MYS,2020-06-01,Country or economy,Asia,Asia,0.0,0.0,0.0,0.0,1.0,Electricity generation,Fuel,Gas,TWh,3.97,-1.02,-20.44
Malaysia,MYS,2020-06-01,Country or economy,Asia,Asia,0.0,0.0,0.0,0.0,1.0,Electricity generation,Fuel,Hydro,TWh,2.06,-0.02,-0.96
Malaysia,MYS,2020-06-01,Country or economy,Asia,Asia,0.0,0.0,0.0,0.0,1.0,Electricity generation,Fuel,Other Fossil,TWh,0.04,-0.01,-20.0
Malaysia,MYS,2020-06-01,Country or economy,Asia,Asia,0.0,0.0,0.0,0.0,1.0,Electricity generation,Fuel,Solar,TWh,0.06,0.01,20.0
Malaysia,MYS,2020-06-01,Country or economy,Asia,Asia,0.0,0.0,0.0,0.0,1.0,Electricity generation,Total,Total Generation,TWh,13.11,-0.32,-2.38
Malaysia,MYS,2020-06-01,Country or economy,Asia,Asia,0.0,0.0,0.0,0.0,1.0,Electricity imports,Electricity imports,Net Imports,TWh,0.0,0.0,
Malaysia,MYS,2020-06-01,Country or economy,Asia,Asia,0.0,0.0,0.0,0.0,1.0,Power sector emissions,Aggregate fuel,Clean,mtCO2,0.11,-0.02,-15.38
Malaysia,MYS,2020-06-01,Country or economy,Asia,Asia,0.0,0.0,0.0,0.0,1.0,Power sector emissions,Aggregate fuel,Fossil,mtCO2,8.71,0.01,0.11
Malaysia,MYS,2020-06-01,Country or economy,Asia,Asia,0.0,0.0,0.0,0.0,1.0,Power sector emissions,Aggregate fuel,Gas and Other Fossil,mtCO2,2.7,-0.69,-20.35
Malaysia,MYS,2020-06-01,Country or economy,Asia,Asia,0.0,0.0,0.0,0.0,1.0,Power sector emissions,Aggregate fuel,"Hydro, Bioenergy and Other Renewables",mtCO2,0.11,-0.02,-15.38
Malaysia,MYS,2020-06-01,Country or economy,Asia,Asia,0.0,0.0,0.0,0.0,1.0,Power sector emissions,Aggregate fuel,Renewables,mtCO2,0.11,-0.02,-15.38
Malaysia,MYS,2020-06-01,Country or economy,Asia,Asia,0.0,0.0,0.0,0.0,1.0,Power sector emissions,Aggregate fuel,Wind and Solar,mtCO2,0.0,0.0,
Malaysia,MYS,2020-06-01,Country or economy,Asia,Asia,0.0,0.0,0.0,0.0,1.0,Power sector emissions,CO2 intensity,CO2 intensity,gCO2/kWh,672.77,15.29,2.33
Malaysia,MYS,2020-06-01,Country or economy,Asia,Asia,0.0,0.0,0.0,0.0,1.0,Power sector emissions,Fuel,Bioenergy,mtCO2,0.06,-0.02,-25.0
Malaysia,MYS,2020-06-01,Country or economy,Asia,Asia,0.0,0.0,0.0,0.0,1.0,Power sector emissions,Fuel,Coal,mtCO2,6.01,0.7,13.18
Malaysia,MYS,2020-06-01,Country or economy,Asia,Asia,0.0,0.0,0.0,0.0,1.0,Power sector emissions,Fuel,Gas,mtCO2,2.67,-0.68,-20.3
Malaysia,MYS,2020-06-01,Country or economy,Asia,Asia,0.0,0.0,0.0,0.0,1.0,Power sector emissions,Fuel,Hydro,mtCO2,0.05,0.0,0.0
Malaysia,MYS,2020-06-01,Country or economy,Asia,Asia,0.0,0.0,0.0,0.0,1.0,Power sector emissions,Fuel,Other Fossil,mtCO2,0.03,-0.01,-25.0
Malaysia,MYS,2020-06-01,Country or economy,Asia,Asia,0.0,0.0,0.0,0.0,1.0,Power sector emissions,Fuel,Solar,mtCO2,0.0,0.0,
Malaysia,MYS,2020-06-01,Country or economy,Asia,Asia,0.0,0.0,0.0,0.0,1.0,Power sector emissions,Total,Total emissions,mtCO2,8.82,-0.01,-0.11
Malaysia,MYS,2020-07-01,Country or economy,Asia,Asia,0.0,0.0,0.0,0.0,1.0,Electricity demand,Demand,Demand,TWh,13.68,-0.66,-4.6
Malaysia,MYS,2020-07-01,Country or economy,Asia,Asia,0.0,0.0,0.0,0.0,1.0,Electricity generation,Aggregate fuel,Clean,%,19.23,,
Malaysia,MYS,2020-07-01,Country or economy,Asia,Asia,0.0,0.0,0.0,0.0,1.0,Electricity generation,Aggregate fuel,Fossil,%,80.78,,
Malaysia,MYS,2020-07-01,Country or economy,Asia,Asia,0.0,0.0,0.0,0.0,1.0,Electricity generation,Aggregate fuel,Gas and Other Fossil,%,30.63,,
Malaysia,MYS,2020-07-01,Country or economy,Asia,Asia,0.0,0.0,0.0,0.0,1.0,Electricity generation,Aggregate fuel,"Hydro, Bioenergy and Other Renewables",%,18.72,,
Malaysia,MYS,2020-07-01,Country or economy,Asia,Asia,0.0,0.0,0.0,0.0,1.0,Electricity generation,Aggregate fuel,Renewables,%,19.23,,
Malaysia,MYS,2020-07-01,Country or economy,Asia,Asia,0.0,0.0,0.0,0.0,1.0,Electricity generation,Aggregate fuel,Wind and Solar,%,0.51,,
Malaysia,MYS,2020-07-01,Country or economy,Asia,Asia,0.0,0.0,0.0,0.0,1.0,Electricity generation,Aggregate fuel,Clean,TWh,2.63,0.09,3.54
Malaysia,MYS,2020-07-01,Country or economy,Asia,Asia,0.0,0.0,0.0,0.0,1.0,Electricity generation,Aggregate fuel,Fossil,TWh,11.05,-0.76,-6.44
Malaysia,MYS,2020-07-01,Country or economy,Asia,Asia,0.0,0.0,0.0,0.0,1.0,Electricity generation,Aggregate fuel,Gas and Other Fossil,TWh,4.19,-0.9,-17.68
Malaysia,MYS,2020-07-01,Country or economy,Asia,Asia,0.0,0.0,0.0,0.0,1.0,Electricity generation,Aggregate fuel,"Hydro, Bioenergy and Other Renewables",TWh,2.56,0.08,3.23
Malaysia,MYS,2020-07-01,Country or economy,Asia,Asia,0.0,0.0,0.0,0.0,1.0,Electricity generation,Aggregate fuel,Renewables,TWh,2.63,0.09,3.54
Malaysia,MYS,2020-07-01,Country or economy,Asia,Asia,0.0,0.0,0.0,0.0,1.0,Electricity generation,Aggregate fuel,Wind and Solar,TWh,0.07,0.01,16.67
Malaysia,MYS,2020-07-01,Country or economy,Asia,Asia,0.0,0.0,0.0,0.0,1.0,Electricity generation,Fuel,Bioenergy,%,2.05,,
Malaysia,MYS,2020-07-01,Country or economy,Asia,Asia,0.0,0.0,0.0,0.0,1.0,Electricity generation,Fuel,Coal,%,50.15,,
Malaysia,MYS,2020-07-01,Country or economy,Asia,Asia,0.0,0.0,0.0,0.0,1.0,Electricity generation,Fuel,Gas,%,30.34,,
Malaysia,MYS,2020-07-01,Country or economy,Asia,Asia,0.0,0.0,0.0,0.0,1.0,Electricity generation,Fuel,Hydro,%,16.67,,
Malaysia,MYS,2020-07-01,Country or economy,Asia,Asia,0.0,0.0,0.0,0.0,1.0,Electricity generation,Fuel,Other Fossil,%,0.29,,
Malaysia,MYS,2020-07-01,Country or economy,Asia,Asia,0.0,0.0,0.0,0.0,1.0,Electricity generation,Fuel,Solar,%,0.51,,
Malaysia,MYS,2020-07-01,Country or economy,Asia,Asia,0.0,0.0,0.0,0.0,1.0,Electricity generation,Fuel,Bioenergy,TWh,0.28,-0.07,-20.0
Malaysia,MYS,2020-07-01,Country or economy,Asia,Asia,0.0,0.0,0.0,0.0,1.0,Electricity generation,Fuel,Coal,TWh,6.86,0.14,2.08
Malaysia,MYS,2020-07-01,Country or economy,Asia,Asia,0.0,0.0,0.0,0.0,1.0,Electricity generation,Fuel,Gas,TWh,4.15,-0.89,-17.66
Malaysia,MYS,2020-07-01,Country or economy,Asia,Asia,0.0,0.0,0.0,0.0,1.0,Electricity generation,Fuel,Hydro,TWh,2.28,0.15,7.04
Malaysia,MYS,2020-07-01,Country or economy,Asia,Asia,0.0,0.0,0.0,0.0,1.0,Electricity generation,Fuel,Other Fossil,TWh,0.04,-0.01,-20.0
Malaysia,MYS,2020-07-01,Country or economy,Asia,Asia,0.0,0.0,0.0,0.0,1.0,Electricity generation,Fuel,Solar,TWh,0.07,0.01,16.67
Malaysia,MYS,2020-07-01,Country or economy,Asia,Asia,0.0,0.0,0.0,0.0,1.0,Electricity generation,Total,Total Generation,TWh,13.68,-0.67,-4.67
Malaysia,MYS,2020-07-01,Country or economy,Asia,Asia,0.0,0.0,0.0,0.0,1.0,Electricity imports,Electricity imports,Net Imports,TWh,0.0,0.01,
Malaysia,MYS,2020-07-01,Country or economy,Asia,Asia,0.0,0.0,0.0,0.0,1.0,Power sector emissions,Aggregate fuel,Clean,mtCO2,0.11,-0.02,-15.38
Malaysia,MYS,2020-07-01,Country or economy,Asia,Asia,0.0,0.0,0.0,0.0,1.0,Power sector emissions,Aggregate fuel,Fossil,mtCO2,8.96,-0.5,-5.29
Malaysia,MYS,2020-07-01,Country or economy,Asia,Asia,0.0,0.0,0.0,0.0,1.0,Power sector emissions,Aggregate fuel,Gas and Other Fossil,mtCO2,2.82,-0.61,-17.78
Malaysia,MYS,2020-07-01,Country or economy,Asia,Asia,0.0,0.0,0.0,0.0,1.0,Power sector emissions,Aggregate fuel,"Hydro, Bioenergy and Other Renewables",mtCO2,0.11,-0.02,-15.38
Malaysia,MYS,2020-07-01,Country or economy,Asia,Asia,0.0,0.0,0.0,0.0,1.0,Power sector emissions,Aggregate fuel,Renewables,mtCO2,0.11,-0.02,-15.38
Malaysia,MYS,2020-07-01,Country or economy,Asia,Asia,0.0,0.0,0.0,0.0,1.0,Power sector emissions,Aggregate fuel,Wind and Solar,mtCO2,0.0,0.0,
Malaysia,MYS,2020-07-01,Country or economy,Asia,Asia,0.0,0.0,0.0,0.0,1.0,Power sector emissions,CO2 intensity,CO2 intensity,gCO2/kWh,663.01,-5.28,-0.79
Malaysia,MYS,2020-07-01,Country or economy,Asia,Asia,0.0,0.0,0.0,0.0,1.0,Power sector emissions,Fuel,Bioenergy,mtCO2,0.06,-0.02,-25.0
Malaysia,MYS,2020-07-01,Country or economy,Asia,Asia,0.0,0.0,0.0,0.0,1.0,Power sector emissions,Fuel,Coal,mtCO2,6.14,0.11,1.82
Malaysia,MYS,2020-07-01,Country or economy,Asia,Asia,0.0,0.0,0.0,0.0,1.0,Power sector emissions,Fuel,Gas,mtCO2,2.79,-0.6,-17.7
Malaysia,MYS,2020-07-01,Country or economy,Asia,Asia,0.0,0.0,0.0,0.0,1.0,Power sector emissions,Fuel,Hydro,mtCO2,0.05,0.0,0.0
Malaysia,MYS,2020-07-01,Country or economy,Asia,Asia,0.0,0.0,0.0,0.0,1.0,Power sector emissions,Fuel,Other Fossil,mtCO2,0.03,-0.01,-25.0
Malaysia,MYS,2020-07-01,Country or economy,Asia,Asia,0.0,0.0,0.0,0.0,1.0,Power sector emissions,Fuel,Solar,mtCO2,0.0,0.0,
Malaysia,MYS,2020-07-01,Country or economy,Asia,Asia,0.0,0.0,0.0,0.0,1.0,Power sector emissions,Total,Total emissions,mtCO2,9.07,-0.52,-5.42
Malaysia,MYS,2020-08-01,Country or economy,Asia,Asia,0.0,0.0,0.0,0.0,1.0,Electricity demand,Demand,Demand,TWh,14.05,-0.21,-1.47
Malaysia,MYS,2020-08-01,Country or economy,Asia,Asia,0.0,0.0,0.0,0.0,1.0,Electricity generation,Aggregate fuel,Clean,%,20.7,,
Malaysia,MYS,2020-08-01,Country or economy,Asia,Asia,0.0,0.0,0.0,0.0,1.0,Electricity generation,Aggregate fuel,Fossil,%,79.3,,
Malaysia,MYS,2020-08-01,Country or economy,Asia,Asia,0.0,0.0,0.0,0.0,1.0,Electricity generation,Aggregate fuel,Gas and Other Fossil,%,26.6,,
Malaysia,MYS,2020-08-01,Country or economy,Asia,Asia,0.0,0.0,0.0,0.0,1.0,Electricity generation,Aggregate fuel,"Hydro, Bioenergy and Other Renewables",%,20.2,,
Malaysia,MYS,2020-08-01,Country or economy,Asia,Asia,0.0,0.0,0.0,0.0,1.0,Electricity generation,Aggregate fuel,Renewables,%,20.7,,
Malaysia,MYS,2020-08-01,Country or economy,Asia,Asia,0.0,0.0,0.0,0.0,1.0,Electricity generation,Aggregate fuel,Wind and Solar,%,0.5,,
Malaysia,MYS,2020-08-01,Country or economy,Asia,Asia,0.0,0.0,0.0,0.0,1.0,Electricity generation,Aggregate fuel,Clean,TWh,2.91,0.35,13.67
Malaysia,MYS,2020-08-01,Country or economy,Asia,Asia,0.0,0.0,0.0,0.0,1.0,Electricity generation,Aggregate fuel,Fossil,TWh,11.15,-0.54,-4.62
Malaysia,MYS,2020-08-01,Country or economy,Asia,Asia,0.0,0.0,0.0,0.0,1.0,Electricity generation,Aggregate fuel,Gas and Other Fossil,TWh,3.74,-2.11,-36.07
Malaysia,MYS,2020-08-01,Country or economy,Asia,Asia,0.0,0.0,0.0,0.0,1.0,Electricity generation,Aggregate fuel,"Hydro, Bioenergy and Other Renewables",TWh,2.84,0.34,13.6
Malaysia,MYS,2020-08-01,Country or economy,Asia,Asia,0.0,0.0,0.0,0.0,1.0,Electricity generation,Aggregate fuel,Renewables,TWh,2.91,0.35,13.67
Malaysia,MYS,2020-08-01,Country or economy,Asia,Asia,0.0,0.0,0.0,0.0,1.0,Electricity generation,Aggregate fuel,Wind and Solar,TWh,0.07,0.01,16.67
Malaysia,MYS,2020-08-01,Country or economy,Asia,Asia,0.0,0.0,0.0,0.0,1.0,Electricity generation,Fuel,Bioenergy,%,2.06,,
Malaysia,MYS,2020-08-01,Country or economy,Asia,Asia,0.0,0.0,0.0,0.0,1.0,Electricity generation,Fuel,Coal,%,52.7,,
Malaysia,MYS,2020-08-01,Country or economy,Asia,Asia,0.0,0.0,0.0,0.0,1.0,Electricity generation,Fuel,Gas,%,26.24,,
Malaysia,MYS,2020-08-01,Country or economy,Asia,Asia,0.0,0.0,0.0,0.0,1.0,Electricity generation,Fuel,Hydro,%,18.14,,
Malaysia,MYS,2020-08-01,Country or economy,Asia,Asia,0.0,0.0,0.0,0.0,1.0,Electricity generation,Fuel,Other Fossil,%,0.36,,
Malaysia,MYS,2020-08-01,Country or economy,Asia,Asia,0.0,0.0,0.0,0.0,1.0,Electricity generation,Fuel,Solar,%,0.5,,
Malaysia,MYS,2020-08-01,Country or economy,Asia,Asia,0.0,0.0,0.0,0.0,1.0,Electricity generation,Fuel,Bioenergy,TWh,0.29,-0.07,-19.44
Malaysia,MYS,2020-08-01,Country or economy,Asia,Asia,0.0,0.0,0.0,0.0,1.0,Electricity generation,Fuel,Coal,TWh,7.41,1.57,26.88
Malaysia,MYS,2020-08-01,Country or economy,Asia,Asia,0.0,0.0,0.0,0.0,1.0,Electricity generation,Fuel,Gas,TWh,3.69,-2.11,-36.38
Malaysia,MYS,2020-08-01,Country or economy,Asia,Asia,0.0,0.0,0.0,0.0,1.0,Electricity generation,Fuel,Hydro,TWh,2.55,0.41,19.16
Malaysia,MYS,2020-08-01,Country or economy,Asia,Asia,0.0,0.0,0.0,0.0,1.0,Electricity generation,Fuel,Other Fossil,TWh,0.05,0.0,0.0
Malaysia,MYS,2020-08-01,Country or economy,Asia,Asia,0.0,0.0,0.0,0.0,1.0,Electricity generation,Fuel,Solar,TWh,0.07,0.01,16.67
Malaysia,MYS,2020-08-01,Country or economy,Asia,Asia,0.0,0.0,0.0,0.0,1.0,Electricity generation,Total,Total Generation,TWh,14.06,-0.19,-1.33
Malaysia,MYS,2020-08-01,Country or economy,Asia,Asia,0.0,0.0,0.0,0.0,1.0,Electricity imports,Electricity imports,Net Imports,TWh,-0.01,-0.02,-200.0
Malaysia,MYS,2020-08-01,Country or economy,Asia,Asia,0.0,0.0,0.0,0.0,1.0,Power sector emissions,Aggregate fuel,Clean,mtCO2,0.13,0.0,0.0
Malaysia,MYS,2020-08-01,Country or economy,Asia,Asia,0.0,0.0,0.0,0.0,1.0,Power sector emissions,Aggregate fuel,Fossil,mtCO2,9.15,-0.03,-0.33
Malaysia,MYS,2020-08-01,Country or economy,Asia,Asia,0.0,0.0,0.0,0.0,1.0,Power sector emissions,Aggregate fuel,Gas and Other Fossil,mtCO2,2.52,-1.42,-36.04
Malaysia,MYS,2020-08-01,Country or economy,Asia,Asia,0.0,0.0,0.0,0.0,1.0,Power sector emissions,Aggregate fuel,"Hydro, Bioenergy and Other Renewables",mtCO2,0.13,0.0,0.0
Malaysia,MYS,2020-08-01,Country or economy,Asia,Asia,0.0,0.0,0.0,0.0,1.0,Power sector emissions,Aggregate fuel,Renewables,mtCO2,0.13,0.0,0.0
Malaysia,MYS,2020-08-01,Country or economy,Asia,Asia,0.0,0.0,0.0,0.0,1.0,Power sector emissions,Aggregate fuel,Wind and Solar,mtCO2,0.0,0.0,
Malaysia,MYS,2020-08-01,Country or economy,Asia,Asia,0.0,0.0,0.0,0.0,1.0,Power sector emissions,CO2 intensity,CO2 intensity,gCO2/kWh,660.03,6.7,1.03
Malaysia,MYS,2020-08-01,Country or economy,Asia,Asia,0.0,0.0,0.0,0.0,1.0,Power sector emissions,Fuel,Bioenergy,mtCO2,0.07,-0.01,-12.5
Malaysia,MYS,2020-08-01,Country or economy,Asia,Asia,0.0,0.0,0.0,0.0,1.0,Power sector emissions,Fuel,Coal,mtCO2,6.63,1.39,26.53
Malaysia,MYS,2020-08-01,Country or economy,Asia,Asia,0.0,0.0,0.0,0.0,1.0,Power sector emissions,Fuel,Gas,mtCO2,2.48,-1.42,-36.41
Malaysia,MYS,2020-08-01,Country or economy,Asia,Asia,0.0,0.0,0.0,0.0,1.0,Power sector emissions,Fuel,Hydro,mtCO2,0.06,0.01,20.0
Malaysia,MYS,2020-08-01,Country or economy,Asia,Asia,0.0,0.0,0.0,0.0,1.0,Power sector emissions,Fuel,Other Fossil,mtCO2,0.04,0.0,0.0
Malaysia,MYS,2020-08-01,Country or economy,Asia,Asia,0.0,0.0,0.0,0.0,1.0,Power sector emissions,Fuel,Solar,mtCO2,0.0,0.0,
Malaysia,MYS,2020-08-01,Country or economy,Asia,Asia,0.0,0.0,0.0,0.0,1.0,Power sector emissions,Total,Total emissions,mtCO2,9.28,-0.03,-0.32
Malaysia,MYS,2020-09-01,Country or economy,Asia,Asia,0.0,0.0,0.0,0.0,1.0,Electricity demand,Demand,Demand,TWh,12.34,-1.53,-11.03
Malaysia,MYS,2020-09-01,Country or economy,Asia,Asia,0.0,0.0,0.0,0.0,1.0,Electricity generation,Aggregate fuel,Clean,%,22.39,,
Malaysia,MYS,2020-09-01,Country or economy,Asia,Asia,0.0,0.0,0.0,0.0,1.0,Electricity generation,Aggregate fuel,Fossil,%,77.62,,
Malaysia,MYS,2020-09-01,Country or economy,Asia,Asia,0.0,0.0,0.0,0.0,1.0,Electricity generation,Aggregate fuel,Gas and Other Fossil,%,27.9,,
Malaysia,MYS,2020-09-01,Country or economy,Asia,Asia,0.0,0.0,0.0,0.0,1.0,Electricity generation,Aggregate fuel,"Hydro, Bioenergy and Other Renewables",%,21.9,,
Malaysia,MYS,2020-09-01,Country or economy,Asia,Asia,0.0,0.0,0.0,0.0,1.0,Electricity generation,Aggregate fuel,Renewables,%,22.39,,
Malaysia,MYS,2020-09-01,Country or economy,Asia,Asia,0.0,0.0,0.0,0.0,1.0,Electricity generation,Aggregate fuel,Wind and Solar,%,0.49,,
Malaysia,MYS,2020-09-01,Country or economy,Asia,Asia,0.0,0.0,0.0,0.0,1.0,Electricity generation,Aggregate fuel,Clean,TWh,2.76,0.24,9.52
Malaysia,MYS,2020-09-01,Country or economy,Asia,Asia,0.0,0.0,0.0,0.0,1.0,Electricity generation,Aggregate fuel,Fossil,TWh,9.57,-1.76,-15.53
Malaysia,MYS,2020-09-01,Country or economy,Asia,Asia,0.0,0.0,0.0,0.0,1.0,Electricity generation,Aggregate fuel,Gas and Other Fossil,TWh,3.44,-2.22,-39.22
Malaysia,MYS,2020-09-01,Country or economy,Asia,Asia,0.0,0.0,0.0,0.0,1.0,Electricity generation,Aggregate fuel,"Hydro, Bioenergy and Other Renewables",TWh,2.7,0.24,9.76
Malaysia,MYS,2020-09-01,Country or economy,Asia,Asia,0.0,0.0,0.0,0.0,1.0,Electricity generation,Aggregate fuel,Renewables,TWh,2.76,0.24,9.52
Malaysia,MYS,2020-09-01,Country or economy,Asia,Asia,0.0,0.0,0.0,0.0,1.0,Electricity generation,Aggregate fuel,Wind and Solar,TWh,0.06,0.0,0.0
Malaysia,MYS,2020-09-01,Country or economy,Asia,Asia,0.0,0.0,0.0,0.0,1.0,Electricity generation,Fuel,Bioenergy,%,2.27,,
Malaysia,MYS,2020-09-01,Country or economy,Asia,Asia,0.0,0.0,0.0,0.0,1.0,Electricity generation,Fuel,Coal,%,49.72,,
Malaysia,MYS,2020-09-01,Country or economy,Asia,Asia,0.0,0.0,0.0,0.0,1.0,Electricity generation,Fuel,Gas,%,27.58,,
Malaysia,MYS,2020-09-01,Country or economy,Asia,Asia,0.0,0.0,0.0,0.0,1.0,Electricity generation,Fuel,Hydro,%,19.63,,
Malaysia,MYS,2020-09-01,Country or economy,Asia,Asia,0.0,0.0,0.0,0.0,1.0,Electricity generation,Fuel,Other Fossil,%,0.32,,
Malaysia,MYS,2020-09-01,Country or economy,Asia,Asia,0.0,0.0,0.0,0.0,1.0,Electricity generation,Fuel,Solar,%,0.49,,
Malaysia,MYS,2020-09-01,Country or economy,Asia,Asia,0.0,0.0,0.0,0.0,1.0,Electricity generation,Fuel,Bioenergy,TWh,0.28,-0.07,-20.0
Malaysia,MYS,2020-09-01,Country or economy,Asia,Asia,0.0,0.0,0.0,0.0,1.0,Electricity generation,Fuel,Coal,TWh,6.13,0.46,8.11
Malaysia,MYS,2020-09-01,Country or economy,Asia,Asia,0.0,0.0,0.0,0.0,1.0,Electricity generation,Fuel,Gas,TWh,3.4,-2.21,-39.39
Malaysia,MYS,2020-09-01,Country or economy,Asia,Asia,0.0,0.0,0.0,0.0,1.0,Electricity generation,Fuel,Hydro,TWh,2.42,0.31,14.69
Malaysia,MYS,2020-09-01,Country or economy,Asia,Asia,0.0,0.0,0.0,0.0,1.0,Electricity generation,Fuel,Other Fossil,TWh,0.04,-0.01,-20.0
Malaysia,MYS,2020-09-01,Country or economy,Asia,Asia,0.0,0.0,0.0,0.0,1.0,Electricity generation,Fuel,Solar,TWh,0.06,0.0,0.0
Malaysia,MYS,2020-09-01,Country or economy,Asia,Asia,0.0,0.0,0.0,0.0,1.0,Electricity generation,Total,Total Generation,TWh,12.33,-1.52,-10.97
Malaysia,MYS,2020-09-01,Country or economy,Asia,Asia,0.0,0.0,0.0,0.0,1.0,Electricity imports,Electricity imports,Net Imports,TWh,0.01,-0.01,-50.0
Malaysia,MYS,2020-09-01,Country or economy,Asia,Asia,0.0,0.0,0.0,0.0,1.0,Power sector emissions,Aggregate fuel,Clean,mtCO2,0.12,-0.01,-7.69
Malaysia,MYS,2020-09-01,Country or economy,Asia,Asia,0.0,0.0,0.0,0.0,1.0,Power sector emissions,Aggregate fuel,Fossil,mtCO2,7.81,-1.09,-12.25
Malaysia,MYS,2020-09-01,Country or economy,Asia,Asia,0.0,0.0,0.0,0.0,1.0,Power sector emissions,Aggregate fuel,Gas and Other Fossil,mtCO2,2.32,-1.49,-39.11
Malaysia,MYS,2020-09-01,Country or economy,Asia,Asia,0.0,0.0,0.0,0.0,1.0,Power sector emissions,Aggregate fuel,"Hydro, Bioenergy and Other Renewables",mtCO2,0.12,-0.01,-7.69
Malaysia,MYS,2020-09-01,Country or economy,Asia,Asia,0.0,0.0,0.0,0.0,1.0,Power sector emissions,Aggregate fuel,Renewables,mtCO2,0.12,-0.01,-7.69
Malaysia,MYS,2020-09-01,Country or economy,Asia,Asia,0.0,0.0,0.0,0.0,1.0,Power sector emissions,Aggregate fuel,Wind and Solar,mtCO2,0.0,0.0,
Malaysia,MYS,2020-09-01,Country or economy,Asia,Asia,0.0,0.0,0.0,0.0,1.0,Power sector emissions,CO2 intensity,CO2 intensity,gCO2/kWh,643.15,-8.84,-1.36
Malaysia,MYS,2020-09-01,Country or economy,Asia,Asia,0.0,0.0,0.0,0.0,1.0,Power sector emissions,Fuel,Bioenergy,mtCO2,0.06,-0.02,-25.0
Malaysia,MYS,2020-09-01,Country or economy,Asia,Asia,0.0,0.0,0.0,0.0,1.0,Power sector emissions,Fuel,Coal,mtCO2,5.49,0.4,7.86
Malaysia,MYS,2020-09-01,Country or economy,Asia,Asia,0.0,0.0,0.0,0.0,1.0,Power sector emissions,Fuel,Gas,mtCO2,2.29,-1.48,-39.26
Malaysia,MYS,2020-09-01,Country or economy,Asia,Asia,0.0,0.0,0.0,0.0,1.0,Power sector emissions,Fuel,Hydro,mtCO2,0.06,0.01,20.0
Malaysia,MYS,2020-09-01,Country or economy,Asia,Asia,0.0,0.0,0.0,0.0,1.0,Power sector emissions,Fuel,Other Fossil,mtCO2,0.03,-0.01,-25.0
Malaysia,MYS,2020-09-01,Country or economy,Asia,Asia,0.0,0.0,0.0,0.0,1.0,Power sector emissions,Fuel,Solar,mtCO2,0.0,0.0,
Malaysia,MYS,2020-09-01,Country or economy,Asia,Asia,0.0,0.0,0.0,0.0,1.0,Power sector emissions,Total,Total emissions,mtCO2,7.93,-1.1,-12.18
Malaysia,MYS,2020-10-01,Country or economy,Asia,Asia,0.0,0.0,0.0,0.0,1.0,Electricity demand,Demand,Demand,TWh,14.09,0.11,0.79
Malaysia,MYS,2020-10-01,Country or economy,Asia,Asia,0.0,0.0,0.0,0.0,1.0,Electricity generation,Aggregate fuel,Clean,%,20.59,,
Malaysia,MYS,2020-10-01,Country or economy,Asia,Asia,0.0,0.0,0.0,0.0,1.0,Electricity generation,Aggregate fuel,Fossil,%,79.41,,
Malaysia,MYS,2020-10-01,Country or economy,Asia,Asia,0.0,0.0,0.0,0.0,1.0,Electricity generation,Aggregate fuel,Gas and Other Fossil,%,29.45,,
Malaysia,MYS,2020-10-01,Country or economy,Asia,Asia,0.0,0.0,0.0,0.0,1.0,Electricity generation,Aggregate fuel,"Hydro, Bioenergy and Other Renewables",%,20.02,,
Malaysia,MYS,2020-10-01,Country or economy,Asia,Asia,0.0,0.0,0.0,0.0,1.0,Electricity generation,Aggregate fuel,Renewables,%,20.59,,
Malaysia,MYS,2020-10-01,Country or economy,Asia,Asia,0.0,0.0,0.0,0.0,1.0,Electricity generation,Aggregate fuel,Wind and Solar,%,0.57,,
Malaysia,MYS,2020-10-01,Country or economy,Asia,Asia,0.0,0.0,0.0,0.0,1.0,Electricity generation,Aggregate fuel,Clean,TWh,2.9,0.24,9.02
Malaysia,MYS,2020-10-01,Country or economy,Asia,Asia,0.0,0.0,0.0,0.0,1.0,Electricity generation,Aggregate fuel,Fossil,TWh,11.19,-0.12,-1.06
Malaysia,MYS,2020-10-01,Country or economy,Asia,Asia,0.0,0.0,0.0,0.0,1.0,Electricity generation,Aggregate fuel,Gas and Other Fossil,TWh,4.15,-1.61,-27.95
Malaysia,MYS,2020-10-01,Country or economy,Asia,Asia,0.0,0.0,0.0,0.0,1.0,Electricity generation,Aggregate fuel,"Hydro, Bioenergy and Other Renewables",TWh,2.82,0.22,8.46
Malaysia,MYS,2020-10-01,Country or economy,Asia,Asia,0.0,0.0,0.0,0.0,1.0,Electricity generation,Aggregate fuel,Renewables,TWh,2.9,0.24,9.02
Malaysia,MYS,2020-10-01,Country or economy,Asia,Asia,0.0,0.0,0.0,0.0,1.0,Electricity generation,Aggregate fuel,Wind and Solar,TWh,0.08,0.02,33.33
Malaysia,MYS,2020-10-01,Country or economy,Asia,Asia,0.0,0.0,0.0,0.0,1.0,Electricity generation,Fuel,Bioenergy,%,2.06,,
Malaysia,MYS,2020-10-01,Country or economy,Asia,Asia,0.0,0.0,0.0,0.0,1.0,Electricity generation,Fuel,Coal,%,49.96,,
Malaysia,MYS,2020-10-01,Country or economy,Asia,Asia,0.0,0.0,0.0,0.0,1.0,Electricity generation,Fuel,Gas,%,29.1,,
Malaysia,MYS,2020-10-01,Country or economy,Asia,Asia,0.0,0.0,0.0,0.0,1.0,Electricity generation,Fuel,Hydro,%,17.96,,
Malaysia,MYS,2020-10-01,Country or economy,Asia,Asia,0.0,0.0,0.0,0.0,1.0,Electricity generation,Fuel,Other Fossil,%,0.35,,
Malaysia,MYS,2020-10-01,Country or economy,Asia,Asia,0.0,0.0,0.0,0.0,1.0,Electricity generation,Fuel,Solar,%,0.57,,
Malaysia,MYS,2020-10-01,Country or economy,Asia,Asia,0.0,0.0,0.0,0.0,1.0,Electricity generation,Fuel,Bioenergy,TWh,0.29,-0.06,-17.14
Malaysia,MYS,2020-10-01,Country or economy,Asia,Asia,0.0,0.0,0.0,0.0,1.0,Electricity generation,Fuel,Coal,TWh,7.04,1.49,26.85
Malaysia,MYS,2020-10-01,Country or economy,Asia,Asia,0.0,0.0,0.0,0.0,1.0,Electricity generation,Fuel,Gas,TWh,4.1,-1.6,-28.07
Malaysia,MYS,2020-10-01,Country or economy,Asia,Asia,0.0,0.0,0.0,0.0,1.0,Electricity generation,Fuel,Hydro,TWh,2.53,0.28,12.44
Malaysia,MYS,2020-10-01,Country or economy,Asia,Asia,0.0,0.0,0.0,0.0,1.0,Electricity generation,Fuel,Other Fossil,TWh,0.05,-0.01,-16.67
Malaysia,MYS,2020-10-01,Country or economy,Asia,Asia,0.0,0.0,0.0,0.0,1.0,Electricity generation,Fuel,Solar,TWh,0.08,0.02,33.33
Malaysia,MYS,2020-10-01,Country or economy,Asia,Asia,0.0,0.0,0.0,0.0,1.0,Electricity generation,Total,Total Generation,TWh,14.09,0.12,0.86
Malaysia,MYS,2020-10-01,Country or economy,Asia,Asia,0.0,0.0,0.0,0.0,1.0,Electricity imports,Electricity imports,Net Imports,TWh,0.0,-0.01,-100.0
Malaysia,MYS,2020-10-01,Country or economy,Asia,Asia,0.0,0.0,0.0,0.0,1.0,Power sector emissions,Aggregate fuel,Clean,mtCO2,0.13,0.0,0.0
Malaysia,MYS,2020-10-01,Country or economy,Asia,Asia,0.0,0.0,0.0,0.0,1.0,Power sector emissions,Aggregate fuel,Fossil,mtCO2,9.1,0.25,2.82
Malaysia,MYS,2020-10-01,Country or economy,Asia,Asia,0.0,0.0,0.0,0.0,1.0,Power sector emissions,Aggregate fuel,Gas and Other Fossil,mtCO2,2.8,-1.07,-27.65
Malaysia,MYS,2020-10-01,Country or economy,Asia,Asia,0.0,0.0,0.0,0.0,1.0,Power sector emissions,Aggregate fuel,"Hydro, Bioenergy and Other Renewables",mtCO2,0.13,0.0,0.0
Malaysia,MYS,2020-10-01,Country or economy,Asia,Asia,0.0,0.0,0.0,0.0,1.0,Power sector emissions,Aggregate fuel,Renewables,mtCO2,0.13,0.0,0.0
Malaysia,MYS,2020-10-01,Country or economy,Asia,Asia,0.0,0.0,0.0,0.0,1.0,Power sector emissions,Aggregate fuel,Wind and Solar,mtCO2,0.0,0.0,
Malaysia,MYS,2020-10-01,Country or economy,Asia,Asia,0.0,0.0,0.0,0.0,1.0,Power sector emissions,CO2 intensity,CO2 intensity,gCO2/kWh,655.08,12.27,1.91
Malaysia,MYS,2020-10-01,Country or economy,Asia,Asia,0.0,0.0,0.0,0.0,1.0,Power sector emissions,Fuel,Bioenergy,mtCO2,0.07,-0.01,-12.5
Malaysia,MYS,2020-10-01,Country or economy,Asia,Asia,0.0,0.0,0.0,0.0,1.0,Power sector emissions,Fuel,Coal,mtCO2,6.3,1.32,26.51
Malaysia,MYS,2020-10-01,Country or economy,Asia,Asia,0.0,0.0,0.0,0.0,1.0,Power sector emissions,Fuel,Gas,mtCO2,2.76,-1.07,-27.94
Malaysia,MYS,2020-10-01,Country or economy,Asia,Asia,0.0,0.0,0.0,0.0,1.0,Power sector emissions,Fuel,Hydro,mtCO2,0.06,0.01,20.0
Malaysia,MYS,2020-10-01,Country or economy,Asia,Asia,0.0,0.0,0.0,0.0,1.0,Power sector emissions,Fuel,Other Fossil,mtCO2,0.04,0.0,0.0
Malaysia,MYS,2020-10-01,Country or economy,Asia,Asia,0.0,0.0,0.0,0.0,1.0,Power sector emissions,Fuel,Solar,mtCO2,0.0,0.0,
Malaysia,MYS,2020-10-01,Country or economy,Asia,Asia,0.0,0.0,0.0,0.0,1.0,Power sector emissions,Total,Total emissions,mtCO2,9.23,0.25,2.78
Malaysia,MYS,2020-11-01,Country or economy,Asia,Asia,0.0,0.0,0.0,0.0,1.0,Electricity demand,Demand,Demand,TWh,13.25,-0.35,-2.57
Malaysia,MYS,2020-11-01,Country or economy,Asia,Asia,0.0,0.0,0.0,0.0,1.0,Electricity generation,Aggregate fuel,Clean,%,19.91,,
Malaysia,MYS,2020-11-01,Country or economy,Asia,Asia,0.0,0.0,0.0,0.0,1.0,Electricity generation,Aggregate fuel,Fossil,%,80.09,,
Malaysia,MYS,2020-11-01,Country or economy,Asia,Asia,0.0,0.0,0.0,0.0,1.0,Electricity generation,Aggregate fuel,Gas and Other Fossil,%,27.3,,
Malaysia,MYS,2020-11-01,Country or economy,Asia,Asia,0.0,0.0,0.0,0.0,1.0,Electricity generation,Aggregate fuel,"Hydro, Bioenergy and Other Renewables",%,19.38,,
Malaysia,MYS,2020-11-01,Country or economy,Asia,Asia,0.0,0.0,0.0,0.0,1.0,Electricity generation,Aggregate fuel,Renewables,%,19.91,,
Malaysia,MYS,2020-11-01,Country or economy,Asia,Asia,0.0,0.0,0.0,0.0,1.0,Electricity generation,Aggregate fuel,Wind and Solar,%,0.53,,
Malaysia,MYS,2020-11-01,Country or economy,Asia,Asia,0.0,0.0,0.0,0.0,1.0,Electricity generation,Aggregate fuel,Clean,TWh,2.64,0.0,0.0
Malaysia,MYS,2020-11-01,Country or economy,Asia,Asia,0.0,0.0,0.0,0.0,1.0,Electricity generation,Aggregate fuel,Fossil,TWh,10.62,-0.34,-3.1
Malaysia,MYS,2020-11-01,Country or economy,Asia,Asia,0.0,0.0,0.0,0.0,1.0,Electricity generation,Aggregate fuel,Gas and Other Fossil,TWh,3.62,-1.61,-30.78
Malaysia,MYS,2020-11-01,Country or economy,Asia,Asia,0.0,0.0,0.0,0.0,1.0,Electricity generation,Aggregate fuel,"Hydro, Bioenergy and Other Renewables",TWh,2.57,-0.01,-0.39
Malaysia,MYS,2020-11-01,Country or economy,Asia,Asia,0.0,0.0,0.0,0.0,1.0,Electricity generation,Aggregate fuel,Renewables,TWh,2.64,0.0,0.0
Malaysia,MYS,2020-11-01,Country or economy,Asia,Asia,0.0,0.0,0.0,0.0,1.0,Electricity generation,Aggregate fuel,Wind and Solar,TWh,0.07,0.01,16.67
Malaysia,MYS,2020-11-01,Country or economy,Asia,Asia,0.0,0.0,0.0,0.0,1.0,Electricity generation,Fuel,Bioenergy,%,2.11,,
Malaysia,MYS,2020-11-01,Country or economy,Asia,Asia,0.0,0.0,0.0,0.0,1.0,Electricity generation,Fuel,Coal,%,52.79,,
Malaysia,MYS,2020-11-01,Country or economy,Asia,Asia,0.0,0.0,0.0,0.0,1.0,Electricity generation,Fuel,Gas,%,27.0,,
Malaysia,MYS,2020-11-01,Country or economy,Asia,Asia,0.0,0.0,0.0,0.0,1.0,Electricity generation,Fuel,Hydro,%,17.27,,
Malaysia,MYS,2020-11-01,Country or economy,Asia,Asia,0.0,0.0,0.0,0.0,1.0,Electricity generation,Fuel,Other Fossil,%,0.3,,
Malaysia,MYS,2020-11-01,Country or economy,Asia,Asia,0.0,0.0,0.0,0.0,1.0,Electricity generation,Fuel,Solar,%,0.53,,
Malaysia,MYS,2020-11-01,Country or economy,Asia,Asia,0.0,0.0,0.0,0.0,1.0,Electricity generation,Fuel,Bioenergy,TWh,0.28,-0.06,-17.65
Malaysia,MYS,2020-11-01,Country or economy,Asia,Asia,0.0,0.0,0.0,0.0,1.0,Electricity generation,Fuel,Coal,TWh,7.0,1.27,22.16
Malaysia,MYS,2020-11-01,Country or economy,Asia,Asia,0.0,0.0,0.0,0.0,1.0,Electricity generation,Fuel,Gas,TWh,3.58,-1.6,-30.89
Malaysia,MYS,2020-11-01,Country or economy,Asia,Asia,0.0,0.0,0.0,0.0,1.0,Electricity generation,Fuel,Hydro,TWh,2.29,0.05,2.23
Malaysia,MYS,2020-11-01,Country or economy,Asia,Asia,0.0,0.0,0.0,0.0,1.0,Electricity generation,Fuel,Other Fossil,TWh,0.04,-0.01,-20.0
Malaysia,MYS,2020-11-01,Country or economy,Asia,Asia,0.0,0.0,0.0,0.0,1.0,Electricity generation,Fuel,Solar,TWh,0.07,0.01,16.67
Malaysia,MYS,2020-11-01,Country or economy,Asia,Asia,0.0,0.0,0.0,0.0,1.0,Electricity generation,Total,Total Generation,TWh,13.26,-0.34,-2.5
Malaysia,MYS,2020-11-01,Country or economy,Asia,Asia,0.0,0.0,0.0,0.0,1.0,Electricity imports,Electricity imports,Net Imports,TWh,-0.01,-0.01,
Malaysia,MYS,2020-11-01,Country or economy,Asia,Asia,0.0,0.0,0.0,0.0,1.0,Power sector emissions,Aggregate fuel,Clean,mtCO2,0.11,-0.02,-15.38
Malaysia,MYS,2020-11-01,Country or economy,Asia,Asia,0.0,0.0,0.0,0.0,1.0,Power sector emissions,Aggregate fuel,Fossil,mtCO2,8.7,0.04,0.46
Malaysia,MYS,2020-11-01,Country or economy,Asia,Asia,0.0,0.0,0.0,0.0,1.0,Power sector emissions,Aggregate fuel,Gas and Other Fossil,mtCO2,2.44,-1.08,-30.68
Malaysia,MYS,2020-11-01,Country or economy,Asia,Asia,0.0,0.0,0.0,0.0,1.0,Power sector emissions,Aggregate fuel,"Hydro, Bioenergy and Other Renewables",mtCO2,0.11,-0.02,-15.38
Malaysia,MYS,2020-11-01,Country or economy,Asia,Asia,0.0,0.0,0.0,0.0,1.0,Power sector emissions,Aggregate fuel,Renewables,mtCO2,0.11,-0.02,-15.38
Malaysia,MYS,2020-11-01,Country or economy,Asia,Asia,0.0,0.0,0.0,0.0,1.0,Power sector emissions,Aggregate fuel,Wind and Solar,mtCO2,0.0,0.0,
Malaysia,MYS,2020-11-01,Country or economy,Asia,Asia,0.0,0.0,0.0,0.0,1.0,Power sector emissions,CO2 intensity,CO2 intensity,gCO2/kWh,664.4,18.08,2.8
Malaysia,MYS,2020-11-01,Country or economy,Asia,Asia,0.0,0.0,0.0,0.0,1.0,Power sector emissions,Fuel,Bioenergy,mtCO2,0.06,-0.02,-25.0
Malaysia,MYS,2020-11-01,Country or economy,Asia,Asia,0.0,0.0,0.0,0.0,1.0,Power sector emissions,Fuel,Coal,mtCO2,6.26,1.12,21.79
Malaysia,MYS,2020-11-01,Country or economy,Asia,Asia,0.0,0.0,0.0,0.0,1.0,Power sector emissions,Fuel,Gas,mtCO2,2.41,-1.07,-30.75
Malaysia,MYS,2020-11-01,Country or economy,Asia,Asia,0.0,0.0,0.0,0.0,1.0,Power sector emissions,Fuel,Hydro,mtCO2,0.05,0.0,0.0
Malaysia,MYS,2020-11-01,Country or economy,Asia,Asia,0.0,0.0,0.0,0.0,1.0,Power sector emissions,Fuel,Other Fossil,mtCO2,0.03,-0.01,-25.0
Malaysia,MYS,2020-11-01,Country or economy,Asia,Asia,0.0,0.0,0.0,0.0,1.0,Power sector emissions,Fuel,Solar,mtCO2,0.0,0.0,
Malaysia,MYS,2020-11-01,Country or economy,Asia,Asia,0.0,0.0,0.0,0.0,1.0,Power sector emissions,Total,Total emissions,mtCO2,8.81,0.02,0.23
Malaysia,MYS,2020-12-01,Country or economy,Asia,Asia,0.0,0.0,0.0,0.0,1.0,Electricity demand,Demand,Demand,TWh,13.65,-0.06,-0.44
Malaysia,MYS,2020-12-01,Country or economy,Asia,Asia,0.0,0.0,0.0,0.0,1.0,Electricity generation,Aggregate fuel,Clean,%,20.58,,
Malaysia,MYS,2020-12-01,Country or economy,Asia,Asia,0.0,0.0,0.0,0.0,1.0,Electricity generation,Aggregate fuel,Fossil,%,79.42,,
Malaysia,MYS,2020-12-01,Country or economy,Asia,Asia,0.0,0.0,0.0,0.0,1.0,Electricity generation,Aggregate fuel,Gas and Other Fossil,%,34.11,,
Malaysia,MYS,2020-12-01,Country or economy,Asia,Asia,0.0,0.0,0.0,0.0,1.0,Electricity generation,Aggregate fuel,"Hydro, Bioenergy and Other Renewables",%,19.99,,
Malaysia,MYS,2020-12-01,Country or economy,Asia,Asia,0.0,0.0,0.0,0.0,1.0,Electricity generation,Aggregate fuel,Renewables,%,20.58,,
Malaysia,MYS,2020-12-01,Country or economy,Asia,Asia,0.0,0.0,0.0,0.0,1.0,Electricity generation,Aggregate fuel,Wind and Solar,%,0.59,,
Malaysia,MYS,2020-12-01,Country or economy,Asia,Asia,0.0,0.0,0.0,0.0,1.0,Electricity generation,Aggregate fuel,Clean,TWh,2.81,-0.07,-2.43
Malaysia,MYS,2020-12-01,Country or economy,Asia,Asia,0.0,0.0,0.0,0.0,1.0,Electricity generation,Aggregate fuel,Fossil,TWh,10.85,0.05,0.46
Malaysia,MYS,2020-12-01,Country or economy,Asia,Asia,0.0,0.0,0.0,0.0,1.0,Electricity generation,Aggregate fuel,Gas and Other Fossil,TWh,4.66,-0.38,-7.54
Malaysia,MYS,2020-12-01,Country or economy,Asia,Asia,0.0,0.0,0.0,0.0,1.0,Electricity generation,Aggregate fuel,"Hydro, Bioenergy and Other Renewables",TWh,2.73,-0.09,-3.19
Malaysia,MYS,2020-12-01,Country or economy,Asia,Asia,0.0,0.0,0.0,0.0,1.0,Electricity generation,Aggregate fuel,Renewables,TWh,2.81,-0.07,-2.43
Malaysia,MYS,2020-12-01,Country or economy,Asia,Asia,0.0,0.0,0.0,0.0,1.0,Electricity generation,Aggregate fuel,Wind and Solar,TWh,0.08,0.02,33.33
Malaysia,MYS,2020-12-01,Country or economy,Asia,Asia,0.0,0.0,0.0,0.0,1.0,Electricity generation,Fuel,Bioenergy,%,2.05,,
Malaysia,MYS,2020-12-01,Country or economy,Asia,Asia,0.0,0.0,0.0,0.0,1.0,Electricity generation,Fuel,Coal,%,45.31,,
Malaysia,MYS,2020-12-01,Country or economy,Asia,Asia,0.0,0.0,0.0,0.0,1.0,Electricity generation,Fuel,Gas,%,33.67,,
Malaysia,MYS,2020-12-01,Country or economy,Asia,Asia,0.0,0.0,0.0,0.0,1.0,Electricity generation,Fuel,Hydro,%,17.94,,
Malaysia,MYS,2020-12-01,Country or economy,Asia,Asia,0.0,0.0,0.0,0.0,1.0,Electricity generation,Fuel,Other Fossil,%,0.44,,
Malaysia,MYS,2020-12-01,Country or economy,Asia,Asia,0.0,0.0,0.0,0.0,1.0,Electricity generation,Fuel,Solar,%,0.59,,
Malaysia,MYS,2020-12-01,Country or economy,Asia,Asia,0.0,0.0,0.0,0.0,1.0,Electricity generation,Fuel,Bioenergy,TWh,0.28,-0.07,-20.0
Malaysia,MYS,2020-12-01,Country or economy,Asia,Asia,0.0,0.0,0.0,0.0,1.0,Electricity generation,Fuel,Coal,TWh,6.19,0.43,7.47
Malaysia,MYS,2020-12-01,Country or economy,Asia,Asia,0.0,0.0,0.0,0.0,1.0,Electricity generation,Fuel,Gas,TWh,4.6,-0.35,-7.07
Malaysia,MYS,2020-12-01,Country or economy,Asia,Asia,0.0,0.0,0.0,0.0,1.0,Electricity generation,Fuel,Hydro,TWh,2.45,-0.02,-0.81
Malaysia,MYS,2020-12-01,Country or economy,Asia,Asia,0.0,0.0,0.0,0.0,1.0,Electricity generation,Fuel,Other Fossil,TWh,0.06,-0.03,-33.33
Malaysia,MYS,2020-12-01,Country or economy,Asia,Asia,0.0,0.0,0.0,0.0,1.0,Electricity generation,Fuel,Solar,TWh,0.08,0.02,33.33
Malaysia,MYS,2020-12-01,Country or economy,Asia,Asia,0.0,0.0,0.0,0.0,1.0,Electricity generation,Total,Total Generation,TWh,13.66,-0.02,-0.15
Malaysia,MYS,2020-12-01,Country or economy,Asia,Asia,0.0,0.0,0.0,0.0,1.0,Electricity imports,Electricity imports,Net Imports,TWh,-0.01,-0.04,-133.33
Malaysia,MYS,2020-12-01,Country or economy,Asia,Asia,0.0,0.0,0.0,0.0,1.0,Power sector emissions,Aggregate fuel,Clean,mtCO2,0.12,-0.02,-14.29
Malaysia,MYS,2020-12-01,Country or economy,Asia,Asia,0.0,0.0,0.0,0.0,1.0,Power sector emissions,Aggregate fuel,Fossil,mtCO2,8.67,0.11,1.29
Malaysia,MYS,2020-12-01,Country or economy,Asia,Asia,0.0,0.0,0.0,0.0,1.0,Power sector emissions,Aggregate fuel,Gas and Other Fossil,mtCO2,3.13,-0.26,-7.67
Malaysia,MYS,2020-12-01,Country or economy,Asia,Asia,0.0,0.0,0.0,0.0,1.0,Power sector emissions,Aggregate fuel,"Hydro, Bioenergy and Other Renewables",mtCO2,0.12,-0.02,-14.29
Malaysia,MYS,2020-12-01,Country or economy,Asia,Asia,0.0,0.0,0.0,0.0,1.0,Power sector emissions,Aggregate fuel,Renewables,mtCO2,0.12,-0.02,-14.29
Malaysia,MYS,2020-12-01,Country or economy,Asia,Asia,0.0,0.0,0.0,0.0,1.0,Power sector emissions,Aggregate fuel,Wind and Solar,mtCO2,0.0,0.0,
Malaysia,MYS,2020-12-01,Country or economy,Asia,Asia,0.0,0.0,0.0,0.0,1.0,Power sector emissions,CO2 intensity,CO2 intensity,gCO2/kWh,643.49,7.52,1.18
Malaysia,MYS,2020-12-01,Country or economy,Asia,Asia,0.0,0.0,0.0,0.0,1.0,Power sector emissions,Fuel,Bioenergy,mtCO2,0.06,-0.02,-25.0
Malaysia,MYS,2020-12-01,Country or economy,Asia,Asia,0.0,0.0,0.0,0.0,1.0,Power sector emissions,Fuel,Coal,mtCO2,5.54,0.37,7.16
Malaysia,MYS,2020-12-01,Country or economy,Asia,Asia,0.0,0.0,0.0,0.0,1.0,Power sector emissions,Fuel,Gas,mtCO2,3.09,-0.24,-7.21
Malaysia,MYS,2020-12-01,Country or economy,Asia,Asia,0.0,0.0,0.0,0.0,1.0,Power sector emissions,Fuel,Hydro,mtCO2,0.06,0.0,0.0
Malaysia,MYS,2020-12-01,Country or economy,Asia,Asia,0.0,0.0,0.0,0.0,1.0,Power sector emissions,Fuel,Other Fossil,mtCO2,0.04,-0.02,-33.33
Malaysia,MYS,2020-12-01,Country or economy,Asia,Asia,0.0,0.0,0.0,0.0,1.0,Power sector emissions,Fuel,Solar,mtCO2,0.0,0.0,
Malaysia,MYS,2020-12-01,Country or economy,Asia,Asia,0.0,0.0,0.0,0.0,1.0,Power sector emissions,Total,Total emissions,mtCO2,8.79,0.09,1.03
Malaysia,MYS,2021-01-01,Country or economy,Asia,Asia,0.0,0.0,0.0,0.0,1.0,Electricity demand,Demand,Demand,TWh,13.36,-0.65,-4.64
Malaysia,MYS,2021-01-01,Country or economy,Asia,Asia,0.0,0.0,0.0,0.0,1.0,Electricity generation,Aggregate fuel,Clean,%,24.26,,
Malaysia,MYS,2021-01-01,Country or economy,Asia,Asia,0.0,0.0,0.0,0.0,1.0,Electricity generation,Aggregate fuel,Fossil,%,75.75,,
Malaysia,MYS,2021-01-01,Country or economy,Asia,Asia,0.0,0.0,0.0,0.0,1.0,Electricity generation,Aggregate fuel,Gas and Other Fossil,%,28.74,,
Malaysia,MYS,2021-01-01,Country or economy,Asia,Asia,0.0,0.0,0.0,0.0,1.0,Electricity generation,Aggregate fuel,"Hydro, Bioenergy and Other Renewables",%,23.66,,
Malaysia,MYS,2021-01-01,Country or economy,Asia,Asia,0.0,0.0,0.0,0.0,1.0,Electricity generation,Aggregate fuel,Renewables,%,24.26,,
Malaysia,MYS,2021-01-01,Country or economy,Asia,Asia,0.0,0.0,0.0,0.0,1.0,Electricity generation,Aggregate fuel,Wind and Solar,%,0.6,,
Malaysia,MYS,2021-01-01,Country or economy,Asia,Asia,0.0,0.0,0.0,0.0,1.0,Electricity generation,Aggregate fuel,Clean,TWh,3.24,0.62,23.66
Malaysia,MYS,2021-01-01,Country or economy,Asia,Asia,0.0,0.0,0.0,0.0,1.0,Electricity generation,Aggregate fuel,Fossil,TWh,10.12,-1.27,-11.15
Malaysia,MYS,2021-01-01,Country or economy,Asia,Asia,0.0,0.0,0.0,0.0,1.0,Electricity generation,Aggregate fuel,Gas and Other Fossil,TWh,3.84,-0.41,-9.65
Malaysia,MYS,2021-01-01,Country or economy,Asia,Asia,0.0,0.0,0.0,0.0,1.0,Electricity generation,Aggregate fuel,"Hydro, Bioenergy and Other Renewables",TWh,3.16,0.61,23.92
Malaysia,MYS,2021-01-01,Country or economy,Asia,Asia,0.0,0.0,0.0,0.0,1.0,Electricity generation,Aggregate fuel,Renewables,TWh,3.24,0.62,23.66
Malaysia,MYS,2021-01-01,Country or economy,Asia,Asia,0.0,0.0,0.0,0.0,1.0,Electricity generation,Aggregate fuel,Wind and Solar,TWh,0.08,0.01,14.29
Malaysia,MYS,2021-01-01,Country or economy,Asia,Asia,0.0,0.0,0.0,0.0,1.0,Electricity generation,Fuel,Bioenergy,%,2.4,,
Malaysia,MYS,2021-01-01,Country or economy,Asia,Asia,0.0,0.0,0.0,0.0,1.0,Electricity generation,Fuel,Coal,%,47.01,,
Malaysia,MYS,2021-01-01,Country or economy,Asia,Asia,0.0,0.0,0.0,0.0,1.0,Electricity generation,Fuel,Gas,%,28.29,,
Malaysia,MYS,2021-01-01,Country or economy,Asia,Asia,0.0,0.0,0.0,0.0,1.0,Electricity generation,Fuel,Hydro,%,21.26,,
Malaysia,MYS,2021-01-01,Country or economy,Asia,Asia,0.0,0.0,0.0,0.0,1.0,Electricity generation,Fuel,Other Fossil,%,0.45,,
Malaysia,MYS,2021-01-01,Country or economy,Asia,Asia,0.0,0.0,0.0,0.0,1.0,Electricity generation,Fuel,Solar,%,0.6,,
Malaysia,MYS,2021-01-01,Country or economy,Asia,Asia,0.0,0.0,0.0,0.0,1.0,Electricity generation,Fuel,Bioenergy,TWh,0.32,0.02,6.67
Malaysia,MYS,2021-01-01,Country or economy,Asia,Asia,0.0,0.0,0.0,0.0,1.0,Electricity generation,Fuel,Coal,TWh,6.28,-0.86,-12.04
Malaysia,MYS,2021-01-01,Country or economy,Asia,Asia,0.0,0.0,0.0,0.0,1.0,Electricity generation,Fuel,Gas,TWh,3.78,-0.42,-10.0
Malaysia,MYS,2021-01-01,Country or economy,Asia,Asia,0.0,0.0,0.0,0.0,1.0,Electricity generation,Fuel,Hydro,TWh,2.84,0.59,26.22
Malaysia,MYS,2021-01-01,Country or economy,Asia,Asia,0.0,0.0,0.0,0.0,1.0,Electricity generation,Fuel,Other Fossil,TWh,0.06,0.01,20.0
Malaysia,MYS,2021-01-01,Country or economy,Asia,Asia,0.0,0.0,0.0,0.0,1.0,Electricity generation,Fuel,Solar,TWh,0.08,0.01,14.29
Malaysia,MYS,2021-01-01,Country or economy,Asia,Asia,0.0,0.0,0.0,0.0,1.0,Electricity generation,Total,Total Generation,TWh,13.36,-0.65,-4.64
Malaysia,MYS,2021-01-01,Country or economy,Asia,Asia,0.0,0.0,0.0,0.0,1.0,Electricity imports,Electricity imports,Net Imports,TWh,0.0,0.0,
Malaysia,MYS,2021-01-01,Country or economy,Asia,Asia,0.0,0.0,0.0,0.0,1.0,Power sector emissions,Aggregate fuel,Clean,mtCO2,0.14,0.02,16.67
Malaysia,MYS,2021-01-01,Country or economy,Asia,Asia,0.0,0.0,0.0,0.0,1.0,Power sector emissions,Aggregate fuel,Fossil,mtCO2,8.2,-1.05,-11.35
Malaysia,MYS,2021-01-01,Country or economy,Asia,Asia,0.0,0.0,0.0,0.0,1.0,Power sector emissions,Aggregate fuel,Gas and Other Fossil,mtCO2,2.58,-0.28,-9.79
Malaysia,MYS,2021-01-01,Country or economy,Asia,Asia,0.0,0.0,0.0,0.0,1.0,Power sector emissions,Aggregate fuel,"Hydro, Bioenergy and Other Renewables",mtCO2,0.14,0.02,16.67
Malaysia,MYS,2021-01-01,Country or economy,Asia,Asia,0.0,0.0,0.0,0.0,1.0,Power sector emissions,Aggregate fuel,Renewables,mtCO2,0.14,0.02,16.67
Malaysia,MYS,2021-01-01,Country or economy,Asia,Asia,0.0,0.0,0.0,0.0,1.0,Power sector emissions,Aggregate fuel,Wind and Solar,mtCO2,0.0,0.0,
Malaysia,MYS,2021-01-01,Country or economy,Asia,Asia,0.0,0.0,0.0,0.0,1.0,Power sector emissions,CO2 intensity,CO2 intensity,gCO2/kWh,624.25,-44.56,-6.66
Malaysia,MYS,2021-01-01,Country or economy,Asia,Asia,0.0,0.0,0.0,0.0,1.0,Power sector emissions,Fuel,Bioenergy,mtCO2,0.07,0.0,0.0
Malaysia,MYS,2021-01-01,Country or economy,Asia,Asia,0.0,0.0,0.0,0.0,1.0,Power sector emissions,Fuel,Coal,mtCO2,5.62,-0.77,-12.05
Malaysia,MYS,2021-01-01,Country or economy,Asia,Asia,0.0,0.0,0.0,0.0,1.0,Power sector emissions,Fuel,Gas,mtCO2,2.54,-0.28,-9.93
Malaysia,MYS,2021-01-01,Country or economy,Asia,Asia,0.0,0.0,0.0,0.0,1.0,Power sector emissions,Fuel,Hydro,mtCO2,0.07,0.02,40.0
Malaysia,MYS,2021-01-01,Country or economy,Asia,Asia,0.0,0.0,0.0,0.0,1.0,Power sector emissions,Fuel,Other Fossil,mtCO2,0.04,0.0,0.0
Malaysia,MYS,2021-01-01,Country or economy,Asia,Asia,0.0,0.0,0.0,0.0,1.0,Power sector emissions,Fuel,Solar,mtCO2,0.0,0.0,
Malaysia,MYS,2021-01-01,Country or economy,Asia,Asia,0.0,0.0,0.0,0.0,1.0,Power sector emissions,Total,Total emissions,mtCO2,8.34,-1.03,-10.99
Malaysia,MYS,2021-02-01,Country or economy,Asia,Asia,0.0,0.0,0.0,0.0,1.0,Electricity demand,Demand,Demand,TWh,12.6,-0.76,-5.69
Malaysia,MYS,2021-02-01,Country or economy,Asia,Asia,0.0,0.0,0.0,0.0,1.0,Electricity generation,Aggregate fuel,Clean,%,21.9,,
Malaysia,MYS,2021-02-01,Country or economy,Asia,Asia,0.0,0.0,0.0,0.0,1.0,Electricity generation,Aggregate fuel,Fossil,%,78.09,,
Malaysia,MYS,2021-02-01,Country or economy,Asia,Asia,0.0,0.0,0.0,0.0,1.0,Electricity generation,Aggregate fuel,Gas and Other Fossil,%,32.93,,
Malaysia,MYS,2021-02-01,Country or economy,Asia,Asia,0.0,0.0,0.0,0.0,1.0,Electricity generation,Aggregate fuel,"Hydro, Bioenergy and Other Renewables",%,21.11,,
Malaysia,MYS,2021-02-01,Country or economy,Asia,Asia,0.0,0.0,0.0,0.0,1.0,Electricity generation,Aggregate fuel,Renewables,%,21.9,,
Malaysia,MYS,2021-02-01,Country or economy,Asia,Asia,0.0,0.0,0.0,0.0,1.0,Electricity generation,Aggregate fuel,Wind and Solar,%,0.79,,
Malaysia,MYS,2021-02-01,Country or economy,Asia,Asia,0.0,0.0,0.0,0.0,1.0,Electricity generation,Aggregate fuel,Clean,TWh,2.76,0.31,12.65
Malaysia,MYS,2021-02-01,Country or economy,Asia,Asia,0.0,0.0,0.0,0.0,1.0,Electricity generation,Aggregate fuel,Fossil,TWh,9.84,-1.07,-9.81
Malaysia,MYS,2021-02-01,Country or economy,Asia,Asia,0.0,0.0,0.0,0.0,1.0,Electricity generation,Aggregate fuel,Gas and Other Fossil,TWh,4.15,-0.08,-1.89
Malaysia,MYS,2021-02-01,Country or economy,Asia,Asia,0.0,0.0,0.0,0.0,1.0,Electricity generation,Aggregate fuel,"Hydro, Bioenergy and Other Renewables",TWh,2.66,0.28,11.76
Malaysia,MYS,2021-02-01,Country or economy,Asia,Asia,0.0,0.0,0.0,0.0,1.0,Electricity generation,Aggregate fuel,Renewables,TWh,2.76,0.31,12.65
Malaysia,MYS,2021-02-01,Country or economy,Asia,Asia,0.0,0.0,0.0,0.0,1.0,Electricity generation,Aggregate fuel,Wind and Solar,TWh,0.1,0.03,42.86
Malaysia,MYS,2021-02-01,Country or economy,Asia,Asia,0.0,0.0,0.0,0.0,1.0,Electricity generation,Fuel,Bioenergy,%,2.3,,
Malaysia,MYS,2021-02-01,Country or economy,Asia,Asia,0.0,0.0,0.0,0.0,1.0,Electricity generation,Fuel,Coal,%,45.16,,
Malaysia,MYS,2021-02-01,Country or economy,Asia,Asia,0.0,0.0,0.0,0.0,1.0,Electricity generation,Fuel,Gas,%,32.3,,
Malaysia,MYS,2021-02-01,Country or economy,Asia,Asia,0.0,0.0,0.0,0.0,1.0,Electricity generation,Fuel,Hydro,%,18.81,,
Malaysia,MYS,2021-02-01,Country or economy,Asia,Asia,0.0,0.0,0.0,0.0,1.0,Electricity generation,Fuel,Other Fossil,%,0.63,,
Malaysia,MYS,2021-02-01,Country or economy,Asia,Asia,0.0,0.0,0.0,0.0,1.0,Electricity generation,Fuel,Solar,%,0.79,,
Malaysia,MYS,2021-02-01,Country or economy,Asia,Asia,0.0,0.0,0.0,0.0,1.0,Electricity generation,Fuel,Bioenergy,TWh,0.29,0.01,3.57
Malaysia,MYS,2021-02-01,Country or economy,Asia,Asia,0.0,0.0,0.0,0.0,1.0,Electricity generation,Fuel,Coal,TWh,5.69,-0.99,-14.82
Malaysia,MYS,2021-02-01,Country or economy,Asia,Asia,0.0,0.0,0.0,0.0,1.0,Electricity generation,Fuel,Gas,TWh,4.07,-0.12,-2.86
Malaysia,MYS,2021-02-01,Country or economy,Asia,Asia,0.0,0.0,0.0,0.0,1.0,Electricity generation,Fuel,Hydro,TWh,2.37,0.27,12.86
Malaysia,MYS,2021-02-01,Country or economy,Asia,Asia,0.0,0.0,0.0,0.0,1.0,Electricity generation,Fuel,Other Fossil,TWh,0.08,0.04,100.0
Malaysia,MYS,2021-02-01,Country or economy,Asia,Asia,0.0,0.0,0.0,0.0,1.0,Electricity generation,Fuel,Solar,TWh,0.1,0.03,42.86
Malaysia,MYS,2021-02-01,Country or economy,Asia,Asia,0.0,0.0,0.0,0.0,1.0,Electricity generation,Total,Total Generation,TWh,12.6,-0.76,-5.69
Malaysia,MYS,2021-02-01,Country or economy,Asia,Asia,0.0,0.0,0.0,0.0,1.0,Electricity imports,Electricity imports,Net Imports,TWh,0.0,0.0,
Malaysia,MYS,2021-02-01,Country or economy,Asia,Asia,0.0,0.0,0.0,0.0,1.0,Power sector emissions,Aggregate fuel,Clean,mtCO2,0.13,0.02,18.18
Malaysia,MYS,2021-02-01,Country or economy,Asia,Asia,0.0,0.0,0.0,0.0,1.0,Power sector emissions,Aggregate fuel,Fossil,mtCO2,7.89,-0.94,-10.65
Malaysia,MYS,2021-02-01,Country or economy,Asia,Asia,0.0,0.0,0.0,0.0,1.0,Power sector emissions,Aggregate fuel,Gas and Other Fossil,mtCO2,2.8,-0.05,-1.75
Malaysia,MYS,2021-02-01,Country or economy,Asia,Asia,0.0,0.0,0.0,0.0,1.0,Power sector emissions,Aggregate fuel,"Hydro, Bioenergy and Other Renewables",mtCO2,0.13,0.02,18.18
Malaysia,MYS,2021-02-01,Country or economy,Asia,Asia,0.0,0.0,0.0,0.0,1.0,Power sector emissions,Aggregate fuel,Renewables,mtCO2,0.13,0.02,18.18
Malaysia,MYS,2021-02-01,Country or economy,Asia,Asia,0.0,0.0,0.0,0.0,1.0,Power sector emissions,Aggregate fuel,Wind and Solar,mtCO2,0.0,0.0,
Malaysia,MYS,2021-02-01,Country or economy,Asia,Asia,0.0,0.0,0.0,0.0,1.0,Power sector emissions,CO2 intensity,CO2 intensity,gCO2/kWh,636.51,-32.65,-4.88
Malaysia,MYS,2021-02-01,Country or economy,Asia,Asia,0.0,0.0,0.0,0.0,1.0,Power sector emissions,Fuel,Bioenergy,mtCO2,0.07,0.01,16.67
Malaysia,MYS,2021-02-01,Country or economy,Asia,Asia,0.0,0.0,0.0,0.0,1.0,Power sector emissions,Fuel,Coal,mtCO2,5.09,-0.89,-14.88
Malaysia,MYS,2021-02-01,Country or economy,Asia,Asia,0.0,0.0,0.0,0.0,1.0,Power sector emissions,Fuel,Gas,mtCO2,2.74,-0.08,-2.84
Malaysia,MYS,2021-02-01,Country or economy,Asia,Asia,0.0,0.0,0.0,0.0,1.0,Power sector emissions,Fuel,Hydro,mtCO2,0.06,0.01,20.0
Malaysia,MYS,2021-02-01,Country or economy,Asia,Asia,0.0,0.0,0.0,0.0,1.0,Power sector emissions,Fuel,Other Fossil,mtCO2,0.06,0.03,100.0
Malaysia,MYS,2021-02-01,Country or economy,Asia,Asia,0.0,0.0,0.0,0.0,1.0,Power sector emissions,Fuel,Solar,mtCO2,0.0,0.0,
Malaysia,MYS,2021-02-01,Country or economy,Asia,Asia,0.0,0.0,0.0,0.0,1.0,Power sector emissions,Total,Total emissions,mtCO2,8.02,-0.92,-10.29
Malaysia,MYS,2021-03-01,Country or economy,Asia,Asia,0.0,0.0,0.0,0.0,1.0,Electricity demand,Demand,Demand,TWh,14.62,1.3,9.76
Malaysia,MYS,2021-03-01,Country or economy,Asia,Asia,0.0,0.0,0.0,0.0,1.0,Electricity generation,Aggregate fuel,Clean,%,20.25,,
Malaysia,MYS,2021-03-01,Country or economy,Asia,Asia,0.0,0.0,0.0,0.0,1.0,Electricity generation,Aggregate fuel,Fossil,%,79.75,,
Malaysia,MYS,2021-03-01,Country or economy,Asia,Asia,0.0,0.0,0.0,0.0,1.0,Electricity generation,Aggregate fuel,Gas and Other Fossil,%,30.71,,
Malaysia,MYS,2021-03-01,Country or economy,Asia,Asia,0.0,0.0,0.0,0.0,1.0,Electricity generation,Aggregate fuel,"Hydro, Bioenergy and Other Renewables",%,19.57,,
Malaysia,MYS,2021-03-01,Country or economy,Asia,Asia,0.0,0.0,0.0,0.0,1.0,Electricity generation,Aggregate fuel,Renewables,%,20.25,,
Malaysia,MYS,2021-03-01,Country or economy,Asia,Asia,0.0,0.0,0.0,0.0,1.0,Electricity generation,Aggregate fuel,Wind and Solar,%,0.68,,
Malaysia,MYS,2021-03-01,Country or economy,Asia,Asia,0.0,0.0,0.0,0.0,1.0,Electricity generation,Aggregate fuel,Clean,TWh,2.96,0.41,16.08
Malaysia,MYS,2021-03-01,Country or economy,Asia,Asia,0.0,0.0,0.0,0.0,1.0,Electricity generation,Aggregate fuel,Fossil,TWh,11.66,0.89,8.26
Malaysia,MYS,2021-03-01,Country or economy,Asia,Asia,0.0,0.0,0.0,0.0,1.0,Electricity generation,Aggregate fuel,Gas and Other Fossil,TWh,4.49,0.54,13.67
Malaysia,MYS,2021-03-01,Country or economy,Asia,Asia,0.0,0.0,0.0,0.0,1.0,Electricity generation,Aggregate fuel,"Hydro, Bioenergy and Other Renewables",TWh,2.86,0.39,15.79
Malaysia,MYS,2021-03-01,Country or economy,Asia,Asia,0.0,0.0,0.0,0.0,1.0,Electricity generation,Aggregate fuel,Renewables,TWh,2.96,0.41,16.08
Malaysia,MYS,2021-03-01,Country or economy,Asia,Asia,0.0,0.0,0.0,0.0,1.0,Electricity generation,Aggregate fuel,Wind and Solar,TWh,0.1,0.02,25.0
Malaysia,MYS,2021-03-01,Country or economy,Asia,Asia,0.0,0.0,0.0,0.0,1.0,Electricity generation,Fuel,Bioenergy,%,2.33,,
Malaysia,MYS,2021-03-01,Country or economy,Asia,Asia,0.0,0.0,0.0,0.0,1.0,Electricity generation,Fuel,Coal,%,49.04,,
Malaysia,MYS,2021-03-01,Country or economy,Asia,Asia,0.0,0.0,0.0,0.0,1.0,Electricity generation,Fuel,Gas,%,30.37,,
Malaysia,MYS,2021-03-01,Country or economy,Asia,Asia,0.0,0.0,0.0,0.0,1.0,Electricity generation,Fuel,Hydro,%,17.24,,
Malaysia,MYS,2021-03-01,Country or economy,Asia,Asia,0.0,0.0,0.0,0.0,1.0,Electricity generation,Fuel,Other Fossil,%,0.34,,
Malaysia,MYS,2021-03-01,Country or economy,Asia,Asia,0.0,0.0,0.0,0.0,1.0,Electricity generation,Fuel,Solar,%,0.68,,
Malaysia,MYS,2021-03-01,Country or economy,Asia,Asia,0.0,0.0,0.0,0.0,1.0,Electricity generation,Fuel,Bioenergy,TWh,0.34,0.04,13.33
Malaysia,MYS,2021-03-01,Country or economy,Asia,Asia,0.0,0.0,0.0,0.0,1.0,Electricity generation,Fuel,Coal,TWh,7.17,0.35,5.13
Malaysia,MYS,2021-03-01,Country or economy,Asia,Asia,0.0,0.0,0.0,0.0,1.0,Electricity generation,Fuel,Gas,TWh,4.44,0.53,13.55
Malaysia,MYS,2021-03-01,Country or economy,Asia,Asia,0.0,0.0,0.0,0.0,1.0,Electricity generation,Fuel,Hydro,TWh,2.52,0.35,16.13
Malaysia,MYS,2021-03-01,Country or economy,Asia,Asia,0.0,0.0,0.0,0.0,1.0,Electricity generation,Fuel,Other Fossil,TWh,0.05,0.01,25.0
Malaysia,MYS,2021-03-01,Country or economy,Asia,Asia,0.0,0.0,0.0,0.0,1.0,Electricity generation,Fuel,Solar,TWh,0.1,0.02,25.0
Malaysia,MYS,2021-03-01,Country or economy,Asia,Asia,0.0,0.0,0.0,0.0,1.0,Electricity generation,Total,Total Generation,TWh,14.62,1.3,9.76
Malaysia,MYS,2021-03-01,Country or economy,Asia,Asia,0.0,0.0,0.0,0.0,1.0,Electricity imports,Electricity imports,Net Imports,TWh,0.0,0.0,
Malaysia,MYS,2021-03-01,Country or economy,Asia,Asia,0.0,0.0,0.0,0.0,1.0,Power sector emissions,Aggregate fuel,Clean,mtCO2,0.14,0.02,16.67
Malaysia,MYS,2021-03-01,Country or economy,Asia,Asia,0.0,0.0,0.0,0.0,1.0,Power sector emissions,Aggregate fuel,Fossil,mtCO2,9.44,0.68,7.76
Malaysia,MYS,2021-03-01,Country or economy,Asia,Asia,0.0,0.0,0.0,0.0,1.0,Power sector emissions,Aggregate fuel,Gas and Other Fossil,mtCO2,3.02,0.36,13.53
Malaysia,MYS,2021-03-01,Country or economy,Asia,Asia,0.0,0.0,0.0,0.0,1.0,Power sector emissions,Aggregate fuel,"Hydro, Bioenergy and Other Renewables",mtCO2,0.14,0.02,16.67
Malaysia,MYS,2021-03-01,Country or economy,Asia,Asia,0.0,0.0,0.0,0.0,1.0,Power sector emissions,Aggregate fuel,Renewables,mtCO2,0.14,0.02,16.67
Malaysia,MYS,2021-03-01,Country or economy,Asia,Asia,0.0,0.0,0.0,0.0,1.0,Power sector emissions,Aggregate fuel,Wind and Solar,mtCO2,0.0,0.0,
Malaysia,MYS,2021-03-01,Country or economy,Asia,Asia,0.0,0.0,0.0,0.0,1.0,Power sector emissions,CO2 intensity,CO2 intensity,gCO2/kWh,655.27,-11.4,-1.71
Malaysia,MYS,2021-03-01,Country or economy,Asia,Asia,0.0,0.0,0.0,0.0,1.0,Power sector emissions,Fuel,Bioenergy,mtCO2,0.08,0.01,14.29
Malaysia,MYS,2021-03-01,Country or economy,Asia,Asia,0.0,0.0,0.0,0.0,1.0,Power sector emissions,Fuel,Coal,mtCO2,6.42,0.32,5.25
Malaysia,MYS,2021-03-01,Country or economy,Asia,Asia,0.0,0.0,0.0,0.0,1.0,Power sector emissions,Fuel,Gas,mtCO2,2.98,0.35,13.31
Malaysia,MYS,2021-03-01,Country or economy,Asia,Asia,0.0,0.0,0.0,0.0,1.0,Power sector emissions,Fuel,Hydro,mtCO2,0.06,0.01,20.0
Malaysia,MYS,2021-03-01,Country or economy,Asia,Asia,0.0,0.0,0.0,0.0,1.0,Power sector emissions,Fuel,Other Fossil,mtCO2,0.04,0.01,33.33
Malaysia,MYS,2021-03-01,Country or economy,Asia,Asia,0.0,0.0,0.0,0.0,1.0,Power sector emissions,Fuel,Solar,mtCO2,0.0,0.0,
Malaysia,MYS,2021-03-01,Country or economy,Asia,Asia,0.0,0.0,0.0,0.0,1.0,Power sector emissions,Total,Total emissions,mtCO2,9.58,0.7,7.88
Malaysia,MYS,2021-04-01,Country or economy,Asia,Asia,0.0,0.0,0.0,0.0,1.0,Electricity demand,Demand,Demand,TWh,14.22,2.71,23.54
Malaysia,MYS,2021-04-01,Country or economy,Asia,Asia,0.0,0.0,0.0,0.0,1.0,Electricity generation,Aggregate fuel,Clean,%,20.94,,
Malaysia,MYS,2021-04-01,Country or economy,Asia,Asia,0.0,0.0,0.0,0.0,1.0,Electricity generation,Aggregate fuel,Fossil,%,79.06,,
Malaysia,MYS,2021-04-01,Country or economy,Asia,Asia,0.0,0.0,0.0,0.0,1.0,Electricity generation,Aggregate fuel,Gas and Other Fossil,%,33.71,,
Malaysia,MYS,2021-04-01,Country or economy,Asia,Asia,0.0,0.0,0.0,0.0,1.0,Electricity generation,Aggregate fuel,"Hydro, Bioenergy and Other Renewables",%,20.31,,
Malaysia,MYS,2021-04-01,Country or economy,Asia,Asia,0.0,0.0,0.0,0.0,1.0,Electricity generation,Aggregate fuel,Renewables,%,20.94,,
Malaysia,MYS,2021-04-01,Country or economy,Asia,Asia,0.0,0.0,0.0,0.0,1.0,Electricity generation,Aggregate fuel,Wind and Solar,%,0.63,,
Malaysia,MYS,2021-04-01,Country or economy,Asia,Asia,0.0,0.0,0.0,0.0,1.0,Electricity generation,Aggregate fuel,Clean,TWh,2.97,0.58,24.27
Malaysia,MYS,2021-04-01,Country or economy,Asia,Asia,0.0,0.0,0.0,0.0,1.0,Electricity generation,Aggregate fuel,Fossil,TWh,11.21,2.08,22.78
Malaysia,MYS,2021-04-01,Country or economy,Asia,Asia,0.0,0.0,0.0,0.0,1.0,Electricity generation,Aggregate fuel,Gas and Other Fossil,TWh,4.78,1.39,41.0
Malaysia,MYS,2021-04-01,Country or economy,Asia,Asia,0.0,0.0,0.0,0.0,1.0,Electricity generation,Aggregate fuel,"Hydro, Bioenergy and Other Renewables",TWh,2.88,0.56,24.14
Malaysia,MYS,2021-04-01,Country or economy,Asia,Asia,0.0,0.0,0.0,0.0,1.0,Electricity generation,Aggregate fuel,Renewables,TWh,2.97,0.58,24.27
Malaysia,MYS,2021-04-01,Country or economy,Asia,Asia,0.0,0.0,0.0,0.0,1.0,Electricity generation,Aggregate fuel,Wind and Solar,TWh,0.09,0.02,28.57
Malaysia,MYS,2021-04-01,Country or economy,Asia,Asia,0.0,0.0,0.0,0.0,1.0,Electricity generation,Fuel,Bioenergy,%,2.26,,
Malaysia,MYS,2021-04-01,Country or economy,Asia,Asia,0.0,0.0,0.0,0.0,1.0,Electricity generation,Fuel,Coal,%,45.35,,
Malaysia,MYS,2021-04-01,Country or economy,Asia,Asia,0.0,0.0,0.0,0.0,1.0,Electricity generation,Fuel,Gas,%,33.36,,
Malaysia,MYS,2021-04-01,Country or economy,Asia,Asia,0.0,0.0,0.0,0.0,1.0,Electricity generation,Fuel,Hydro,%,18.05,,
Malaysia,MYS,2021-04-01,Country or economy,Asia,Asia,0.0,0.0,0.0,0.0,1.0,Electricity generation,Fuel,Other Fossil,%,0.35,,
Malaysia,MYS,2021-04-01,Country or economy,Asia,Asia,0.0,0.0,0.0,0.0,1.0,Electricity generation,Fuel,Solar,%,0.63,,
Malaysia,MYS,2021-04-01,Country or economy,Asia,Asia,0.0,0.0,0.0,0.0,1.0,Electricity generation,Fuel,Bioenergy,TWh,0.32,0.04,14.29
Malaysia,MYS,2021-04-01,Country or economy,Asia,Asia,0.0,0.0,0.0,0.0,1.0,Electricity generation,Fuel,Coal,TWh,6.43,0.69,12.02
Malaysia,MYS,2021-04-01,Country or economy,Asia,Asia,0.0,0.0,0.0,0.0,1.0,Electricity generation,Fuel,Gas,TWh,4.73,1.38,41.19
Malaysia,MYS,2021-04-01,Country or economy,Asia,Asia,0.0,0.0,0.0,0.0,1.0,Electricity generation,Fuel,Hydro,TWh,2.56,0.52,25.49
Malaysia,MYS,2021-04-01,Country or economy,Asia,Asia,0.0,0.0,0.0,0.0,1.0,Electricity generation,Fuel,Other Fossil,TWh,0.05,0.01,25.0
Malaysia,MYS,2021-04-01,Country or economy,Asia,Asia,0.0,0.0,0.0,0.0,1.0,Electricity generation,Fuel,Solar,TWh,0.09,0.02,28.57
Malaysia,MYS,2021-04-01,Country or economy,Asia,Asia,0.0,0.0,0.0,0.0,1.0,Electricity generation,Total,Total Generation,TWh,14.18,2.66,23.09
Malaysia,MYS,2021-04-01,Country or economy,Asia,Asia,0.0,0.0,0.0,0.0,1.0,Electricity imports,Electricity imports,Net Imports,TWh,0.04,0.05,
Malaysia,MYS,2021-04-01,Country or economy,Asia,Asia,0.0,0.0,0.0,0.0,1.0,Power sector emissions,Aggregate fuel,Clean,mtCO2,0.13,0.02,18.18
Malaysia,MYS,2021-04-01,Country or economy,Asia,Asia,0.0,0.0,0.0,0.0,1.0,Power sector emissions,Aggregate fuel,Fossil,mtCO2,8.97,1.55,20.89
Malaysia,MYS,2021-04-01,Country or economy,Asia,Asia,0.0,0.0,0.0,0.0,1.0,Power sector emissions,Aggregate fuel,Gas and Other Fossil,mtCO2,3.22,0.94,41.23
Malaysia,MYS,2021-04-01,Country or economy,Asia,Asia,0.0,0.0,0.0,0.0,1.0,Power sector emissions,Aggregate fuel,"Hydro, Bioenergy and Other Renewables",mtCO2,0.13,0.02,18.18
Malaysia,MYS,2021-04-01,Country or economy,Asia,Asia,0.0,0.0,0.0,0.0,1.0,Power sector emissions,Aggregate fuel,Renewables,mtCO2,0.13,0.02,18.18
Malaysia,MYS,2021-04-01,Country or economy,Asia,Asia,0.0,0.0,0.0,0.0,1.0,Power sector emissions,Aggregate fuel,Wind and Solar,mtCO2,0.0,0.0,
Malaysia,MYS,2021-04-01,Country or economy,Asia,Asia,0.0,0.0,0.0,0.0,1.0,Power sector emissions,CO2 intensity,CO2 intensity,gCO2/kWh,641.75,-11.9,-1.82
Malaysia,MYS,2021-04-01,Country or economy,Asia,Asia,0.0,0.0,0.0,0.0,1.0,Power sector emissions,Fuel,Bioenergy,mtCO2,0.07,0.01,16.67
Malaysia,MYS,2021-04-01,Country or economy,Asia,Asia,0.0,0.0,0.0,0.0,1.0,Power sector emissions,Fuel,Coal,mtCO2,5.75,0.61,11.87
Malaysia,MYS,2021-04-01,Country or economy,Asia,Asia,0.0,0.0,0.0,0.0,1.0,Power sector emissions,Fuel,Gas,mtCO2,3.18,0.93,41.33
Malaysia,MYS,2021-04-01,Country or economy,Asia,Asia,0.0,0.0,0.0,0.0,1.0,Power sector emissions,Fuel,Hydro,mtCO2,0.06,0.01,20.0
Malaysia,MYS,2021-04-01,Country or economy,Asia,Asia,0.0,0.0,0.0,0.0,1.0,Power sector emissions,Fuel,Other Fossil,mtCO2,0.04,0.01,33.33
Malaysia,MYS,2021-04-01,Country or economy,Asia,Asia,0.0,0.0,0.0,0.0,1.0,Power sector emissions,Fuel,Solar,mtCO2,0.0,0.0,
Malaysia,MYS,2021-04-01,Country or economy,Asia,Asia,0.0,0.0,0.0,0.0,1.0,Power sector emissions,Total,Total emissions,mtCO2,9.1,1.57,20.85
Malaysia,MYS,2021-05-01,Country or economy,Asia,Asia,0.0,0.0,0.0,0.0,1.0,Electricity demand,Demand,Demand,TWh,14.25,1.18,9.03
Malaysia,MYS,2021-05-01,Country or economy,Asia,Asia,0.0,0.0,0.0,0.0,1.0,Electricity generation,Aggregate fuel,Clean,%,20.79,,
Malaysia,MYS,2021-05-01,Country or economy,Asia,Asia,0.0,0.0,0.0,0.0,1.0,Electricity generation,Aggregate fuel,Fossil,%,79.22,,
Malaysia,MYS,2021-05-01,Country or economy,Asia,Asia,0.0,0.0,0.0,0.0,1.0,Electricity generation,Aggregate fuel,Gas and Other Fossil,%,33.78,,
Malaysia,MYS,2021-05-01,Country or economy,Asia,Asia,0.0,0.0,0.0,0.0,1.0,Electricity generation,Aggregate fuel,"Hydro, Bioenergy and Other Renewables",%,20.09,,
Malaysia,MYS,2021-05-01,Country or economy,Asia,Asia,0.0,0.0,0.0,0.0,1.0,Electricity generation,Aggregate fuel,Renewables,%,20.79,,
Malaysia,MYS,2021-05-01,Country or economy,Asia,Asia,0.0,0.0,0.0,0.0,1.0,Electricity generation,Aggregate fuel,Wind and Solar,%,0.7,,
Malaysia,MYS,2021-05-01,Country or economy,Asia,Asia,0.0,0.0,0.0,0.0,1.0,Electricity generation,Aggregate fuel,Clean,TWh,2.96,0.47,18.88
Malaysia,MYS,2021-05-01,Country or economy,Asia,Asia,0.0,0.0,0.0,0.0,1.0,Electricity generation,Aggregate fuel,Fossil,TWh,11.28,0.69,6.52
Malaysia,MYS,2021-05-01,Country or economy,Asia,Asia,0.0,0.0,0.0,0.0,1.0,Electricity generation,Aggregate fuel,Gas and Other Fossil,TWh,4.81,0.92,23.65
Malaysia,MYS,2021-05-01,Country or economy,Asia,Asia,0.0,0.0,0.0,0.0,1.0,Electricity generation,Aggregate fuel,"Hydro, Bioenergy and Other Renewables",TWh,2.86,0.44,18.18
Malaysia,MYS,2021-05-01,Country or economy,Asia,Asia,0.0,0.0,0.0,0.0,1.0,Electricity generation,Aggregate fuel,Renewables,TWh,2.96,0.47,18.88
Malaysia,MYS,2021-05-01,Country or economy,Asia,Asia,0.0,0.0,0.0,0.0,1.0,Electricity generation,Aggregate fuel,Wind and Solar,TWh,0.1,0.03,42.86
Malaysia,MYS,2021-05-01,Country or economy,Asia,Asia,0.0,0.0,0.0,0.0,1.0,Electricity generation,Fuel,Bioenergy,%,2.32,,
Malaysia,MYS,2021-05-01,Country or economy,Asia,Asia,0.0,0.0,0.0,0.0,1.0,Electricity generation,Fuel,Coal,%,45.44,,
Malaysia,MYS,2021-05-01,Country or economy,Asia,Asia,0.0,0.0,0.0,0.0,1.0,Electricity generation,Fuel,Gas,%,33.36,,
Malaysia,MYS,2021-05-01,Country or economy,Asia,Asia,0.0,0.0,0.0,0.0,1.0,Electricity generation,Fuel,Hydro,%,17.77,,
Malaysia,MYS,2021-05-01,Country or economy,Asia,Asia,0.0,0.0,0.0,0.0,1.0,Electricity generation,Fuel,Other Fossil,%,0.42,,
Malaysia,MYS,2021-05-01,Country or economy,Asia,Asia,0.0,0.0,0.0,0.0,1.0,Electricity generation,Fuel,Solar,%,0.7,,
Malaysia,MYS,2021-05-01,Country or economy,Asia,Asia,0.0,0.0,0.0,0.0,1.0,Electricity generation,Fuel,Bioenergy,TWh,0.33,0.05,17.86
Malaysia,MYS,2021-05-01,Country or economy,Asia,Asia,0.0,0.0,0.0,0.0,1.0,Electricity generation,Fuel,Coal,TWh,6.47,-0.23,-3.43
Malaysia,MYS,2021-05-01,Country or economy,Asia,Asia,0.0,0.0,0.0,0.0,1.0,Electricity generation,Fuel,Gas,TWh,4.75,0.9,23.38
Malaysia,MYS,2021-05-01,Country or economy,Asia,Asia,0.0,0.0,0.0,0.0,1.0,Electricity generation,Fuel,Hydro,TWh,2.53,0.39,18.22
Malaysia,MYS,2021-05-01,Country or economy,Asia,Asia,0.0,0.0,0.0,0.0,1.0,Electricity generation,Fuel,Other Fossil,TWh,0.06,0.02,50.0
Malaysia,MYS,2021-05-01,Country or economy,Asia,Asia,0.0,0.0,0.0,0.0,1.0,Electricity generation,Fuel,Solar,TWh,0.1,0.03,42.86
Malaysia,MYS,2021-05-01,Country or economy,Asia,Asia,0.0,0.0,0.0,0.0,1.0,Electricity generation,Total,Total Generation,TWh,14.24,1.16,8.87
Malaysia,MYS,2021-05-01,Country or economy,Asia,Asia,0.0,0.0,0.0,0.0,1.0,Electricity imports,Electricity imports,Net Imports,TWh,0.01,0.02,
Malaysia,MYS,2021-05-01,Country or economy,Asia,Asia,0.0,0.0,0.0,0.0,1.0,Power sector emissions,Aggregate fuel,Clean,mtCO2,0.14,0.03,27.27
Malaysia,MYS,2021-05-01,Country or economy,Asia,Asia,0.0,0.0,0.0,0.0,1.0,Power sector emissions,Aggregate fuel,Fossil,mtCO2,9.02,0.4,4.64
Malaysia,MYS,2021-05-01,Country or economy,Asia,Asia,0.0,0.0,0.0,0.0,1.0,Power sector emissions,Aggregate fuel,Gas and Other Fossil,mtCO2,3.23,0.61,23.28
Malaysia,MYS,2021-05-01,Country or economy,Asia,Asia,0.0,0.0,0.0,0.0,1.0,Power sector emissions,Aggregate fuel,"Hydro, Bioenergy and Other Renewables",mtCO2,0.14,0.03,27.27
Malaysia,MYS,2021-05-01,Country or economy,Asia,Asia,0.0,0.0,0.0,0.0,1.0,Power sector emissions,Aggregate fuel,Renewables,mtCO2,0.14,0.03,27.27
Malaysia,MYS,2021-05-01,Country or economy,Asia,Asia,0.0,0.0,0.0,0.0,1.0,Power sector emissions,Aggregate fuel,Wind and Solar,mtCO2,0.0,0.0,
Malaysia,MYS,2021-05-01,Country or economy,Asia,Asia,0.0,0.0,0.0,0.0,1.0,Power sector emissions,CO2 intensity,CO2 intensity,gCO2/kWh,643.26,-24.17,-3.62
Malaysia,MYS,2021-05-01,Country or economy,Asia,Asia,0.0,0.0,0.0,0.0,1.0,Power sector emissions,Fuel,Bioenergy,mtCO2,0.08,0.02,33.33
Malaysia,MYS,2021-05-01,Country or economy,Asia,Asia,0.0,0.0,0.0,0.0,1.0,Power sector emissions,Fuel,Coal,mtCO2,5.79,-0.21,-3.5
Malaysia,MYS,2021-05-01,Country or economy,Asia,Asia,0.0,0.0,0.0,0.0,1.0,Power sector emissions,Fuel,Gas,mtCO2,3.19,0.6,23.17
Malaysia,MYS,2021-05-01,Country or economy,Asia,Asia,0.0,0.0,0.0,0.0,1.0,Power sector emissions,Fuel,Hydro,mtCO2,0.06,0.01,20.0
Malaysia,MYS,2021-05-01,Country or economy,Asia,Asia,0.0,0.0,0.0,0.0,1.0,Power sector emissions,Fuel,Other Fossil,mtCO2,0.04,0.01,33.33
Malaysia,MYS,2021-05-01,Country or economy,Asia,Asia,0.0,0.0,0.0,0.0,1.0,Power sector emissions,Fuel,Solar,mtCO2,0.0,0.0,
Malaysia,MYS,2021-05-01,Country or economy,Asia,Asia,0.0,0.0,0.0,0.0,1.0,Power sector emissions,Total,Total emissions,mtCO2,9.16,0.43,4.93
Malaysia,MYS,2021-06-01,Country or economy,Asia,Asia,0.0,0.0,0.0,0.0,1.0,Electricity demand,Demand,Demand,TWh,12.49,-0.62,-4.73
Malaysia,MYS,2021-06-01,Country or economy,Asia,Asia,0.0,0.0,0.0,0.0,1.0,Electricity generation,Aggregate fuel,Clean,%,20.67,,
Malaysia,MYS,2021-06-01,Country or economy,Asia,Asia,0.0,0.0,0.0,0.0,1.0,Electricity generation,Aggregate fuel,Fossil,%,79.33,,
Malaysia,MYS,2021-06-01,Country or economy,Asia,Asia,0.0,0.0,0.0,0.0,1.0,Electricity generation,Aggregate fuel,Gas and Other Fossil,%,36.7,,
Malaysia,MYS,2021-06-01,Country or economy,Asia,Asia,0.0,0.0,0.0,0.0,1.0,Electricity generation,Aggregate fuel,"Hydro, Bioenergy and Other Renewables",%,19.95,,
Malaysia,MYS,2021-06-01,Country or economy,Asia,Asia,0.0,0.0,0.0,0.0,1.0,Electricity generation,Aggregate fuel,Renewables,%,20.67,,
Malaysia,MYS,2021-06-01,Country or economy,Asia,Asia,0.0,0.0,0.0,0.0,1.0,Electricity generation,Aggregate fuel,Wind and Solar,%,0.72,,
Malaysia,MYS,2021-06-01,Country or economy,Asia,Asia,0.0,0.0,0.0,0.0,1.0,Electricity generation,Aggregate fuel,Clean,TWh,2.58,0.2,8.4
Malaysia,MYS,2021-06-01,Country or economy,Asia,Asia,0.0,0.0,0.0,0.0,1.0,Electricity generation,Aggregate fuel,Fossil,TWh,9.9,-0.83,-7.74
Malaysia,MYS,2021-06-01,Country or economy,Asia,Asia,0.0,0.0,0.0,0.0,1.0,Electricity generation,Aggregate fuel,Gas and Other Fossil,TWh,4.58,0.57,14.21
Malaysia,MYS,2021-06-01,Country or economy,Asia,Asia,0.0,0.0,0.0,0.0,1.0,Electricity generation,Aggregate fuel,"Hydro, Bioenergy and Other Renewables",TWh,2.49,0.17,7.33
Malaysia,MYS,2021-06-01,Country or economy,Asia,Asia,0.0,0.0,0.0,0.0,1.0,Electricity generation,Aggregate fuel,Renewables,TWh,2.58,0.2,8.4
Malaysia,MYS,2021-06-01,Country or economy,Asia,Asia,0.0,0.0,0.0,0.0,1.0,Electricity generation,Aggregate fuel,Wind and Solar,TWh,0.09,0.03,50.0
Malaysia,MYS,2021-06-01,Country or economy,Asia,Asia,0.0,0.0,0.0,0.0,1.0,Electricity generation,Fuel,Bioenergy,%,2.4,,
Malaysia,MYS,2021-06-01,Country or economy,Asia,Asia,0.0,0.0,0.0,0.0,1.0,Electricity generation,Fuel,Coal,%,42.63,,
Malaysia,MYS,2021-06-01,Country or economy,Asia,Asia,0.0,0.0,0.0,0.0,1.0,Electricity generation,Fuel,Gas,%,36.3,,
Malaysia,MYS,2021-06-01,Country or economy,Asia,Asia,0.0,0.0,0.0,0.0,1.0,Electricity generation,Fuel,Hydro,%,17.55,,
Malaysia,MYS,2021-06-01,Country or economy,Asia,Asia,0.0,0.0,0.0,0.0,1.0,Electricity generation,Fuel,Other Fossil,%,0.4,,
Malaysia,MYS,2021-06-01,Country or economy,Asia,Asia,0.0,0.0,0.0,0.0,1.0,Electricity generation,Fuel,Solar,%,0.72,,
Malaysia,MYS,2021-06-01,Country or economy,Asia,Asia,0.0,0.0,0.0,0.0,1.0,Electricity generation,Fuel,Bioenergy,TWh,0.3,0.04,15.38
Malaysia,MYS,2021-06-01,Country or economy,Asia,Asia,0.0,0.0,0.0,0.0,1.0,Electricity generation,Fuel,Coal,TWh,5.32,-1.4,-20.83
Malaysia,MYS,2021-06-01,Country or economy,Asia,Asia,0.0,0.0,0.0,0.0,1.0,Electricity generation,Fuel,Gas,TWh,4.53,0.56,14.11
Malaysia,MYS,2021-06-01,Country or economy,Asia,Asia,0.0,0.0,0.0,0.0,1.0,Electricity generation,Fuel,Hydro,TWh,2.19,0.13,6.31
Malaysia,MYS,2021-06-01,Country or economy,Asia,Asia,0.0,0.0,0.0,0.0,1.0,Electricity generation,Fuel,Other Fossil,TWh,0.05,0.01,25.0
Malaysia,MYS,2021-06-01,Country or economy,Asia,Asia,0.0,0.0,0.0,0.0,1.0,Electricity generation,Fuel,Solar,TWh,0.09,0.03,50.0
Malaysia,MYS,2021-06-01,Country or economy,Asia,Asia,0.0,0.0,0.0,0.0,1.0,Electricity generation,Total,Total Generation,TWh,12.48,-0.63,-4.81
Malaysia,MYS,2021-06-01,Country or economy,Asia,Asia,0.0,0.0,0.0,0.0,1.0,Electricity imports,Electricity imports,Net Imports,TWh,0.01,0.01,
Malaysia,MYS,2021-06-01,Country or economy,Asia,Asia,0.0,0.0,0.0,0.0,1.0,Power sector emissions,Aggregate fuel,Clean,mtCO2,0.12,0.01,9.09
Malaysia,MYS,2021-06-01,Country or economy,Asia,Asia,0.0,0.0,0.0,0.0,1.0,Power sector emissions,Aggregate fuel,Fossil,mtCO2,7.84,-0.87,-9.99
Malaysia,MYS,2021-06-01,Country or economy,Asia,Asia,0.0,0.0,0.0,0.0,1.0,Power sector emissions,Aggregate fuel,Gas and Other Fossil,mtCO2,3.08,0.38,14.07
Malaysia,MYS,2021-06-01,Country or economy,Asia,Asia,0.0,0.0,0.0,0.0,1.0,Power sector emissions,Aggregate fuel,"Hydro, Bioenergy and Other Renewables",mtCO2,0.12,0.01,9.09
Malaysia,MYS,2021-06-01,Country or economy,Asia,Asia,0.0,0.0,0.0,0.0,1.0,Power sector emissions,Aggregate fuel,Renewables,mtCO2,0.12,0.01,9.09
Malaysia,MYS,2021-06-01,Country or economy,Asia,Asia,0.0,0.0,0.0,0.0,1.0,Power sector emissions,Aggregate fuel,Wind and Solar,mtCO2,0.0,0.0,
Malaysia,MYS,2021-06-01,Country or economy,Asia,Asia,0.0,0.0,0.0,0.0,1.0,Power sector emissions,CO2 intensity,CO2 intensity,gCO2/kWh,637.82,-34.95,-5.19
Malaysia,MYS,2021-06-01,Country or economy,Asia,Asia,0.0,0.0,0.0,0.0,1.0,Power sector emissions,Fuel,Bioenergy,mtCO2,0.07,0.01,16.67
Malaysia,MYS,2021-06-01,Country or economy,Asia,Asia,0.0,0.0,0.0,0.0,1.0,Power sector emissions,Fuel,Coal,mtCO2,4.76,-1.25,-20.8
Malaysia,MYS,2021-06-01,Country or economy,Asia,Asia,0.0,0.0,0.0,0.0,1.0,Power sector emissions,Fuel,Gas,mtCO2,3.04,0.37,13.86
Malaysia,MYS,2021-06-01,Country or economy,Asia,Asia,0.0,0.0,0.0,0.0,1.0,Power sector emissions,Fuel,Hydro,mtCO2,0.05,0.0,0.0
Malaysia,MYS,2021-06-01,Country or economy,Asia,Asia,0.0,0.0,0.0,0.0,1.0,Power sector emissions,Fuel,Other Fossil,mtCO2,0.04,0.01,33.33
Malaysia,MYS,2021-06-01,Country or economy,Asia,Asia,0.0,0.0,0.0,0.0,1.0,Power sector emissions,Fuel,Solar,mtCO2,0.0,0.0,
Malaysia,MYS,2021-06-01,Country or economy,Asia,Asia,0.0,0.0,0.0,0.0,1.0,Power sector emissions,Total,Total emissions,mtCO2,7.96,-0.86,-9.75
Malaysia,MYS,2021-07-01,Country or economy,Asia,Asia,0.0,0.0,0.0,0.0,1.0,Electricity demand,Demand,Demand,TWh,13.03,-0.65,-4.75
Malaysia,MYS,2021-07-01,Country or economy,Asia,Asia,0.0,0.0,0.0,0.0,1.0,Electricity generation,Aggregate fuel,Clean,%,22.11,,
Malaysia,MYS,2021-07-01,Country or economy,Asia,Asia,0.0,0.0,0.0,0.0,1.0,Electricity generation,Aggregate fuel,Fossil,%,77.87,,
Malaysia,MYS,2021-07-01,Country or economy,Asia,Asia,0.0,0.0,0.0,0.0,1.0,Electricity generation,Aggregate fuel,Gas and Other Fossil,%,33.25,,
Malaysia,MYS,2021-07-01,Country or economy,Asia,Asia,0.0,0.0,0.0,0.0,1.0,Electricity generation,Aggregate fuel,"Hydro, Bioenergy and Other Renewables",%,21.42,,
Malaysia,MYS,2021-07-01,Country or economy,Asia,Asia,0.0,0.0,0.0,0.0,1.0,Electricity generation,Aggregate fuel,Renewables,%,22.11,,
Malaysia,MYS,2021-07-01,Country or economy,Asia,Asia,0.0,0.0,0.0,0.0,1.0,Electricity generation,Aggregate fuel,Wind and Solar,%,0.69,,
Malaysia,MYS,2021-07-01,Country or economy,Asia,Asia,0.0,0.0,0.0,0.0,1.0,Electricity generation,Aggregate fuel,Clean,TWh,2.88,0.25,9.51
Malaysia,MYS,2021-07-01,Country or economy,Asia,Asia,0.0,0.0,0.0,0.0,1.0,Electricity generation,Aggregate fuel,Fossil,TWh,10.14,-0.91,-8.24
Malaysia,MYS,2021-07-01,Country or economy,Asia,Asia,0.0,0.0,0.0,0.0,1.0,Electricity generation,Aggregate fuel,Gas and Other Fossil,TWh,4.33,0.14,3.34
Malaysia,MYS,2021-07-01,Country or economy,Asia,Asia,0.0,0.0,0.0,0.0,1.0,Electricity generation,Aggregate fuel,"Hydro, Bioenergy and Other Renewables",TWh,2.79,0.23,8.98
Malaysia,MYS,2021-07-01,Country or economy,Asia,Asia,0.0,0.0,0.0,0.0,1.0,Electricity generation,Aggregate fuel,Renewables,TWh,2.88,0.25,9.51
Malaysia,MYS,2021-07-01,Country or economy,Asia,Asia,0.0,0.0,0.0,0.0,1.0,Electricity generation,Aggregate fuel,Wind and Solar,TWh,0.09,0.02,28.57
Malaysia,MYS,2021-07-01,Country or economy,Asia,Asia,0.0,0.0,0.0,0.0,1.0,Electricity generation,Fuel,Bioenergy,%,2.53,,
Malaysia,MYS,2021-07-01,Country or economy,Asia,Asia,0.0,0.0,0.0,0.0,1.0,Electricity generation,Fuel,Coal,%,44.62,,
Malaysia,MYS,2021-07-01,Country or economy,Asia,Asia,0.0,0.0,0.0,0.0,1.0,Electricity generation,Fuel,Gas,%,32.87,,
Malaysia,MYS,2021-07-01,Country or economy,Asia,Asia,0.0,0.0,0.0,0.0,1.0,Electricity generation,Fuel,Hydro,%,18.89,,
Malaysia,MYS,2021-07-01,Country or economy,Asia,Asia,0.0,0.0,0.0,0.0,1.0,Electricity generation,Fuel,Other Fossil,%,0.38,,
Malaysia,MYS,2021-07-01,Country or economy,Asia,Asia,0.0,0.0,0.0,0.0,1.0,Electricity generation,Fuel,Solar,%,0.69,,
Malaysia,MYS,2021-07-01,Country or economy,Asia,Asia,0.0,0.0,0.0,0.0,1.0,Electricity generation,Fuel,Bioenergy,TWh,0.33,0.05,17.86
Malaysia,MYS,2021-07-01,Country or economy,Asia,Asia,0.0,0.0,0.0,0.0,1.0,Electricity generation,Fuel,Coal,TWh,5.81,-1.05,-15.31
Malaysia,MYS,2021-07-01,Country or economy,Asia,Asia,0.0,0.0,0.0,0.0,1.0,Electricity generation,Fuel,Gas,TWh,4.28,0.13,3.13
Malaysia,MYS,2021-07-01,Country or economy,Asia,Asia,0.0,0.0,0.0,0.0,1.0,Electricity generation,Fuel,Hydro,TWh,2.46,0.18,7.89
Malaysia,MYS,2021-07-01,Country or economy,Asia,Asia,0.0,0.0,0.0,0.0,1.0,Electricity generation,Fuel,Other Fossil,TWh,0.05,0.01,25.0
Malaysia,MYS,2021-07-01,Country or economy,Asia,Asia,0.0,0.0,0.0,0.0,1.0,Electricity generation,Fuel,Solar,TWh,0.09,0.02,28.57
Malaysia,MYS,2021-07-01,Country or economy,Asia,Asia,0.0,0.0,0.0,0.0,1.0,Electricity generation,Total,Total Generation,TWh,13.02,-0.66,-4.82
Malaysia,MYS,2021-07-01,Country or economy,Asia,Asia,0.0,0.0,0.0,0.0,1.0,Electricity imports,Electricity imports,Net Imports,TWh,0.01,0.01,
Malaysia,MYS,2021-07-01,Country or economy,Asia,Asia,0.0,0.0,0.0,0.0,1.0,Power sector emissions,Aggregate fuel,Clean,mtCO2,0.14,0.03,27.27
Malaysia,MYS,2021-07-01,Country or economy,Asia,Asia,0.0,0.0,0.0,0.0,1.0,Power sector emissions,Aggregate fuel,Fossil,mtCO2,8.12,-0.84,-9.38
Malaysia,MYS,2021-07-01,Country or economy,Asia,Asia,0.0,0.0,0.0,0.0,1.0,Power sector emissions,Aggregate fuel,Gas and Other Fossil,mtCO2,2.92,0.1,3.55
Malaysia,MYS,2021-07-01,Country or economy,Asia,Asia,0.0,0.0,0.0,0.0,1.0,Power sector emissions,Aggregate fuel,"Hydro, Bioenergy and Other Renewables",mtCO2,0.14,0.03,27.27
Malaysia,MYS,2021-07-01,Country or economy,Asia,Asia,0.0,0.0,0.0,0.0,1.0,Power sector emissions,Aggregate fuel,Renewables,mtCO2,0.14,0.03,27.27
Malaysia,MYS,2021-07-01,Country or economy,Asia,Asia,0.0,0.0,0.0,0.0,1.0,Power sector emissions,Aggregate fuel,Wind and Solar,mtCO2,0.0,0.0,
Malaysia,MYS,2021-07-01,Country or economy,Asia,Asia,0.0,0.0,0.0,0.0,1.0,Power sector emissions,CO2 intensity,CO2 intensity,gCO2/kWh,634.41,-28.6,-4.31
Malaysia,MYS,2021-07-01,Country or economy,Asia,Asia,0.0,0.0,0.0,0.0,1.0,Power sector emissions,Fuel,Bioenergy,mtCO2,0.08,0.02,33.33
Malaysia,MYS,2021-07-01,Country or economy,Asia,Asia,0.0,0.0,0.0,0.0,1.0,Power sector emissions,Fuel,Coal,mtCO2,5.2,-0.94,-15.31
Malaysia,MYS,2021-07-01,Country or economy,Asia,Asia,0.0,0.0,0.0,0.0,1.0,Power sector emissions,Fuel,Gas,mtCO2,2.88,0.09,3.23
Malaysia,MYS,2021-07-01,Country or economy,Asia,Asia,0.0,0.0,0.0,0.0,1.0,Power sector emissions,Fuel,Hydro,mtCO2,0.06,0.01,20.0
Malaysia,MYS,2021-07-01,Country or economy,Asia,Asia,0.0,0.0,0.0,0.0,1.0,Power sector emissions,Fuel,Other Fossil,mtCO2,0.04,0.01,33.33
Malaysia,MYS,2021-07-01,Country or economy,Asia,Asia,0.0,0.0,0.0,0.0,1.0,Power sector emissions,Fuel,Solar,mtCO2,0.0,0.0,
Malaysia,MYS,2021-07-01,Country or economy,Asia,Asia,0.0,0.0,0.0,0.0,1.0,Power sector emissions,Total,Total emissions,mtCO2,8.26,-0.81,-8.93
Malaysia,MYS,2021-08-01,Country or economy,Asia,Asia,0.0,0.0,0.0,0.0,1.0,Electricity demand,Demand,Demand,TWh,13.39,-0.66,-4.7
Malaysia,MYS,2021-08-01,Country or economy,Asia,Asia,0.0,0.0,0.0,0.0,1.0,Electricity generation,Aggregate fuel,Clean,%,22.33,,
Malaysia,MYS,2021-08-01,Country or economy,Asia,Asia,0.0,0.0,0.0,0.0,1.0,Electricity generation,Aggregate fuel,Fossil,%,77.67,,
Malaysia,MYS,2021-08-01,Country or economy,Asia,Asia,0.0,0.0,0.0,0.0,1.0,Electricity generation,Aggregate fuel,Gas and Other Fossil,%,33.01,,
Malaysia,MYS,2021-08-01,Country or economy,Asia,Asia,0.0,0.0,0.0,0.0,1.0,Electricity generation,Aggregate fuel,"Hydro, Bioenergy and Other Renewables",%,21.58,,
Malaysia,MYS,2021-08-01,Country or economy,Asia,Asia,0.0,0.0,0.0,0.0,1.0,Electricity generation,Aggregate fuel,Renewables,%,22.33,,
Malaysia,MYS,2021-08-01,Country or economy,Asia,Asia,0.0,0.0,0.0,0.0,1.0,Electricity generation,Aggregate fuel,Wind and Solar,%,0.75,,
Malaysia,MYS,2021-08-01,Country or economy,Asia,Asia,0.0,0.0,0.0,0.0,1.0,Electricity generation,Aggregate fuel,Clean,TWh,2.99,0.08,2.75
Malaysia,MYS,2021-08-01,Country or economy,Asia,Asia,0.0,0.0,0.0,0.0,1.0,Electricity generation,Aggregate fuel,Fossil,TWh,10.4,-0.75,-6.73
Malaysia,MYS,2021-08-01,Country or economy,Asia,Asia,0.0,0.0,0.0,0.0,1.0,Electricity generation,Aggregate fuel,Gas and Other Fossil,TWh,4.42,0.68,18.18
Malaysia,MYS,2021-08-01,Country or economy,Asia,Asia,0.0,0.0,0.0,0.0,1.0,Electricity generation,Aggregate fuel,"Hydro, Bioenergy and Other Renewables",TWh,2.89,0.05,1.76
Malaysia,MYS,2021-08-01,Country or economy,Asia,Asia,0.0,0.0,0.0,0.0,1.0,Electricity generation,Aggregate fuel,Renewables,TWh,2.99,0.08,2.75
Malaysia,MYS,2021-08-01,Country or economy,Asia,Asia,0.0,0.0,0.0,0.0,1.0,Electricity generation,Aggregate fuel,Wind and Solar,TWh,0.1,0.03,42.86
Malaysia,MYS,2021-08-01,Country or economy,Asia,Asia,0.0,0.0,0.0,0.0,1.0,Electricity generation,Fuel,Bioenergy,%,2.54,,
Malaysia,MYS,2021-08-01,Country or economy,Asia,Asia,0.0,0.0,0.0,0.0,1.0,Electricity generation,Fuel,Coal,%,44.66,,
Malaysia,MYS,2021-08-01,Country or economy,Asia,Asia,0.0,0.0,0.0,0.0,1.0,Electricity generation,Fuel,Gas,%,32.64,,
Malaysia,MYS,2021-08-01,Country or economy,Asia,Asia,0.0,0.0,0.0,0.0,1.0,Electricity generation,Fuel,Hydro,%,19.04,,
Malaysia,MYS,2021-08-01,Country or economy,Asia,Asia,0.0,0.0,0.0,0.0,1.0,Electricity generation,Fuel,Other Fossil,%,0.37,,
Malaysia,MYS,2021-08-01,Country or economy,Asia,Asia,0.0,0.0,0.0,0.0,1.0,Electricity generation,Fuel,Solar,%,0.75,,
Malaysia,MYS,2021-08-01,Country or economy,Asia,Asia,0.0,0.0,0.0,0.0,1.0,Electricity generation,Fuel,Bioenergy,TWh,0.34,0.05,17.24
Malaysia,MYS,2021-08-01,Country or economy,Asia,Asia,0.0,0.0,0.0,0.0,1.0,Electricity generation,Fuel,Coal,TWh,5.98,-1.43,-19.3
Malaysia,MYS,2021-08-01,Country or economy,Asia,Asia,0.0,0.0,0.0,0.0,1.0,Electricity generation,Fuel,Gas,TWh,4.37,0.68,18.43
Malaysia,MYS,2021-08-01,Country or economy,Asia,Asia,0.0,0.0,0.0,0.0,1.0,Electricity generation,Fuel,Hydro,TWh,2.55,0.0,0.0
Malaysia,MYS,2021-08-01,Country or economy,Asia,Asia,0.0,0.0,0.0,0.0,1.0,Electricity generation,Fuel,Other Fossil,TWh,0.05,0.0,0.0
Malaysia,MYS,2021-08-01,Country or economy,Asia,Asia,0.0,0.0,0.0,0.0,1.0,Electricity generation,Fuel,Solar,TWh,0.1,0.03,42.86
Malaysia,MYS,2021-08-01,Country or economy,Asia,Asia,0.0,0.0,0.0,0.0,1.0,Electricity generation,Total,Total Generation,TWh,13.39,-0.67,-4.77
Malaysia,MYS,2021-08-01,Country or economy,Asia,Asia,0.0,0.0,0.0,0.0,1.0,Electricity imports,Electricity imports,Net Imports,TWh,0.0,0.01,
Malaysia,MYS,2021-08-01,Country or economy,Asia,Asia,0.0,0.0,0.0,0.0,1.0,Power sector emissions,Aggregate fuel,Clean,mtCO2,0.14,0.01,7.69
Malaysia,MYS,2021-08-01,Country or economy,Asia,Asia,0.0,0.0,0.0,0.0,1.0,Power sector emissions,Aggregate fuel,Fossil,mtCO2,8.33,-0.82,-8.96
Malaysia,MYS,2021-08-01,Country or economy,Asia,Asia,0.0,0.0,0.0,0.0,1.0,Power sector emissions,Aggregate fuel,Gas and Other Fossil,mtCO2,2.98,0.46,18.25
Malaysia,MYS,2021-08-01,Country or economy,Asia,Asia,0.0,0.0,0.0,0.0,1.0,Power sector emissions,Aggregate fuel,"Hydro, Bioenergy and Other Renewables",mtCO2,0.14,0.01,7.69
Malaysia,MYS,2021-08-01,Country or economy,Asia,Asia,0.0,0.0,0.0,0.0,1.0,Power sector emissions,Aggregate fuel,Renewables,mtCO2,0.14,0.01,7.69
Malaysia,MYS,2021-08-01,Country or economy,Asia,Asia,0.0,0.0,0.0,0.0,1.0,Power sector emissions,Aggregate fuel,Wind and Solar,mtCO2,0.0,0.0,
Malaysia,MYS,2021-08-01,Country or economy,Asia,Asia,0.0,0.0,0.0,0.0,1.0,Power sector emissions,CO2 intensity,CO2 intensity,gCO2/kWh,632.56,-27.47,-4.16
Malaysia,MYS,2021-08-01,Country or economy,Asia,Asia,0.0,0.0,0.0,0.0,1.0,Power sector emissions,Fuel,Bioenergy,mtCO2,0.08,0.01,14.29
Malaysia,MYS,2021-08-01,Country or economy,Asia,Asia,0.0,0.0,0.0,0.0,1.0,Power sector emissions,Fuel,Coal,mtCO2,5.35,-1.28,-19.31
Malaysia,MYS,2021-08-01,Country or economy,Asia,Asia,0.0,0.0,0.0,0.0,1.0,Power sector emissions,Fuel,Gas,mtCO2,2.94,0.46,18.55
Malaysia,MYS,2021-08-01,Country or economy,Asia,Asia,0.0,0.0,0.0,0.0,1.0,Power sector emissions,Fuel,Hydro,mtCO2,0.06,0.0,0.0
Malaysia,MYS,2021-08-01,Country or economy,Asia,Asia,0.0,0.0,0.0,0.0,1.0,Power sector emissions,Fuel,Other Fossil,mtCO2,0.04,0.0,0.0
Malaysia,MYS,2021-08-01,Country or economy,Asia,Asia,0.0,0.0,0.0,0.0,1.0,Power sector emissions,Fuel,Solar,mtCO2,0.0,0.0,
Malaysia,MYS,2021-08-01,Country or economy,Asia,Asia,0.0,0.0,0.0,0.0,1.0,Power sector emissions,Total,Total emissions,mtCO2,8.47,-0.81,-8.73
Malaysia,MYS,2021-09-01,Country or economy,Asia,Asia,0.0,0.0,0.0,0.0,1.0,Electricity demand,Demand,Demand,TWh,13.58,1.24,10.05
Malaysia,MYS,2021-09-01,Country or economy,Asia,Asia,0.0,0.0,0.0,0.0,1.0,Electricity generation,Aggregate fuel,Clean,%,21.41,,
Malaysia,MYS,2021-09-01,Country or economy,Asia,Asia,0.0,0.0,0.0,0.0,1.0,Electricity generation,Aggregate fuel,Fossil,%,78.59,,
Malaysia,MYS,2021-09-01,Country or economy,Asia,Asia,0.0,0.0,0.0,0.0,1.0,Electricity generation,Aggregate fuel,Gas and Other Fossil,%,30.76,,
Malaysia,MYS,2021-09-01,Country or economy,Asia,Asia,0.0,0.0,0.0,0.0,1.0,Electricity generation,Aggregate fuel,"Hydro, Bioenergy and Other Renewables",%,20.75,,
Malaysia,MYS,2021-09-01,Country or economy,Asia,Asia,0.0,0.0,0.0,0.0,1.0,Electricity generation,Aggregate fuel,Renewables,%,21.41,,
Malaysia,MYS,2021-09-01,Country or economy,Asia,Asia,0.0,0.0,0.0,0.0,1.0,Electricity generation,Aggregate fuel,Wind and Solar,%,0.66,,
Malaysia,MYS,2021-09-01,Country or economy,Asia,Asia,0.0,0.0,0.0,0.0,1.0,Electricity generation,Aggregate fuel,Clean,TWh,2.91,0.15,5.43
Malaysia,MYS,2021-09-01,Country or economy,Asia,Asia,0.0,0.0,0.0,0.0,1.0,Electricity generation,Aggregate fuel,Fossil,TWh,10.68,1.11,11.6
Malaysia,MYS,2021-09-01,Country or economy,Asia,Asia,0.0,0.0,0.0,0.0,1.0,Electricity generation,Aggregate fuel,Gas and Other Fossil,TWh,4.18,0.74,21.51
Malaysia,MYS,2021-09-01,Country or economy,Asia,Asia,0.0,0.0,0.0,0.0,1.0,Electricity generation,Aggregate fuel,"Hydro, Bioenergy and Other Renewables",TWh,2.82,0.12,4.44
Malaysia,MYS,2021-09-01,Country or economy,Asia,Asia,0.0,0.0,0.0,0.0,1.0,Electricity generation,Aggregate fuel,Renewables,TWh,2.91,0.15,5.43
Malaysia,MYS,2021-09-01,Country or economy,Asia,Asia,0.0,0.0,0.0,0.0,1.0,Electricity generation,Aggregate fuel,Wind and Solar,TWh,0.09,0.03,50.0
Malaysia,MYS,2021-09-01,Country or economy,Asia,Asia,0.0,0.0,0.0,0.0,1.0,Electricity generation,Fuel,Bioenergy,%,2.43,,
Malaysia,MYS,2021-09-01,Country or economy,Asia,Asia,0.0,0.0,0.0,0.0,1.0,Electricity generation,Fuel,Coal,%,47.83,,
Malaysia,MYS,2021-09-01,Country or economy,Asia,Asia,0.0,0.0,0.0,0.0,1.0,Electricity generation,Fuel,Gas,%,30.39,,
Malaysia,MYS,2021-09-01,Country or economy,Asia,Asia,0.0,0.0,0.0,0.0,1.0,Electricity generation,Fuel,Hydro,%,18.32,,
Malaysia,MYS,2021-09-01,Country or economy,Asia,Asia,0.0,0.0,0.0,0.0,1.0,Electricity generation,Fuel,Other Fossil,%,0.37,,
Malaysia,MYS,2021-09-01,Country or economy,Asia,Asia,0.0,0.0,0.0,0.0,1.0,Electricity generation,Fuel,Solar,%,0.66,,
Malaysia,MYS,2021-09-01,Country or economy,Asia,Asia,0.0,0.0,0.0,0.0,1.0,Electricity generation,Fuel,Bioenergy,TWh,0.33,0.05,17.86
Malaysia,MYS,2021-09-01,Country or economy,Asia,Asia,0.0,0.0,0.0,0.0,1.0,Electricity generation,Fuel,Coal,TWh,6.5,0.37,6.04
Malaysia,MYS,2021-09-01,Country or economy,Asia,Asia,0.0,0.0,0.0,0.0,1.0,Electricity generation,Fuel,Gas,TWh,4.13,0.73,21.47
Malaysia,MYS,2021-09-01,Country or economy,Asia,Asia,0.0,0.0,0.0,0.0,1.0,Electricity generation,Fuel,Hydro,TWh,2.49,0.07,2.89
Malaysia,MYS,2021-09-01,Country or economy,Asia,Asia,0.0,0.0,0.0,0.0,1.0,Electricity generation,Fuel,Other Fossil,TWh,0.05,0.01,25.0
Malaysia,MYS,2021-09-01,Country or economy,Asia,Asia,0.0,0.0,0.0,0.0,1.0,Electricity generation,Fuel,Solar,TWh,0.09,0.03,50.0
Malaysia,MYS,2021-09-01,Country or economy,Asia,Asia,0.0,0.0,0.0,0.0,1.0,Electricity generation,Total,Total Generation,TWh,13.59,1.26,10.22
Malaysia,MYS,2021-09-01,Country or economy,Asia,Asia,0.0,0.0,0.0,0.0,1.0,Electricity imports,Electricity imports,Net Imports,TWh,-0.01,-0.02,-200.0
Malaysia,MYS,2021-09-01,Country or economy,Asia,Asia,0.0,0.0,0.0,0.0,1.0,Power sector emissions,Aggregate fuel,Clean,mtCO2,0.14,0.02,16.67
Malaysia,MYS,2021-09-01,Country or economy,Asia,Asia,0.0,0.0,0.0,0.0,1.0,Power sector emissions,Aggregate fuel,Fossil,mtCO2,8.64,0.83,10.63
Malaysia,MYS,2021-09-01,Country or economy,Asia,Asia,0.0,0.0,0.0,0.0,1.0,Power sector emissions,Aggregate fuel,Gas and Other Fossil,mtCO2,2.82,0.5,21.55
Malaysia,MYS,2021-09-01,Country or economy,Asia,Asia,0.0,0.0,0.0,0.0,1.0,Power sector emissions,Aggregate fuel,"Hydro, Bioenergy and Other Renewables",mtCO2,0.14,0.02,16.67
Malaysia,MYS,2021-09-01,Country or economy,Asia,Asia,0.0,0.0,0.0,0.0,1.0,Power sector emissions,Aggregate fuel,Renewables,mtCO2,0.14,0.02,16.67
Malaysia,MYS,2021-09-01,Country or economy,Asia,Asia,0.0,0.0,0.0,0.0,1.0,Power sector emissions,Aggregate fuel,Wind and Solar,mtCO2,0.0,0.0,
Malaysia,MYS,2021-09-01,Country or economy,Asia,Asia,0.0,0.0,0.0,0.0,1.0,Power sector emissions,CO2 intensity,CO2 intensity,gCO2/kWh,646.06,2.91,0.45
Malaysia,MYS,2021-09-01,Country or economy,Asia,Asia,0.0,0.0,0.0,0.0,1.0,Power sector emissions,Fuel,Bioenergy,mtCO2,0.08,0.02,33.33
Malaysia,MYS,2021-09-01,Country or economy,Asia,Asia,0.0,0.0,0.0,0.0,1.0,Power sector emissions,Fuel,Coal,mtCO2,5.82,0.33,6.01
Malaysia,MYS,2021-09-01,Country or economy,Asia,Asia,0.0,0.0,0.0,0.0,1.0,Power sector emissions,Fuel,Gas,mtCO2,2.78,0.49,21.4
Malaysia,MYS,2021-09-01,Country or economy,Asia,Asia,0.0,0.0,0.0,0.0,1.0,Power sector emissions,Fuel,Hydro,mtCO2,0.06,0.0,0.0
Malaysia,MYS,2021-09-01,Country or economy,Asia,Asia,0.0,0.0,0.0,0.0,1.0,Power sector emissions,Fuel,Other Fossil,mtCO2,0.04,0.01,33.33
Malaysia,MYS,2021-09-01,Country or economy,Asia,Asia,0.0,0.0,0.0,0.0,1.0,Power sector emissions,Fuel,Solar,mtCO2,0.0,0.0,
Malaysia,MYS,2021-09-01,Country or economy,Asia,Asia,0.0,0.0,0.0,0.0,1.0,Power sector emissions,Total,Total emissions,mtCO2,8.78,0.85,10.72
Malaysia,MYS,2021-10-01,Country or economy,Asia,Asia,0.0,0.0,0.0,0.0,1.0,Electricity demand,Demand,Demand,TWh,14.66,0.57,4.05
Malaysia,MYS,2021-10-01,Country or economy,Asia,Asia,0.0,0.0,0.0,0.0,1.0,Electricity generation,Aggregate fuel,Clean,%,21.75,,
Malaysia,MYS,2021-10-01,Country or economy,Asia,Asia,0.0,0.0,0.0,0.0,1.0,Electricity generation,Aggregate fuel,Fossil,%,78.26,,
Malaysia,MYS,2021-10-01,Country or economy,Asia,Asia,0.0,0.0,0.0,0.0,1.0,Electricity generation,Aggregate fuel,Gas and Other Fossil,%,31.02,,
Malaysia,MYS,2021-10-01,Country or economy,Asia,Asia,0.0,0.0,0.0,0.0,1.0,Electricity generation,Aggregate fuel,"Hydro, Bioenergy and Other Renewables",%,21.07,,
Malaysia,MYS,2021-10-01,Country or economy,Asia,Asia,0.0,0.0,0.0,0.0,1.0,Electricity generation,Aggregate fuel,Renewables,%,21.75,,
Malaysia,MYS,2021-10-01,Country or economy,Asia,Asia,0.0,0.0,0.0,0.0,1.0,Electricity generation,Aggregate fuel,Wind and Solar,%,0.68,,
Malaysia,MYS,2021-10-01,Country or economy,Asia,Asia,0.0,0.0,0.0,0.0,1.0,Electricity generation,Aggregate fuel,Clean,TWh,3.19,0.29,10.0
Malaysia,MYS,2021-10-01,Country or economy,Asia,Asia,0.0,0.0,0.0,0.0,1.0,Electricity generation,Aggregate fuel,Fossil,TWh,11.48,0.29,2.59
Malaysia,MYS,2021-10-01,Country or economy,Asia,Asia,0.0,0.0,0.0,0.0,1.0,Electricity generation,Aggregate fuel,Gas and Other Fossil,TWh,4.55,0.4,9.64
Malaysia,MYS,2021-10-01,Country or economy,Asia,Asia,0.0,0.0,0.0,0.0,1.0,Electricity generation,Aggregate fuel,"Hydro, Bioenergy and Other Renewables",TWh,3.09,0.27,9.57
Malaysia,MYS,2021-10-01,Country or economy,Asia,Asia,0.0,0.0,0.0,0.0,1.0,Electricity generation,Aggregate fuel,Renewables,TWh,3.19,0.29,10.0
Malaysia,MYS,2021-10-01,Country or economy,Asia,Asia,0.0,0.0,0.0,0.0,1.0,Electricity generation,Aggregate fuel,Wind and Solar,TWh,0.1,0.02,25.0
Malaysia,MYS,2021-10-01,Country or economy,Asia,Asia,0.0,0.0,0.0,0.0,1.0,Electricity generation,Fuel,Bioenergy,%,2.39,,
Malaysia,MYS,2021-10-01,Country or economy,Asia,Asia,0.0,0.0,0.0,0.0,1.0,Electricity generation,Fuel,Coal,%,47.24,,
Malaysia,MYS,2021-10-01,Country or economy,Asia,Asia,0.0,0.0,0.0,0.0,1.0,Electricity generation,Fuel,Gas,%,30.54,,
Malaysia,MYS,2021-10-01,Country or economy,Asia,Asia,0.0,0.0,0.0,0.0,1.0,Electricity generation,Fuel,Hydro,%,18.68,,
Malaysia,MYS,2021-10-01,Country or economy,Asia,Asia,0.0,0.0,0.0,0.0,1.0,Electricity generation,Fuel,Other Fossil,%,0.48,,
Malaysia,MYS,2021-10-01,Country or economy,Asia,Asia,0.0,0.0,0.0,0.0,1.0,Electricity generation,Fuel,Solar,%,0.68,,
Malaysia,MYS,2021-10-01,Country or economy,Asia,Asia,0.0,0.0,0.0,0.0,1.0,Electricity generation,Fuel,Bioenergy,TWh,0.35,0.06,20.69
Malaysia,MYS,2021-10-01,Country or economy,Asia,Asia,0.0,0.0,0.0,0.0,1.0,Electricity generation,Fuel,Coal,TWh,6.93,-0.11,-1.56
Malaysia,MYS,2021-10-01,Country or economy,Asia,Asia,0.0,0.0,0.0,0.0,1.0,Electricity generation,Fuel,Gas,TWh,4.48,0.38,9.27
Malaysia,MYS,2021-10-01,Country or economy,Asia,Asia,0.0,0.0,0.0,0.0,1.0,Electricity generation,Fuel,Hydro,TWh,2.74,0.21,8.3
Malaysia,MYS,2021-10-01,Country or economy,Asia,Asia,0.0,0.0,0.0,0.0,1.0,Electricity generation,Fuel,Other Fossil,TWh,0.07,0.02,40.0
Malaysia,MYS,2021-10-01,Country or economy,Asia,Asia,0.0,0.0,0.0,0.0,1.0,Electricity generation,Fuel,Solar,TWh,0.1,0.02,25.0
Malaysia,MYS,2021-10-01,Country or economy,Asia,Asia,0.0,0.0,0.0,0.0,1.0,Electricity generation,Total,Total Generation,TWh,14.67,0.58,4.12
Malaysia,MYS,2021-10-01,Country or economy,Asia,Asia,0.0,0.0,0.0,0.0,1.0,Electricity imports,Electricity imports,Net Imports,TWh,-0.01,-0.01,
Malaysia,MYS,2021-10-01,Country or economy,Asia,Asia,0.0,0.0,0.0,0.0,1.0,Power sector emissions,Aggregate fuel,Clean,mtCO2,0.15,0.02,15.38
Malaysia,MYS,2021-10-01,Country or economy,Asia,Asia,0.0,0.0,0.0,0.0,1.0,Power sector emissions,Aggregate fuel,Fossil,mtCO2,9.26,0.16,1.76
Malaysia,MYS,2021-10-01,Country or economy,Asia,Asia,0.0,0.0,0.0,0.0,1.0,Power sector emissions,Aggregate fuel,Gas and Other Fossil,mtCO2,3.06,0.26,9.29
Malaysia,MYS,2021-10-01,Country or economy,Asia,Asia,0.0,0.0,0.0,0.0,1.0,Power sector emissions,Aggregate fuel,"Hydro, Bioenergy and Other Renewables",mtCO2,0.15,0.02,15.38
Malaysia,MYS,2021-10-01,Country or economy,Asia,Asia,0.0,0.0,0.0,0.0,1.0,Power sector emissions,Aggregate fuel,Renewables,mtCO2,0.15,0.02,15.38
Malaysia,MYS,2021-10-01,Country or economy,Asia,Asia,0.0,0.0,0.0,0.0,1.0,Power sector emissions,Aggregate fuel,Wind and Solar,mtCO2,0.0,0.0,
Malaysia,MYS,2021-10-01,Country or economy,Asia,Asia,0.0,0.0,0.0,0.0,1.0,Power sector emissions,CO2 intensity,CO2 intensity,gCO2/kWh,641.45,-13.63,-2.08
Malaysia,MYS,2021-10-01,Country or economy,Asia,Asia,0.0,0.0,0.0,0.0,1.0,Power sector emissions,Fuel,Bioenergy,mtCO2,0.08,0.01,14.29
Malaysia,MYS,2021-10-01,Country or economy,Asia,Asia,0.0,0.0,0.0,0.0,1.0,Power sector emissions,Fuel,Coal,mtCO2,6.2,-0.1,-1.59
Malaysia,MYS,2021-10-01,Country or economy,Asia,Asia,0.0,0.0,0.0,0.0,1.0,Power sector emissions,Fuel,Gas,mtCO2,3.01,0.25,9.06
Malaysia,MYS,2021-10-01,Country or economy,Asia,Asia,0.0,0.0,0.0,0.0,1.0,Power sector emissions,Fuel,Hydro,mtCO2,0.07,0.01,16.67
Malaysia,MYS,2021-10-01,Country or economy,Asia,Asia,0.0,0.0,0.0,0.0,1.0,Power sector emissions,Fuel,Other Fossil,mtCO2,0.05,0.01,25.0
Malaysia,MYS,2021-10-01,Country or economy,Asia,Asia,0.0,0.0,0.0,0.0,1.0,Power sector emissions,Fuel,Solar,mtCO2,0.0,0.0,
Malaysia,MYS,2021-10-01,Country or economy,Asia,Asia,0.0,0.0,0.0,0.0,1.0,Power sector emissions,Total,Total emissions,mtCO2,9.41,0.18,1.95
Malaysia,MYS,2021-11-01,Country or economy,Asia,Asia,0.0,0.0,0.0,0.0,1.0,Electricity demand,Demand,Demand,TWh,13.79,0.54,4.08
Malaysia,MYS,2021-11-01,Country or economy,Asia,Asia,0.0,0.0,0.0,0.0,1.0,Electricity generation,Aggregate fuel,Clean,%,21.26,,
Malaysia,MYS,2021-11-01,Country or economy,Asia,Asia,0.0,0.0,0.0,0.0,1.0,Electricity generation,Aggregate fuel,Fossil,%,78.73,,
Malaysia,MYS,2021-11-01,Country or economy,Asia,Asia,0.0,0.0,0.0,0.0,1.0,Electricity generation,Aggregate fuel,Gas and Other Fossil,%,37.08,,
Malaysia,MYS,2021-11-01,Country or economy,Asia,Asia,0.0,0.0,0.0,0.0,1.0,Electricity generation,Aggregate fuel,"Hydro, Bioenergy and Other Renewables",%,20.68,,
Malaysia,MYS,2021-11-01,Country or economy,Asia,Asia,0.0,0.0,0.0,0.0,1.0,Electricity generation,Aggregate fuel,Renewables,%,21.26,,
Malaysia,MYS,2021-11-01,Country or economy,Asia,Asia,0.0,0.0,0.0,0.0,1.0,Electricity generation,Aggregate fuel,Wind and Solar,%,0.58,,
Malaysia,MYS,2021-11-01,Country or economy,Asia,Asia,0.0,0.0,0.0,0.0,1.0,Electricity generation,Aggregate fuel,Clean,TWh,2.93,0.29,10.98
Malaysia,MYS,2021-11-01,Country or economy,Asia,Asia,0.0,0.0,0.0,0.0,1.0,Electricity generation,Aggregate fuel,Fossil,TWh,10.85,0.23,2.17
Malaysia,MYS,2021-11-01,Country or economy,Asia,Asia,0.0,0.0,0.0,0.0,1.0,Electricity generation,Aggregate fuel,Gas and Other Fossil,TWh,5.11,1.49,41.16
Malaysia,MYS,2021-11-01,Country or economy,Asia,Asia,0.0,0.0,0.0,0.0,1.0,Electricity generation,Aggregate fuel,"Hydro, Bioenergy and Other Renewables",TWh,2.85,0.28,10.89
Malaysia,MYS,2021-11-01,Country or economy,Asia,Asia,0.0,0.0,0.0,0.0,1.0,Electricity generation,Aggregate fuel,Renewables,TWh,2.93,0.29,10.98
Malaysia,MYS,2021-11-01,Country or economy,Asia,Asia,0.0,0.0,0.0,0.0,1.0,Electricity generation,Aggregate fuel,Wind and Solar,TWh,0.08,0.01,14.29
Malaysia,MYS,2021-11-01,Country or economy,Asia,Asia,0.0,0.0,0.0,0.0,1.0,Electricity generation,Fuel,Bioenergy,%,2.32,,
Malaysia,MYS,2021-11-01,Country or economy,Asia,Asia,0.0,0.0,0.0,0.0,1.0,Electricity generation,Fuel,Coal,%,41.65,,
Malaysia,MYS,2021-11-01,Country or economy,Asia,Asia,0.0,0.0,0.0,0.0,1.0,Electricity generation,Fuel,Gas,%,36.14,,
Malaysia,MYS,2021-11-01,Country or economy,Asia,Asia,0.0,0.0,0.0,0.0,1.0,Electricity generation,Fuel,Hydro,%,18.36,,
Malaysia,MYS,2021-11-01,Country or economy,Asia,Asia,0.0,0.0,0.0,0.0,1.0,Electricity generation,Fuel,Other Fossil,%,0.94,,
Malaysia,MYS,2021-11-01,Country or economy,Asia,Asia,0.0,0.0,0.0,0.0,1.0,Electricity generation,Fuel,Solar,%,0.58,,
Malaysia,MYS,2021-11-01,Country or economy,Asia,Asia,0.0,0.0,0.0,0.0,1.0,Electricity generation,Fuel,Bioenergy,TWh,0.32,0.04,14.29
Malaysia,MYS,2021-11-01,Country or economy,Asia,Asia,0.0,0.0,0.0,0.0,1.0,Electricity generation,Fuel,Coal,TWh,5.74,-1.26,-18.0
Malaysia,MYS,2021-11-01,Country or economy,Asia,Asia,0.0,0.0,0.0,0.0,1.0,Electricity generation,Fuel,Gas,TWh,4.98,1.4,39.11
Malaysia,MYS,2021-11-01,Country or economy,Asia,Asia,0.0,0.0,0.0,0.0,1.0,Electricity generation,Fuel,Hydro,TWh,2.53,0.24,10.48
Malaysia,MYS,2021-11-01,Country or economy,Asia,Asia,0.0,0.0,0.0,0.0,1.0,Electricity generation,Fuel,Other Fossil,TWh,0.13,0.09,225.0
Malaysia,MYS,2021-11-01,Country or economy,Asia,Asia,0.0,0.0,0.0,0.0,1.0,Electricity generation,Fuel,Solar,TWh,0.08,0.01,14.29
Malaysia,MYS,2021-11-01,Country or economy,Asia,Asia,0.0,0.0,0.0,0.0,1.0,Electricity generation,Total,Total Generation,TWh,13.78,0.52,3.92
Malaysia,MYS,2021-11-01,Country or economy,Asia,Asia,0.0,0.0,0.0,0.0,1.0,Electricity imports,Electricity imports,Net Imports,TWh,0.01,0.02,
Malaysia,MYS,2021-11-01,Country or economy,Asia,Asia,0.0,0.0,0.0,0.0,1.0,Power sector emissions,Aggregate fuel,Clean,mtCO2,0.13,0.02,18.18
Malaysia,MYS,2021-11-01,Country or economy,Asia,Asia,0.0,0.0,0.0,0.0,1.0,Power sector emissions,Aggregate fuel,Fossil,mtCO2,8.58,-0.12,-1.38
Malaysia,MYS,2021-11-01,Country or economy,Asia,Asia,0.0,0.0,0.0,0.0,1.0,Power sector emissions,Aggregate fuel,Gas and Other Fossil,mtCO2,3.44,1.0,40.98
Malaysia,MYS,2021-11-01,Country or economy,Asia,Asia,0.0,0.0,0.0,0.0,1.0,Power sector emissions,Aggregate fuel,"Hydro, Bioenergy and Other Renewables",mtCO2,0.13,0.02,18.18
Malaysia,MYS,2021-11-01,Country or economy,Asia,Asia,0.0,0.0,0.0,0.0,1.0,Power sector emissions,Aggregate fuel,Renewables,mtCO2,0.13,0.02,18.18
Malaysia,MYS,2021-11-01,Country or economy,Asia,Asia,0.0,0.0,0.0,0.0,1.0,Power sector emissions,Aggregate fuel,Wind and Solar,mtCO2,0.0,0.0,
Malaysia,MYS,2021-11-01,Country or economy,Asia,Asia,0.0,0.0,0.0,0.0,1.0,Power sector emissions,CO2 intensity,CO2 intensity,gCO2/kWh,632.08,-32.32,-4.86
Malaysia,MYS,2021-11-01,Country or economy,Asia,Asia,0.0,0.0,0.0,0.0,1.0,Power sector emissions,Fuel,Bioenergy,mtCO2,0.07,0.01,16.67
Malaysia,MYS,2021-11-01,Country or economy,Asia,Asia,0.0,0.0,0.0,0.0,1.0,Power sector emissions,Fuel,Coal,mtCO2,5.14,-1.12,-17.89
Malaysia,MYS,2021-11-01,Country or economy,Asia,Asia,0.0,0.0,0.0,0.0,1.0,Power sector emissions,Fuel,Gas,mtCO2,3.35,0.94,39.0
Malaysia,MYS,2021-11-01,Country or economy,Asia,Asia,0.0,0.0,0.0,0.0,1.0,Power sector emissions,Fuel,Hydro,mtCO2,0.06,0.01,20.0
Malaysia,MYS,2021-11-01,Country or economy,Asia,Asia,0.0,0.0,0.0,0.0,1.0,Power sector emissions,Fuel,Other Fossil,mtCO2,0.09,0.06,200.0
Malaysia,MYS,2021-11-01,Country or economy,Asia,Asia,0.0,0.0,0.0,0.0,1.0,Power sector emissions,Fuel,Solar,mtCO2,0.0,0.0,
Malaysia,MYS,2021-11-01,Country or economy,Asia,Asia,0.0,0.0,0.0,0.0,1.0,Power sector emissions,Total,Total emissions,mtCO2,8.71,-0.1,-1.14
Malaysia,MYS,2021-12-01,Country or economy,Asia,Asia,0.0,0.0,0.0,0.0,1.0,Electricity demand,Demand,Demand,TWh,14.27,0.62,4.54
Malaysia,MYS,2021-12-01,Country or economy,Asia,Asia,0.0,0.0,0.0,0.0,1.0,Electricity generation,Aggregate fuel,Clean,%,21.15,,
Malaysia,MYS,2021-12-01,Country or economy,Asia,Asia,0.0,0.0,0.0,0.0,1.0,Electricity generation,Aggregate fuel,Fossil,%,78.85,,
Malaysia,MYS,2021-12-01,Country or economy,Asia,Asia,0.0,0.0,0.0,0.0,1.0,Electricity generation,Aggregate fuel,Gas and Other Fossil,%,36.06,,
Malaysia,MYS,2021-12-01,Country or economy,Asia,Asia,0.0,0.0,0.0,0.0,1.0,Electricity generation,Aggregate fuel,"Hydro, Bioenergy and Other Renewables",%,20.59,,
Malaysia,MYS,2021-12-01,Country or economy,Asia,Asia,0.0,0.0,0.0,0.0,1.0,Electricity generation,Aggregate fuel,Renewables,%,21.15,,
Malaysia,MYS,2021-12-01,Country or economy,Asia,Asia,0.0,0.0,0.0,0.0,1.0,Electricity generation,Aggregate fuel,Wind and Solar,%,0.56,,
Malaysia,MYS,2021-12-01,Country or economy,Asia,Asia,0.0,0.0,0.0,0.0,1.0,Electricity generation,Aggregate fuel,Clean,TWh,3.02,0.21,7.47
Malaysia,MYS,2021-12-01,Country or economy,Asia,Asia,0.0,0.0,0.0,0.0,1.0,Electricity generation,Aggregate fuel,Fossil,TWh,11.26,0.41,3.78
Malaysia,MYS,2021-12-01,Country or economy,Asia,Asia,0.0,0.0,0.0,0.0,1.0,Electricity generation,Aggregate fuel,Gas and Other Fossil,TWh,5.15,0.49,10.52
Malaysia,MYS,2021-12-01,Country or economy,Asia,Asia,0.0,0.0,0.0,0.0,1.0,Electricity generation,Aggregate fuel,"Hydro, Bioenergy and Other Renewables",TWh,2.94,0.21,7.69
Malaysia,MYS,2021-12-01,Country or economy,Asia,Asia,0.0,0.0,0.0,0.0,1.0,Electricity generation,Aggregate fuel,Renewables,TWh,3.02,0.21,7.47
Malaysia,MYS,2021-12-01,Country or economy,Asia,Asia,0.0,0.0,0.0,0.0,1.0,Electricity generation,Aggregate fuel,Wind and Solar,TWh,0.08,0.0,0.0
Malaysia,MYS,2021-12-01,Country or economy,Asia,Asia,0.0,0.0,0.0,0.0,1.0,Electricity generation,Fuel,Bioenergy,%,2.45,,
Malaysia,MYS,2021-12-01,Country or economy,Asia,Asia,0.0,0.0,0.0,0.0,1.0,Electricity generation,Fuel,Coal,%,42.79,,
Malaysia,MYS,2021-12-01,Country or economy,Asia,Asia,0.0,0.0,0.0,0.0,1.0,Electricity generation,Fuel,Gas,%,35.64,,
Malaysia,MYS,2021-12-01,Country or economy,Asia,Asia,0.0,0.0,0.0,0.0,1.0,Electricity generation,Fuel,Hydro,%,18.14,,
Malaysia,MYS,2021-12-01,Country or economy,Asia,Asia,0.0,0.0,0.0,0.0,1.0,Electricity generation,Fuel,Other Fossil,%,0.42,,
Malaysia,MYS,2021-12-01,Country or economy,Asia,Asia,0.0,0.0,0.0,0.0,1.0,Electricity generation,Fuel,Solar,%,0.56,,
Malaysia,MYS,2021-12-01,Country or economy,Asia,Asia,0.0,0.0,0.0,0.0,1.0,Electricity generation,Fuel,Bioenergy,TWh,0.35,0.07,25.0
Malaysia,MYS,2021-12-01,Country or economy,Asia,Asia,0.0,0.0,0.0,0.0,1.0,Electricity generation,Fuel,Coal,TWh,6.11,-0.08,-1.29
Malaysia,MYS,2021-12-01,Country or economy,Asia,Asia,0.0,0.0,0.0,0.0,1.0,Electricity generation,Fuel,Gas,TWh,5.09,0.49,10.65
Malaysia,MYS,2021-12-01,Country or economy,Asia,Asia,0.0,0.0,0.0,0.0,1.0,Electricity generation,Fuel,Hydro,TWh,2.59,0.14,5.71
Malaysia,MYS,2021-12-01,Country or economy,Asia,Asia,0.0,0.0,0.0,0.0,1.0,Electricity generation,Fuel,Other Fossil,TWh,0.06,0.0,0.0
Malaysia,MYS,2021-12-01,Country or economy,Asia,Asia,0.0,0.0,0.0,0.0,1.0,Electricity generation,Fuel,Solar,TWh,0.08,0.0,0.0
Malaysia,MYS,2021-12-01,Country or economy,Asia,Asia,0.0,0.0,0.0,0.0,1.0,Electricity generation,Total,Total Generation,TWh,14.28,0.62,4.54
Malaysia,MYS,2021-12-01,Country or economy,Asia,Asia,0.0,0.0,0.0,0.0,1.0,Electricity imports,Electricity imports,Net Imports,TWh,-0.01,0.0,
Malaysia,MYS,2021-12-01,Country or economy,Asia,Asia,0.0,0.0,0.0,0.0,1.0,Power sector emissions,Aggregate fuel,Clean,mtCO2,0.14,0.02,16.67
Malaysia,MYS,2021-12-01,Country or economy,Asia,Asia,0.0,0.0,0.0,0.0,1.0,Power sector emissions,Aggregate fuel,Fossil,mtCO2,8.93,0.26,3.0
Malaysia,MYS,2021-12-01,Country or economy,Asia,Asia,0.0,0.0,0.0,0.0,1.0,Power sector emissions,Aggregate fuel,Gas and Other Fossil,mtCO2,3.46,0.33,10.54
Malaysia,MYS,2021-12-01,Country or economy,Asia,Asia,0.0,0.0,0.0,0.0,1.0,Power sector emissions,Aggregate fuel,"Hydro, Bioenergy and Other Renewables",mtCO2,0.14,0.02,16.67
Malaysia,MYS,2021-12-01,Country or economy,Asia,Asia,0.0,0.0,0.0,0.0,1.0,Power sector emissions,Aggregate fuel,Renewables,mtCO2,0.14,0.02,16.67
Malaysia,MYS,2021-12-01,Country or economy,Asia,Asia,0.0,0.0,0.0,0.0,1.0,Power sector emissions,Aggregate fuel,Wind and Solar,mtCO2,0.0,0.0,
Malaysia,MYS,2021-12-01,Country or economy,Asia,Asia,0.0,0.0,0.0,0.0,1.0,Power sector emissions,CO2 intensity,CO2 intensity,gCO2/kWh,635.15,-8.34,-1.3
Malaysia,MYS,2021-12-01,Country or economy,Asia,Asia,0.0,0.0,0.0,0.0,1.0,Power sector emissions,Fuel,Bioenergy,mtCO2,0.08,0.02,33.33
Malaysia,MYS,2021-12-01,Country or economy,Asia,Asia,0.0,0.0,0.0,0.0,1.0,Power sector emissions,Fuel,Coal,mtCO2,5.47,-0.07,-1.26
Malaysia,MYS,2021-12-01,Country or economy,Asia,Asia,0.0,0.0,0.0,0.0,1.0,Power sector emissions,Fuel,Gas,mtCO2,3.42,0.33,10.68
Malaysia,MYS,2021-12-01,Country or economy,Asia,Asia,0.0,0.0,0.0,0.0,1.0,Power sector emissions,Fuel,Hydro,mtCO2,0.06,0.0,0.0
Malaysia,MYS,2021-12-01,Country or economy,Asia,Asia,0.0,0.0,0.0,0.0,1.0,Power sector emissions,Fuel,Other Fossil,mtCO2,0.04,0.0,0.0
Malaysia,MYS,2021-12-01,Country or economy,Asia,Asia,0.0,0.0,0.0,0.0,1.0,Power sector emissions,Fuel,Solar,mtCO2,0.0,0.0,
Malaysia,MYS,2021-12-01,Country or economy,Asia,Asia,0.0,0.0,0.0,0.0,1.0,Power sector emissions,Total,Total emissions,mtCO2,9.07,0.28,3.19
Malaysia,MYS,2022-01-01,Country or economy,Asia,Asia,0.0,0.0,0.0,0.0,1.0,Electricity demand,Demand,Demand,TWh,14.28,0.92,6.89
Malaysia,MYS,2022-01-01,Country or economy,Asia,Asia,0.0,0.0,0.0,0.0,1.0,Electricity generation,Aggregate fuel,Clean,%,22.0,,
Malaysia,MYS,2022-01-01,Country or economy,Asia,Asia,0.0,0.0,0.0,0.0,1.0,Electricity generation,Aggregate fuel,Fossil,%,77.99,,
Malaysia,MYS,2022-01-01,Country or economy,Asia,Asia,0.0,0.0,0.0,0.0,1.0,Electricity generation,Aggregate fuel,Gas and Other Fossil,%,39.17,,
Malaysia,MYS,2022-01-01,Country or economy,Asia,Asia,0.0,0.0,0.0,0.0,1.0,Electricity generation,Aggregate fuel,"Hydro, Bioenergy and Other Renewables",%,21.3,,
Malaysia,MYS,2022-01-01,Country or economy,Asia,Asia,0.0,0.0,0.0,0.0,1.0,Electricity generation,Aggregate fuel,Renewables,%,22.0,,
Malaysia,MYS,2022-01-01,Country or economy,Asia,Asia,0.0,0.0,0.0,0.0,1.0,Electricity generation,Aggregate fuel,Wind and Solar,%,0.7,,
Malaysia,MYS,2022-01-01,Country or economy,Asia,Asia,0.0,0.0,0.0,0.0,1.0,Electricity generation,Aggregate fuel,Clean,TWh,3.14,-0.1,-3.09
Malaysia,MYS,2022-01-01,Country or economy,Asia,Asia,0.0,0.0,0.0,0.0,1.0,Electricity generation,Aggregate fuel,Fossil,TWh,11.13,1.01,9.98
Malaysia,MYS,2022-01-01,Country or economy,Asia,Asia,0.0,0.0,0.0,0.0,1.0,Electricity generation,Aggregate fuel,Gas and Other Fossil,TWh,5.59,1.75,45.57
Malaysia,MYS,2022-01-01,Country or economy,Asia,Asia,0.0,0.0,0.0,0.0,1.0,Electricity generation,Aggregate fuel,"Hydro, Bioenergy and Other Renewables",TWh,3.04,-0.12,-3.8
Malaysia,MYS,2022-01-01,Country or economy,Asia,Asia,0.0,0.0,0.0,0.0,1.0,Electricity generation,Aggregate fuel,Renewables,TWh,3.14,-0.1,-3.09
Malaysia,MYS,2022-01-01,Country or economy,Asia,Asia,0.0,0.0,0.0,0.0,1.0,Electricity generation,Aggregate fuel,Wind and Solar,TWh,0.1,0.02,25.0
Malaysia,MYS,2022-01-01,Country or economy,Asia,Asia,0.0,0.0,0.0,0.0,1.0,Electricity generation,Fuel,Bioenergy,%,2.66,,
Malaysia,MYS,2022-01-01,Country or economy,Asia,Asia,0.0,0.0,0.0,0.0,1.0,Electricity generation,Fuel,Coal,%,38.82,,
Malaysia,MYS,2022-01-01,Country or economy,Asia,Asia,0.0,0.0,0.0,0.0,1.0,Electricity generation,Fuel,Gas,%,37.28,,
Malaysia,MYS,2022-01-01,Country or economy,Asia,Asia,0.0,0.0,0.0,0.0,1.0,Electricity generation,Fuel,Hydro,%,18.64,,
Malaysia,MYS,2022-01-01,Country or economy,Asia,Asia,0.0,0.0,0.0,0.0,1.0,Electricity generation,Fuel,Other Fossil,%,1.89,,
Malaysia,MYS,2022-01-01,Country or economy,Asia,Asia,0.0,0.0,0.0,0.0,1.0,Electricity generation,Fuel,Solar,%,0.7,,
Malaysia,MYS,2022-01-01,Country or economy,Asia,Asia,0.0,0.0,0.0,0.0,1.0,Electricity generation,Fuel,Bioenergy,TWh,0.38,0.06,18.75
Malaysia,MYS,2022-01-01,Country or economy,Asia,Asia,0.0,0.0,0.0,0.0,1.0,Electricity generation,Fuel,Coal,TWh,5.54,-0.74,-11.78
Malaysia,MYS,2022-01-01,Country or economy,Asia,Asia,0.0,0.0,0.0,0.0,1.0,Electricity generation,Fuel,Gas,TWh,5.32,1.54,40.74
Malaysia,MYS,2022-01-01,Country or economy,Asia,Asia,0.0,0.0,0.0,0.0,1.0,Electricity generation,Fuel,Hydro,TWh,2.66,-0.18,-6.34
Malaysia,MYS,2022-01-01,Country or economy,Asia,Asia,0.0,0.0,0.0,0.0,1.0,Electricity generation,Fuel,Other Fossil,TWh,0.27,0.21,350.0
Malaysia,MYS,2022-01-01,Country or economy,Asia,Asia,0.0,0.0,0.0,0.0,1.0,Electricity generation,Fuel,Solar,TWh,0.1,0.02,25.0
Malaysia,MYS,2022-01-01,Country or economy,Asia,Asia,0.0,0.0,0.0,0.0,1.0,Electricity generation,Total,Total Generation,TWh,14.27,0.91,6.81
Malaysia,MYS,2022-01-01,Country or economy,Asia,Asia,0.0,0.0,0.0,0.0,1.0,Electricity imports,Electricity imports,Net Imports,TWh,0.01,0.01,
Malaysia,MYS,2022-01-01,Country or economy,Asia,Asia,0.0,0.0,0.0,0.0,1.0,Power sector emissions,Aggregate fuel,Clean,mtCO2,0.15,0.01,7.14
Malaysia,MYS,2022-01-01,Country or economy,Asia,Asia,0.0,0.0,0.0,0.0,1.0,Power sector emissions,Aggregate fuel,Fossil,mtCO2,8.73,0.53,6.46
Malaysia,MYS,2022-01-01,Country or economy,Asia,Asia,0.0,0.0,0.0,0.0,1.0,Power sector emissions,Aggregate fuel,Gas and Other Fossil,mtCO2,3.77,1.19,46.12
Malaysia,MYS,2022-01-01,Country or economy,Asia,Asia,0.0,0.0,0.0,0.0,1.0,Power sector emissions,Aggregate fuel,"Hydro, Bioenergy and Other Renewables",mtCO2,0.15,0.01,7.14
Malaysia,MYS,2022-01-01,Country or economy,Asia,Asia,0.0,0.0,0.0,0.0,1.0,Power sector emissions,Aggregate fuel,Renewables,mtCO2,0.15,0.01,7.14
Malaysia,MYS,2022-01-01,Country or economy,Asia,Asia,0.0,0.0,0.0,0.0,1.0,Power sector emissions,Aggregate fuel,Wind and Solar,mtCO2,0.0,0.0,
Malaysia,MYS,2022-01-01,Country or economy,Asia,Asia,0.0,0.0,0.0,0.0,1.0,Power sector emissions,CO2 intensity,CO2 intensity,gCO2/kWh,622.29,-1.96,-0.31
Malaysia,MYS,2022-01-01,Country or economy,Asia,Asia,0.0,0.0,0.0,0.0,1.0,Power sector emissions,Fuel,Bioenergy,mtCO2,0.09,0.02,28.57
Malaysia,MYS,2022-01-01,Country or economy,Asia,Asia,0.0,0.0,0.0,0.0,1.0,Power sector emissions,Fuel,Coal,mtCO2,4.96,-0.66,-11.74
Malaysia,MYS,2022-01-01,Country or economy,Asia,Asia,0.0,0.0,0.0,0.0,1.0,Power sector emissions,Fuel,Gas,mtCO2,3.58,1.04,40.94
Malaysia,MYS,2022-01-01,Country or economy,Asia,Asia,0.0,0.0,0.0,0.0,1.0,Power sector emissions,Fuel,Hydro,mtCO2,0.06,-0.01,-14.29
Malaysia,MYS,2022-01-01,Country or economy,Asia,Asia,0.0,0.0,0.0,0.0,1.0,Power sector emissions,Fuel,Other Fossil,mtCO2,0.19,0.15,375.0
Malaysia,MYS,2022-01-01,Country or economy,Asia,Asia,0.0,0.0,0.0,0.0,1.0,Power sector emissions,Fuel,Solar,mtCO2,0.0,0.0,
Malaysia,MYS,2022-01-01,Country or economy,Asia,Asia,0.0,0.0,0.0,0.0,1.0,Power sector emissions,Total,Total emissions,mtCO2,8.88,0.54,6.47
Malaysia,MYS,2022-02-01,Country or economy,Asia,Asia,0.0,0.0,0.0,0.0,1.0,Electricity demand,Demand,Demand,TWh,13.11,0.51,4.05
Malaysia,MYS,2022-02-01,Country or economy,Asia,Asia,0.0,0.0,0.0,0.0,1.0,Electricity generation,Aggregate fuel,Clean,%,22.42,,
Malaysia,MYS,2022-02-01,Country or economy,Asia,Asia,0.0,0.0,0.0,0.0,1.0,Electricity generation,Aggregate fuel,Fossil,%,77.57,,
Malaysia,MYS,2022-02-01,Country or economy,Asia,Asia,0.0,0.0,0.0,0.0,1.0,Electricity generation,Aggregate fuel,Gas and Other Fossil,%,38.36,,
Malaysia,MYS,2022-02-01,Country or economy,Asia,Asia,0.0,0.0,0.0,0.0,1.0,Electricity generation,Aggregate fuel,"Hydro, Bioenergy and Other Renewables",%,21.66,,
Malaysia,MYS,2022-02-01,Country or economy,Asia,Asia,0.0,0.0,0.0,0.0,1.0,Electricity generation,Aggregate fuel,Renewables,%,22.42,,
Malaysia,MYS,2022-02-01,Country or economy,Asia,Asia,0.0,0.0,0.0,0.0,1.0,Electricity generation,Aggregate fuel,Wind and Solar,%,0.76,,
Malaysia,MYS,2022-02-01,Country or economy,Asia,Asia,0.0,0.0,0.0,0.0,1.0,Electricity generation,Aggregate fuel,Clean,TWh,2.94,0.18,6.52
Malaysia,MYS,2022-02-01,Country or economy,Asia,Asia,0.0,0.0,0.0,0.0,1.0,Electricity generation,Aggregate fuel,Fossil,TWh,10.17,0.33,3.35
Malaysia,MYS,2022-02-01,Country or economy,Asia,Asia,0.0,0.0,0.0,0.0,1.0,Electricity generation,Aggregate fuel,Gas and Other Fossil,TWh,5.03,0.88,21.2
Malaysia,MYS,2022-02-01,Country or economy,Asia,Asia,0.0,0.0,0.0,0.0,1.0,Electricity generation,Aggregate fuel,"Hydro, Bioenergy and Other Renewables",TWh,2.84,0.18,6.77
Malaysia,MYS,2022-02-01,Country or economy,Asia,Asia,0.0,0.0,0.0,0.0,1.0,Electricity generation,Aggregate fuel,Renewables,TWh,2.94,0.18,6.52
Malaysia,MYS,2022-02-01,Country or economy,Asia,Asia,0.0,0.0,0.0,0.0,1.0,Electricity generation,Aggregate fuel,Wind and Solar,TWh,0.1,0.0,0.0
Malaysia,MYS,2022-02-01,Country or economy,Asia,Asia,0.0,0.0,0.0,0.0,1.0,Electricity generation,Fuel,Bioenergy,%,2.9,,
Malaysia,MYS,2022-02-01,Country or economy,Asia,Asia,0.0,0.0,0.0,0.0,1.0,Electricity generation,Fuel,Coal,%,39.21,,
Malaysia,MYS,2022-02-01,Country or economy,Asia,Asia,0.0,0.0,0.0,0.0,1.0,Electricity generation,Fuel,Gas,%,37.6,,
Malaysia,MYS,2022-02-01,Country or economy,Asia,Asia,0.0,0.0,0.0,0.0,1.0,Electricity generation,Fuel,Hydro,%,18.76,,
Malaysia,MYS,2022-02-01,Country or economy,Asia,Asia,0.0,0.0,0.0,0.0,1.0,Electricity generation,Fuel,Other Fossil,%,0.76,,
Malaysia,MYS,2022-02-01,Country or economy,Asia,Asia,0.0,0.0,0.0,0.0,1.0,Electricity generation,Fuel,Solar,%,0.76,,
Malaysia,MYS,2022-02-01,Country or economy,Asia,Asia,0.0,0.0,0.0,0.0,1.0,Electricity generation,Fuel,Bioenergy,TWh,0.38,0.09,31.03
Malaysia,MYS,2022-02-01,Country or economy,Asia,Asia,0.0,0.0,0.0,0.0,1.0,Electricity generation,Fuel,Coal,TWh,5.14,-0.55,-9.67
Malaysia,MYS,2022-02-01,Country or economy,Asia,Asia,0.0,0.0,0.0,0.0,1.0,Electricity generation,Fuel,Gas,TWh,4.93,0.86,21.13
Malaysia,MYS,2022-02-01,Country or economy,Asia,Asia,0.0,0.0,0.0,0.0,1.0,Electricity generation,Fuel,Hydro,TWh,2.46,0.09,3.8
Malaysia,MYS,2022-02-01,Country or economy,Asia,Asia,0.0,0.0,0.0,0.0,1.0,Electricity generation,Fuel,Other Fossil,TWh,0.1,0.02,25.0
Malaysia,MYS,2022-02-01,Country or economy,Asia,Asia,0.0,0.0,0.0,0.0,1.0,Electricity generation,Fuel,Solar,TWh,0.1,0.0,0.0
Malaysia,MYS,2022-02-01,Country or economy,Asia,Asia,0.0,0.0,0.0,0.0,1.0,Electricity generation,Total,Total Generation,TWh,13.11,0.51,4.05
Malaysia,MYS,2022-02-01,Country or economy,Asia,Asia,0.0,0.0,0.0,0.0,1.0,Electricity imports,Electricity imports,Net Imports,TWh,0.0,0.0,
Malaysia,MYS,2022-02-01,Country or economy,Asia,Asia,0.0,0.0,0.0,0.0,1.0,Power sector emissions,Aggregate fuel,Clean,mtCO2,0.15,0.02,15.38
Malaysia,MYS,2022-02-01,Country or economy,Asia,Asia,0.0,0.0,0.0,0.0,1.0,Power sector emissions,Aggregate fuel,Fossil,mtCO2,7.98,0.09,1.14
Malaysia,MYS,2022-02-01,Country or economy,Asia,Asia,0.0,0.0,0.0,0.0,1.0,Power sector emissions,Aggregate fuel,Gas and Other Fossil,mtCO2,3.38,0.58,20.71
Malaysia,MYS,2022-02-01,Country or economy,Asia,Asia,0.0,0.0,0.0,0.0,1.0,Power sector emissions,Aggregate fuel,"Hydro, Bioenergy and Other Renewables",mtCO2,0.15,0.02,15.38
Malaysia,MYS,2022-02-01,Country or economy,Asia,Asia,0.0,0.0,0.0,0.0,1.0,Power sector emissions,Aggregate fuel,Renewables,mtCO2,0.15,0.02,15.38
Malaysia,MYS,2022-02-01,Country or economy,Asia,Asia,0.0,0.0,0.0,0.0,1.0,Power sector emissions,Aggregate fuel,Wind and Solar,mtCO2,0.0,0.0,
Malaysia,MYS,2022-02-01,Country or economy,Asia,Asia,0.0,0.0,0.0,0.0,1.0,Power sector emissions,CO2 intensity,CO2 intensity,gCO2/kWh,620.14,-16.37,-2.57
Malaysia,MYS,2022-02-01,Country or economy,Asia,Asia,0.0,0.0,0.0,0.0,1.0,Power sector emissions,Fuel,Bioenergy,mtCO2,0.09,0.02,28.57
Malaysia,MYS,2022-02-01,Country or economy,Asia,Asia,0.0,0.0,0.0,0.0,1.0,Power sector emissions,Fuel,Coal,mtCO2,4.6,-0.49,-9.63
Malaysia,MYS,2022-02-01,Country or economy,Asia,Asia,0.0,0.0,0.0,0.0,1.0,Power sector emissions,Fuel,Gas,mtCO2,3.31,0.57,20.8
Malaysia,MYS,2022-02-01,Country or economy,Asia,Asia,0.0,0.0,0.0,0.0,1.0,Power sector emissions,Fuel,Hydro,mtCO2,0.06,0.0,0.0
Malaysia,MYS,2022-02-01,Country or economy,Asia,Asia,0.0,0.0,0.0,0.0,1.0,Power sector emissions,Fuel,Other Fossil,mtCO2,0.07,0.01,16.67
Malaysia,MYS,2022-02-01,Country or economy,Asia,Asia,0.0,0.0,0.0,0.0,1.0,Power sector emissions,Fuel,Solar,mtCO2,0.0,0.0,
Malaysia,MYS,2022-02-01,Country or economy,Asia,Asia,0.0,0.0,0.0,0.0,1.0,Power sector emissions,Total,Total emissions,mtCO2,8.13,0.11,1.37
Malaysia,MYS,2022-03-01,Country or economy,Asia,Asia,0.0,0.0,0.0,0.0,1.0,Electricity demand,Demand,Demand,TWh,14.77,0.15,1.03
Malaysia,MYS,2022-03-01,Country or economy,Asia,Asia,0.0,0.0,0.0,0.0,1.0,Electricity generation,Aggregate fuel,Clean,%,20.16,,
Malaysia,MYS,2022-03-01,Country or economy,Asia,Asia,0.0,0.0,0.0,0.0,1.0,Electricity generation,Aggregate fuel,Fossil,%,79.84,,
Malaysia,MYS,2022-03-01,Country or economy,Asia,Asia,0.0,0.0,0.0,0.0,1.0,Electricity generation,Aggregate fuel,Gas and Other Fossil,%,36.34,,
Malaysia,MYS,2022-03-01,Country or economy,Asia,Asia,0.0,0.0,0.0,0.0,1.0,Electricity generation,Aggregate fuel,"Hydro, Bioenergy and Other Renewables",%,19.28,,
Malaysia,MYS,2022-03-01,Country or economy,Asia,Asia,0.0,0.0,0.0,0.0,1.0,Electricity generation,Aggregate fuel,Renewables,%,20.16,,
Malaysia,MYS,2022-03-01,Country or economy,Asia,Asia,0.0,0.0,0.0,0.0,1.0,Electricity generation,Aggregate fuel,Wind and Solar,%,0.88,,
Malaysia,MYS,2022-03-01,Country or economy,Asia,Asia,0.0,0.0,0.0,0.0,1.0,Electricity generation,Aggregate fuel,Clean,TWh,2.98,0.02,0.68
Malaysia,MYS,2022-03-01,Country or economy,Asia,Asia,0.0,0.0,0.0,0.0,1.0,Electricity generation,Aggregate fuel,Fossil,TWh,11.8,0.14,1.2
Malaysia,MYS,2022-03-01,Country or economy,Asia,Asia,0.0,0.0,0.0,0.0,1.0,Electricity generation,Aggregate fuel,Gas and Other Fossil,TWh,5.37,0.88,19.6
Malaysia,MYS,2022-03-01,Country or economy,Asia,Asia,0.0,0.0,0.0,0.0,1.0,Electricity generation,Aggregate fuel,"Hydro, Bioenergy and Other Renewables",TWh,2.85,-0.01,-0.35
Malaysia,MYS,2022-03-01,Country or economy,Asia,Asia,0.0,0.0,0.0,0.0,1.0,Electricity generation,Aggregate fuel,Renewables,TWh,2.98,0.02,0.68
Malaysia,MYS,2022-03-01,Country or economy,Asia,Asia,0.0,0.0,0.0,0.0,1.0,Electricity generation,Aggregate fuel,Wind and Solar,TWh,0.13,0.03,30.0
Malaysia,MYS,2022-03-01,Country or economy,Asia,Asia,0.0,0.0,0.0,0.0,1.0,Electricity generation,Fuel,Bioenergy,%,2.57,,
Malaysia,MYS,2022-03-01,Country or economy,Asia,Asia,0.0,0.0,0.0,0.0,1.0,Electricity generation,Fuel,Coal,%,43.5,,
Malaysia,MYS,2022-03-01,Country or economy,Asia,Asia,0.0,0.0,0.0,0.0,1.0,Electricity generation,Fuel,Gas,%,34.24,,
Malaysia,MYS,2022-03-01,Country or economy,Asia,Asia,0.0,0.0,0.0,0.0,1.0,Electricity generation,Fuel,Hydro,%,16.71,,
Malaysia,MYS,2022-03-01,Country or economy,Asia,Asia,0.0,0.0,0.0,0.0,1.0,Electricity generation,Fuel,Other Fossil,%,2.1,,
Malaysia,MYS,2022-03-01,Country or economy,Asia,Asia,0.0,0.0,0.0,0.0,1.0,Electricity generation,Fuel,Solar,%,0.88,,
Malaysia,MYS,2022-03-01,Country or economy,Asia,Asia,0.0,0.0,0.0,0.0,1.0,Electricity generation,Fuel,Bioenergy,TWh,0.38,0.04,11.76
Malaysia,MYS,2022-03-01,Country or economy,Asia,Asia,0.0,0.0,0.0,0.0,1.0,Electricity generation,Fuel,Coal,TWh,6.43,-0.74,-10.32
Malaysia,MYS,2022-03-01,Country or economy,Asia,Asia,0.0,0.0,0.0,0.0,1.0,Electricity generation,Fuel,Gas,TWh,5.06,0.62,13.96
Malaysia,MYS,2022-03-01,Country or economy,Asia,Asia,0.0,0.0,0.0,0.0,1.0,Electricity generation,Fuel,Hydro,TWh,2.47,-0.05,-1.98
Malaysia,MYS,2022-03-01,Country or economy,Asia,Asia,0.0,0.0,0.0,0.0,1.0,Electricity generation,Fuel,Other Fossil,TWh,0.31,0.26,520.0
Malaysia,MYS,2022-03-01,Country or economy,Asia,Asia,0.0,0.0,0.0,0.0,1.0,Electricity generation,Fuel,Solar,TWh,0.13,0.03,30.0
Malaysia,MYS,2022-03-01,Country or economy,Asia,Asia,0.0,0.0,0.0,0.0,1.0,Electricity generation,Total,Total Generation,TWh,14.78,0.16,1.09
Malaysia,MYS,2022-03-01,Country or economy,Asia,Asia,0.0,0.0,0.0,0.0,1.0,Electricity imports,Electricity imports,Net Imports,TWh,-0.01,-0.01,
Malaysia,MYS,2022-03-01,Country or economy,Asia,Asia,0.0,0.0,0.0,0.0,1.0,Power sector emissions,Aggregate fuel,Clean,mtCO2,0.16,0.02,14.29
Malaysia,MYS,2022-03-01,Country or economy,Asia,Asia,0.0,0.0,0.0,0.0,1.0,Power sector emissions,Aggregate fuel,Fossil,mtCO2,9.37,-0.07,-0.74
Malaysia,MYS,2022-03-01,Country or economy,Asia,Asia,0.0,0.0,0.0,0.0,1.0,Power sector emissions,Aggregate fuel,Gas and Other Fossil,mtCO2,3.62,0.6,19.87
Malaysia,MYS,2022-03-01,Country or economy,Asia,Asia,0.0,0.0,0.0,0.0,1.0,Power sector emissions,Aggregate fuel,"Hydro, Bioenergy and Other Renewables",mtCO2,0.15,0.01,7.14
Malaysia,MYS,2022-03-01,Country or economy,Asia,Asia,0.0,0.0,0.0,0.0,1.0,Power sector emissions,Aggregate fuel,Renewables,mtCO2,0.16,0.02,14.29
Malaysia,MYS,2022-03-01,Country or economy,Asia,Asia,0.0,0.0,0.0,0.0,1.0,Power sector emissions,Aggregate fuel,Wind and Solar,mtCO2,0.01,0.01,
Malaysia,MYS,2022-03-01,Country or economy,Asia,Asia,0.0,0.0,0.0,0.0,1.0,Power sector emissions,CO2 intensity,CO2 intensity,gCO2/kWh,644.79,-10.48,-1.6
Malaysia,MYS,2022-03-01,Country or economy,Asia,Asia,0.0,0.0,0.0,0.0,1.0,Power sector emissions,Fuel,Bioenergy,mtCO2,0.09,0.01,12.5
Malaysia,MYS,2022-03-01,Country or economy,Asia,Asia,0.0,0.0,0.0,0.0,1.0,Power sector emissions,Fuel,Coal,mtCO2,5.75,-0.67,-10.44
Malaysia,MYS,2022-03-01,Country or economy,Asia,Asia,0.0,0.0,0.0,0.0,1.0,Power sector emissions,Fuel,Gas,mtCO2,3.4,0.42,14.09
Malaysia,MYS,2022-03-01,Country or economy,Asia,Asia,0.0,0.0,0.0,0.0,1.0,Power sector emissions,Fuel,Hydro,mtCO2,0.06,0.0,0.0
Malaysia,MYS,2022-03-01,Country or economy,Asia,Asia,0.0,0.0,0.0,0.0,1.0,Power sector emissions,Fuel,Other Fossil,mtCO2,0.22,0.18,450.0
Malaysia,MYS,2022-03-01,Country or economy,Asia,Asia,0.0,0.0,0.0,0.0,1.0,Power sector emissions,Fuel,Solar,mtCO2,0.01,0.01,
Malaysia,MYS,2022-03-01,Country or economy,Asia,Asia,0.0,0.0,0.0,0.0,1.0,Power sector emissions,Total,Total emissions,mtCO2,9.53,-0.05,-0.52
Malaysia,MYS,2022-04-01,Country or economy,Asia,Asia,0.0,0.0,0.0,0.0,1.0,Electricity demand,Demand,Demand,TWh,14.47,0.25,1.76
Malaysia,MYS,2022-04-01,Country or economy,Asia,Asia,0.0,0.0,0.0,0.0,1.0,Electricity generation,Aggregate fuel,Clean,%,20.18,,
Malaysia,MYS,2022-04-01,Country or economy,Asia,Asia,0.0,0.0,0.0,0.0,1.0,Electricity generation,Aggregate fuel,Fossil,%,79.82,,
Malaysia,MYS,2022-04-01,Country or economy,Asia,Asia,0.0,0.0,0.0,0.0,1.0,Electricity generation,Aggregate fuel,Gas and Other Fossil,%,34.97,,
Malaysia,MYS,2022-04-01,Country or economy,Asia,Asia,0.0,0.0,0.0,0.0,1.0,Electricity generation,Aggregate fuel,"Hydro, Bioenergy and Other Renewables",%,19.35,,
Malaysia,MYS,2022-04-01,Country or economy,Asia,Asia,0.0,0.0,0.0,0.0,1.0,Electricity generation,Aggregate fuel,Renewables,%,20.18,,
Malaysia,MYS,2022-04-01,Country or economy,Asia,Asia,0.0,0.0,0.0,0.0,1.0,Electricity generation,Aggregate fuel,Wind and Solar,%,0.83,,
Malaysia,MYS,2022-04-01,Country or economy,Asia,Asia,0.0,0.0,0.0,0.0,1.0,Electricity generation,Aggregate fuel,Clean,TWh,2.92,-0.05,-1.68
Malaysia,MYS,2022-04-01,Country or economy,Asia,Asia,0.0,0.0,0.0,0.0,1.0,Electricity generation,Aggregate fuel,Fossil,TWh,11.55,0.34,3.03
Malaysia,MYS,2022-04-01,Country or economy,Asia,Asia,0.0,0.0,0.0,0.0,1.0,Electricity generation,Aggregate fuel,Gas and Other Fossil,TWh,5.06,0.28,5.86
Malaysia,MYS,2022-04-01,Country or economy,Asia,Asia,0.0,0.0,0.0,0.0,1.0,Electricity generation,Aggregate fuel,"Hydro, Bioenergy and Other Renewables",TWh,2.8,-0.08,-2.78
Malaysia,MYS,2022-04-01,Country or economy,Asia,Asia,0.0,0.0,0.0,0.0,1.0,Electricity generation,Aggregate fuel,Renewables,TWh,2.92,-0.05,-1.68
Malaysia,MYS,2022-04-01,Country or economy,Asia,Asia,0.0,0.0,0.0,0.0,1.0,Electricity generation,Aggregate fuel,Wind and Solar,TWh,0.12,0.03,33.33
Malaysia,MYS,2022-04-01,Country or economy,Asia,Asia,0.0,0.0,0.0,0.0,1.0,Electricity generation,Fuel,Bioenergy,%,2.63,,
Malaysia,MYS,2022-04-01,Country or economy,Asia,Asia,0.0,0.0,0.0,0.0,1.0,Electricity generation,Fuel,Coal,%,44.85,,
Malaysia,MYS,2022-04-01,Country or economy,Asia,Asia,0.0,0.0,0.0,0.0,1.0,Electricity generation,Fuel,Gas,%,34.21,,
Malaysia,MYS,2022-04-01,Country or economy,Asia,Asia,0.0,0.0,0.0,0.0,1.0,Electricity generation,Fuel,Hydro,%,16.72,,
Malaysia,MYS,2022-04-01,Country or economy,Asia,Asia,0.0,0.0,0.0,0.0,1.0,Electricity generation,Fuel,Other Fossil,%,0.76,,
Malaysia,MYS,2022-04-01,Country or economy,Asia,Asia,0.0,0.0,0.0,0.0,1.0,Electricity generation,Fuel,Solar,%,0.83,,
Malaysia,MYS,2022-04-01,Country or economy,Asia,Asia,0.0,0.0,0.0,0.0,1.0,Electricity generation,Fuel,Bioenergy,TWh,0.38,0.06,18.75
Malaysia,MYS,2022-04-01,Country or economy,Asia,Asia,0.0,0.0,0.0,0.0,1.0,Electricity generation,Fuel,Coal,TWh,6.49,0.06,0.93
Malaysia,MYS,2022-04-01,Country or economy,Asia,Asia,0.0,0.0,0.0,0.0,1.0,Electricity generation,Fuel,Gas,TWh,4.95,0.22,4.65
Malaysia,MYS,2022-04-01,Country or economy,Asia,Asia,0.0,0.0,0.0,0.0,1.0,Electricity generation,Fuel,Hydro,TWh,2.42,-0.14,-5.47
Malaysia,MYS,2022-04-01,Country or economy,Asia,Asia,0.0,0.0,0.0,0.0,1.0,Electricity generation,Fuel,Other Fossil,TWh,0.11,0.06,120.0
Malaysia,MYS,2022-04-01,Country or economy,Asia,Asia,0.0,0.0,0.0,0.0,1.0,Electricity generation,Fuel,Solar,TWh,0.12,0.03,33.33
Malaysia,MYS,2022-04-01,Country or economy,Asia,Asia,0.0,0.0,0.0,0.0,1.0,Electricity generation,Total,Total Generation,TWh,14.47,0.29,2.05
Malaysia,MYS,2022-04-01,Country or economy,Asia,Asia,0.0,0.0,0.0,0.0,1.0,Electricity imports,Electricity imports,Net Imports,TWh,0.0,-0.04,-100.0
Malaysia,MYS,2022-04-01,Country or economy,Asia,Asia,0.0,0.0,0.0,0.0,1.0,Power sector emissions,Aggregate fuel,Clean,mtCO2,0.16,0.03,23.08
Malaysia,MYS,2022-04-01,Country or economy,Asia,Asia,0.0,0.0,0.0,0.0,1.0,Power sector emissions,Aggregate fuel,Fossil,mtCO2,9.22,0.25,2.79
Malaysia,MYS,2022-04-01,Country or economy,Asia,Asia,0.0,0.0,0.0,0.0,1.0,Power sector emissions,Aggregate fuel,Gas and Other Fossil,mtCO2,3.41,0.19,5.9
Malaysia,MYS,2022-04-01,Country or economy,Asia,Asia,0.0,0.0,0.0,0.0,1.0,Power sector emissions,Aggregate fuel,"Hydro, Bioenergy and Other Renewables",mtCO2,0.15,0.02,15.38
Malaysia,MYS,2022-04-01,Country or economy,Asia,Asia,0.0,0.0,0.0,0.0,1.0,Power sector emissions,Aggregate fuel,Renewables,mtCO2,0.16,0.03,23.08
Malaysia,MYS,2022-04-01,Country or economy,Asia,Asia,0.0,0.0,0.0,0.0,1.0,Power sector emissions,Aggregate fuel,Wind and Solar,mtCO2,0.01,0.01,
Malaysia,MYS,2022-04-01,Country or economy,Asia,Asia,0.0,0.0,0.0,0.0,1.0,Power sector emissions,CO2 intensity,CO2 intensity,gCO2/kWh,648.24,6.49,1.01
Malaysia,MYS,2022-04-01,Country or economy,Asia,Asia,0.0,0.0,0.0,0.0,1.0,Power sector emissions,Fuel,Bioenergy,mtCO2,0.09,0.02,28.57
Malaysia,MYS,2022-04-01,Country or economy,Asia,Asia,0.0,0.0,0.0,0.0,1.0,Power sector emissions,Fuel,Coal,mtCO2,5.81,0.06,1.04
Malaysia,MYS,2022-04-01,Country or economy,Asia,Asia,0.0,0.0,0.0,0.0,1.0,Power sector emissions,Fuel,Gas,mtCO2,3.33,0.15,4.72
Malaysia,MYS,2022-04-01,Country or economy,Asia,Asia,0.0,0.0,0.0,0.0,1.0,Power sector emissions,Fuel,Hydro,mtCO2,0.06,0.0,0.0
Malaysia,MYS,2022-04-01,Country or economy,Asia,Asia,0.0,0.0,0.0,0.0,1.0,Power sector emissions,Fuel,Other Fossil,mtCO2,0.08,0.04,100.0
Malaysia,MYS,2022-04-01,Country or economy,Asia,Asia,0.0,0.0,0.0,0.0,1.0,Power sector emissions,Fuel,Solar,mtCO2,0.01,0.01,
Malaysia,MYS,2022-04-01,Country or economy,Asia,Asia,0.0,0.0,0.0,0.0,1.0,Power sector emissions,Total,Total emissions,mtCO2,9.38,0.28,3.08
Malaysia,MYS,2022-05-01,Country or economy,Asia,Asia,0.0,0.0,0.0,0.0,1.0,Electricity demand,Demand,Demand,TWh,14.72,0.47,3.3
Malaysia,MYS,2022-05-01,Country or economy,Asia,Asia,0.0,0.0,0.0,0.0,1.0,Electricity generation,Aggregate fuel,Clean,%,19.84,,
Malaysia,MYS,2022-05-01,Country or economy,Asia,Asia,0.0,0.0,0.0,0.0,1.0,Electricity generation,Aggregate fuel,Fossil,%,80.15,,
Malaysia,MYS,2022-05-01,Country or economy,Asia,Asia,0.0,0.0,0.0,0.0,1.0,Electricity generation,Aggregate fuel,Gas and Other Fossil,%,36.37,,
Malaysia,MYS,2022-05-01,Country or economy,Asia,Asia,0.0,0.0,0.0,0.0,1.0,Electricity generation,Aggregate fuel,"Hydro, Bioenergy and Other Renewables",%,18.96,,
Malaysia,MYS,2022-05-01,Country or economy,Asia,Asia,0.0,0.0,0.0,0.0,1.0,Electricity generation,Aggregate fuel,Renewables,%,19.84,,
Malaysia,MYS,2022-05-01,Country or economy,Asia,Asia,0.0,0.0,0.0,0.0,1.0,Electricity generation,Aggregate fuel,Wind and Solar,%,0.88,,
Malaysia,MYS,2022-05-01,Country or economy,Asia,Asia,0.0,0.0,0.0,0.0,1.0,Electricity generation,Aggregate fuel,Clean,TWh,2.92,-0.04,-1.35
Malaysia,MYS,2022-05-01,Country or economy,Asia,Asia,0.0,0.0,0.0,0.0,1.0,Electricity generation,Aggregate fuel,Fossil,TWh,11.79,0.51,4.52
Malaysia,MYS,2022-05-01,Country or economy,Asia,Asia,0.0,0.0,0.0,0.0,1.0,Electricity generation,Aggregate fuel,Gas and Other Fossil,TWh,5.35,0.54,11.23
Malaysia,MYS,2022-05-01,Country or economy,Asia,Asia,0.0,0.0,0.0,0.0,1.0,Electricity generation,Aggregate fuel,"Hydro, Bioenergy and Other Renewables",TWh,2.79,-0.07,-2.45
Malaysia,MYS,2022-05-01,Country or economy,Asia,Asia,0.0,0.0,0.0,0.0,1.0,Electricity generation,Aggregate fuel,Renewables,TWh,2.92,-0.04,-1.35
Malaysia,MYS,2022-05-01,Country or economy,Asia,Asia,0.0,0.0,0.0,0.0,1.0,Electricity generation,Aggregate fuel,Wind and Solar,TWh,0.13,0.03,30.0
Malaysia,MYS,2022-05-01,Country or economy,Asia,Asia,0.0,0.0,0.0,0.0,1.0,Electricity generation,Fuel,Bioenergy,%,2.58,,
Malaysia,MYS,2022-05-01,Country or economy,Asia,Asia,0.0,0.0,0.0,0.0,1.0,Electricity generation,Fuel,Coal,%,43.78,,
Malaysia,MYS,2022-05-01,Country or economy,Asia,Asia,0.0,0.0,0.0,0.0,1.0,Electricity generation,Fuel,Gas,%,35.15,,
Malaysia,MYS,2022-05-01,Country or economy,Asia,Asia,0.0,0.0,0.0,0.0,1.0,Electricity generation,Fuel,Hydro,%,16.38,,
Malaysia,MYS,2022-05-01,Country or economy,Asia,Asia,0.0,0.0,0.0,0.0,1.0,Electricity generation,Fuel,Other Fossil,%,1.22,,
Malaysia,MYS,2022-05-01,Country or economy,Asia,Asia,0.0,0.0,0.0,0.0,1.0,Electricity generation,Fuel,Solar,%,0.88,,
Malaysia,MYS,2022-05-01,Country or economy,Asia,Asia,0.0,0.0,0.0,0.0,1.0,Electricity generation,Fuel,Bioenergy,TWh,0.38,0.05,15.15
Malaysia,MYS,2022-05-01,Country or economy,Asia,Asia,0.0,0.0,0.0,0.0,1.0,Electricity generation,Fuel,Coal,TWh,6.44,-0.03,-0.46
Malaysia,MYS,2022-05-01,Country or economy,Asia,Asia,0.0,0.0,0.0,0.0,1.0,Electricity generation,Fuel,Gas,TWh,5.17,0.42,8.84
Malaysia,MYS,2022-05-01,Country or economy,Asia,Asia,0.0,0.0,0.0,0.0,1.0,Electricity generation,Fuel,Hydro,TWh,2.41,-0.12,-4.74
Malaysia,MYS,2022-05-01,Country or economy,Asia,Asia,0.0,0.0,0.0,0.0,1.0,Electricity generation,Fuel,Other Fossil,TWh,0.18,0.12,200.0
Malaysia,MYS,2022-05-01,Country or economy,Asia,Asia,0.0,0.0,0.0,0.0,1.0,Electricity generation,Fuel,Solar,TWh,0.13,0.03,30.0
Malaysia,MYS,2022-05-01,Country or economy,Asia,Asia,0.0,0.0,0.0,0.0,1.0,Electricity generation,Total,Total Generation,TWh,14.71,0.47,3.3
Malaysia,MYS,2022-05-01,Country or economy,Asia,Asia,0.0,0.0,0.0,0.0,1.0,Electricity imports,Electricity imports,Net Imports,TWh,0.01,0.0,0.0
Malaysia,MYS,2022-05-01,Country or economy,Asia,Asia,0.0,0.0,0.0,0.0,1.0,Power sector emissions,Aggregate fuel,Clean,mtCO2,0.16,0.02,14.29
Malaysia,MYS,2022-05-01,Country or economy,Asia,Asia,0.0,0.0,0.0,0.0,1.0,Power sector emissions,Aggregate fuel,Fossil,mtCO2,9.36,0.34,3.77
Malaysia,MYS,2022-05-01,Country or economy,Asia,Asia,0.0,0.0,0.0,0.0,1.0,Power sector emissions,Aggregate fuel,Gas and Other Fossil,mtCO2,3.6,0.37,11.46
Malaysia,MYS,2022-05-01,Country or economy,Asia,Asia,0.0,0.0,0.0,0.0,1.0,Power sector emissions,Aggregate fuel,"Hydro, Bioenergy and Other Renewables",mtCO2,0.15,0.01,7.14
Malaysia,MYS,2022-05-01,Country or economy,Asia,Asia,0.0,0.0,0.0,0.0,1.0,Power sector emissions,Aggregate fuel,Renewables,mtCO2,0.16,0.02,14.29
Malaysia,MYS,2022-05-01,Country or economy,Asia,Asia,0.0,0.0,0.0,0.0,1.0,Power sector emissions,Aggregate fuel,Wind and Solar,mtCO2,0.01,0.01,
Malaysia,MYS,2022-05-01,Country or economy,Asia,Asia,0.0,0.0,0.0,0.0,1.0,Power sector emissions,CO2 intensity,CO2 intensity,gCO2/kWh,647.18,3.92,0.61
Malaysia,MYS,2022-05-01,Country or economy,Asia,Asia,0.0,0.0,0.0,0.0,1.0,Power sector emissions,Fuel,Bioenergy,mtCO2,0.09,0.01,12.5
Malaysia,MYS,2022-05-01,Country or economy,Asia,Asia,0.0,0.0,0.0,0.0,1.0,Power sector emissions,Fuel,Coal,mtCO2,5.76,-0.03,-0.52
Malaysia,MYS,2022-05-01,Country or economy,Asia,Asia,0.0,0.0,0.0,0.0,1.0,Power sector emissions,Fuel,Gas,mtCO2,3.47,0.28,8.78
Malaysia,MYS,2022-05-01,Country or economy,Asia,Asia,0.0,0.0,0.0,0.0,1.0,Power sector emissions,Fuel,Hydro,mtCO2,0.06,0.0,0.0
Malaysia,MYS,2022-05-01,Country or economy,Asia,Asia,0.0,0.0,0.0,0.0,1.0,Power sector emissions,Fuel,Other Fossil,mtCO2,0.13,0.09,225.0
Malaysia,MYS,2022-05-01,Country or economy,Asia,Asia,0.0,0.0,0.0,0.0,1.0,Power sector emissions,Fuel,Solar,mtCO2,0.01,0.01,
Malaysia,MYS,2022-05-01,Country or economy,Asia,Asia,0.0,0.0,0.0,0.0,1.0,Power sector emissions,Total,Total emissions,mtCO2,9.52,0.36,3.93
Malaysia,MYS,2022-06-01,Country or economy,Asia,Asia,0.0,0.0,0.0,0.0,1.0,Electricity demand,Demand,Demand,TWh,14.43,1.94,15.53
Malaysia,MYS,2022-06-01,Country or economy,Asia,Asia,0.0,0.0,0.0,0.0,1.0,Electricity generation,Aggregate fuel,Clean,%,20.23,,
Malaysia,MYS,2022-06-01,Country or economy,Asia,Asia,0.0,0.0,0.0,0.0,1.0,Electricity generation,Aggregate fuel,Fossil,%,79.76,,
Malaysia,MYS,2022-06-01,Country or economy,Asia,Asia,0.0,0.0,0.0,0.0,1.0,Electricity generation,Aggregate fuel,Gas and Other Fossil,%,36.66,,
Malaysia,MYS,2022-06-01,Country or economy,Asia,Asia,0.0,0.0,0.0,0.0,1.0,Electricity generation,Aggregate fuel,"Hydro, Bioenergy and Other Renewables",%,19.33,,
Malaysia,MYS,2022-06-01,Country or economy,Asia,Asia,0.0,0.0,0.0,0.0,1.0,Electricity generation,Aggregate fuel,Renewables,%,20.23,,
Malaysia,MYS,2022-06-01,Country or economy,Asia,Asia,0.0,0.0,0.0,0.0,1.0,Electricity generation,Aggregate fuel,Wind and Solar,%,0.9,,
Malaysia,MYS,2022-06-01,Country or economy,Asia,Asia,0.0,0.0,0.0,0.0,1.0,Electricity generation,Aggregate fuel,Clean,TWh,2.92,0.34,13.18
Malaysia,MYS,2022-06-01,Country or economy,Asia,Asia,0.0,0.0,0.0,0.0,1.0,Electricity generation,Aggregate fuel,Fossil,TWh,11.51,1.61,16.26
Malaysia,MYS,2022-06-01,Country or economy,Asia,Asia,0.0,0.0,0.0,0.0,1.0,Electricity generation,Aggregate fuel,Gas and Other Fossil,TWh,5.29,0.71,15.5
Malaysia,MYS,2022-06-01,Country or economy,Asia,Asia,0.0,0.0,0.0,0.0,1.0,Electricity generation,Aggregate fuel,"Hydro, Bioenergy and Other Renewables",TWh,2.79,0.3,12.05
Malaysia,MYS,2022-06-01,Country or economy,Asia,Asia,0.0,0.0,0.0,0.0,1.0,Electricity generation,Aggregate fuel,Renewables,TWh,2.92,0.34,13.18
Malaysia,MYS,2022-06-01,Country or economy,Asia,Asia,0.0,0.0,0.0,0.0,1.0,Electricity generation,Aggregate fuel,Wind and Solar,TWh,0.13,0.04,44.44
Malaysia,MYS,2022-06-01,Country or economy,Asia,Asia,0.0,0.0,0.0,0.0,1.0,Electricity generation,Fuel,Bioenergy,%,2.63,,
Malaysia,MYS,2022-06-01,Country or economy,Asia,Asia,0.0,0.0,0.0,0.0,1.0,Electricity generation,Fuel,Coal,%,43.1,,
Malaysia,MYS,2022-06-01,Country or economy,Asia,Asia,0.0,0.0,0.0,0.0,1.0,Electricity generation,Fuel,Gas,%,36.04,,
Malaysia,MYS,2022-06-01,Country or economy,Asia,Asia,0.0,0.0,0.0,0.0,1.0,Electricity generation,Fuel,Hydro,%,16.7,,
Malaysia,MYS,2022-06-01,Country or economy,Asia,Asia,0.0,0.0,0.0,0.0,1.0,Electricity generation,Fuel,Other Fossil,%,0.62,,
Malaysia,MYS,2022-06-01,Country or economy,Asia,Asia,0.0,0.0,0.0,0.0,1.0,Electricity generation,Fuel,Solar,%,0.9,,
Malaysia,MYS,2022-06-01,Country or economy,Asia,Asia,0.0,0.0,0.0,0.0,1.0,Electricity generation,Fuel,Bioenergy,TWh,0.38,0.08,26.67
Malaysia,MYS,2022-06-01,Country or economy,Asia,Asia,0.0,0.0,0.0,0.0,1.0,Electricity generation,Fuel,Coal,TWh,6.22,0.9,16.92
Malaysia,MYS,2022-06-01,Country or economy,Asia,Asia,0.0,0.0,0.0,0.0,1.0,Electricity generation,Fuel,Gas,TWh,5.2,0.67,14.79
Malaysia,MYS,2022-06-01,Country or economy,Asia,Asia,0.0,0.0,0.0,0.0,1.0,Electricity generation,Fuel,Hydro,TWh,2.41,0.22,10.05
Malaysia,MYS,2022-06-01,Country or economy,Asia,Asia,0.0,0.0,0.0,0.0,1.0,Electricity generation,Fuel,Other Fossil,TWh,0.09,0.04,80.0
Malaysia,MYS,2022-06-01,Country or economy,Asia,Asia,0.0,0.0,0.0,0.0,1.0,Electricity generation,Fuel,Solar,TWh,0.13,0.04,44.44
Malaysia,MYS,2022-06-01,Country or economy,Asia,Asia,0.0,0.0,0.0,0.0,1.0,Electricity generation,Total,Total Generation,TWh,14.43,1.95,15.63
Malaysia,MYS,2022-06-01,Country or economy,Asia,Asia,0.0,0.0,0.0,0.0,1.0,Electricity imports,Electricity imports,Net Imports,TWh,0.0,-0.01,-100.0
Malaysia,MYS,2022-06-01,Country or economy,Asia,Asia,0.0,0.0,0.0,0.0,1.0,Power sector emissions,Aggregate fuel,Clean,mtCO2,0.16,0.04,33.33
Malaysia,MYS,2022-06-01,Country or economy,Asia,Asia,0.0,0.0,0.0,0.0,1.0,Power sector emissions,Aggregate fuel,Fossil,mtCO2,9.12,1.28,16.33
Malaysia,MYS,2022-06-01,Country or economy,Asia,Asia,0.0,0.0,0.0,0.0,1.0,Power sector emissions,Aggregate fuel,Gas and Other Fossil,mtCO2,3.55,0.47,15.26
Malaysia,MYS,2022-06-01,Country or economy,Asia,Asia,0.0,0.0,0.0,0.0,1.0,Power sector emissions,Aggregate fuel,"Hydro, Bioenergy and Other Renewables",mtCO2,0.15,0.03,25.0
Malaysia,MYS,2022-06-01,Country or economy,Asia,Asia,0.0,0.0,0.0,0.0,1.0,Power sector emissions,Aggregate fuel,Renewables,mtCO2,0.16,0.04,33.33
Malaysia,MYS,2022-06-01,Country or economy,Asia,Asia,0.0,0.0,0.0,0.0,1.0,Power sector emissions,Aggregate fuel,Wind and Solar,mtCO2,0.01,0.01,
Malaysia,MYS,2022-06-01,Country or economy,Asia,Asia,0.0,0.0,0.0,0.0,1.0,Power sector emissions,CO2 intensity,CO2 intensity,gCO2/kWh,643.11,5.29,0.83
Malaysia,MYS,2022-06-01,Country or economy,Asia,Asia,0.0,0.0,0.0,0.0,1.0,Power sector emissions,Fuel,Bioenergy,mtCO2,0.09,0.02,28.57
Malaysia,MYS,2022-06-01,Country or economy,Asia,Asia,0.0,0.0,0.0,0.0,1.0,Power sector emissions,Fuel,Coal,mtCO2,5.57,0.81,17.02
Malaysia,MYS,2022-06-01,Country or economy,Asia,Asia,0.0,0.0,0.0,0.0,1.0,Power sector emissions,Fuel,Gas,mtCO2,3.49,0.45,14.8
Malaysia,MYS,2022-06-01,Country or economy,Asia,Asia,0.0,0.0,0.0,0.0,1.0,Power sector emissions,Fuel,Hydro,mtCO2,0.06,0.01,20.0
Malaysia,MYS,2022-06-01,Country or economy,Asia,Asia,0.0,0.0,0.0,0.0,1.0,Power sector emissions,Fuel,Other Fossil,mtCO2,0.06,0.02,50.0
Malaysia,MYS,2022-06-01,Country or economy,Asia,Asia,0.0,0.0,0.0,0.0,1.0,Power sector emissions,Fuel,Solar,mtCO2,0.01,0.01,
Malaysia,MYS,2022-06-01,Country or economy,Asia,Asia,0.0,0.0,0.0,0.0,1.0,Power sector emissions,Total,Total emissions,mtCO2,9.28,1.32,16.58
Malaysia,MYS,2022-07-01,Country or economy,Asia,Asia,0.0,0.0,0.0,0.0,1.0,Electricity demand,Demand,Demand,TWh,14.77,1.74,13.35
Malaysia,MYS,2022-07-01,Country or economy,Asia,Asia,0.0,0.0,0.0,0.0,1.0,Electricity generation,Aggregate fuel,Clean,%,21.67,,
Malaysia,MYS,2022-07-01,Country or economy,Asia,Asia,0.0,0.0,0.0,0.0,1.0,Electricity generation,Aggregate fuel,Fossil,%,78.33,,
Malaysia,MYS,2022-07-01,Country or economy,Asia,Asia,0.0,0.0,0.0,0.0,1.0,Electricity generation,Aggregate fuel,Gas and Other Fossil,%,33.31,,
Malaysia,MYS,2022-07-01,Country or economy,Asia,Asia,0.0,0.0,0.0,0.0,1.0,Electricity generation,Aggregate fuel,"Hydro, Bioenergy and Other Renewables",%,20.65,,
Malaysia,MYS,2022-07-01,Country or economy,Asia,Asia,0.0,0.0,0.0,0.0,1.0,Electricity generation,Aggregate fuel,Renewables,%,21.67,,
Malaysia,MYS,2022-07-01,Country or economy,Asia,Asia,0.0,0.0,0.0,0.0,1.0,Electricity generation,Aggregate fuel,Wind and Solar,%,1.02,,
Malaysia,MYS,2022-07-01,Country or economy,Asia,Asia,0.0,0.0,0.0,0.0,1.0,Electricity generation,Aggregate fuel,Clean,TWh,3.2,0.32,11.11
Malaysia,MYS,2022-07-01,Country or economy,Asia,Asia,0.0,0.0,0.0,0.0,1.0,Electricity generation,Aggregate fuel,Fossil,TWh,11.57,1.43,14.1
Malaysia,MYS,2022-07-01,Country or economy,Asia,Asia,0.0,0.0,0.0,0.0,1.0,Electricity generation,Aggregate fuel,Gas and Other Fossil,TWh,4.92,0.59,13.63
Malaysia,MYS,2022-07-01,Country or economy,Asia,Asia,0.0,0.0,0.0,0.0,1.0,Electricity generation,Aggregate fuel,"Hydro, Bioenergy and Other Renewables",TWh,3.05,0.26,9.32
Malaysia,MYS,2022-07-01,Country or economy,Asia,Asia,0.0,0.0,0.0,0.0,1.0,Electricity generation,Aggregate fuel,Renewables,TWh,3.2,0.32,11.11
Malaysia,MYS,2022-07-01,Country or economy,Asia,Asia,0.0,0.0,0.0,0.0,1.0,Electricity generation,Aggregate fuel,Wind and Solar,TWh,0.15,0.06,66.67
Malaysia,MYS,2022-07-01,Country or economy,Asia,Asia,0.0,0.0,0.0,0.0,1.0,Electricity generation,Fuel,Bioenergy,%,2.57,,
Malaysia,MYS,2022-07-01,Country or economy,Asia,Asia,0.0,0.0,0.0,0.0,1.0,Electricity generation,Fuel,Coal,%,45.02,,
Malaysia,MYS,2022-07-01,Country or economy,Asia,Asia,0.0,0.0,0.0,0.0,1.0,Electricity generation,Fuel,Gas,%,32.84,,
Malaysia,MYS,2022-07-01,Country or economy,Asia,Asia,0.0,0.0,0.0,0.0,1.0,Electricity generation,Fuel,Hydro,%,18.08,,
Malaysia,MYS,2022-07-01,Country or economy,Asia,Asia,0.0,0.0,0.0,0.0,1.0,Electricity generation,Fuel,Other Fossil,%,0.47,,
Malaysia,MYS,2022-07-01,Country or economy,Asia,Asia,0.0,0.0,0.0,0.0,1.0,Electricity generation,Fuel,Solar,%,1.02,,
Malaysia,MYS,2022-07-01,Country or economy,Asia,Asia,0.0,0.0,0.0,0.0,1.0,Electricity generation,Fuel,Bioenergy,TWh,0.38,0.05,15.15
Malaysia,MYS,2022-07-01,Country or economy,Asia,Asia,0.0,0.0,0.0,0.0,1.0,Electricity generation,Fuel,Coal,TWh,6.65,0.84,14.46
Malaysia,MYS,2022-07-01,Country or economy,Asia,Asia,0.0,0.0,0.0,0.0,1.0,Electricity generation,Fuel,Gas,TWh,4.85,0.57,13.32
Malaysia,MYS,2022-07-01,Country or economy,Asia,Asia,0.0,0.0,0.0,0.0,1.0,Electricity generation,Fuel,Hydro,TWh,2.67,0.21,8.54
Malaysia,MYS,2022-07-01,Country or economy,Asia,Asia,0.0,0.0,0.0,0.0,1.0,Electricity generation,Fuel,Other Fossil,TWh,0.07,0.02,40.0
Malaysia,MYS,2022-07-01,Country or economy,Asia,Asia,0.0,0.0,0.0,0.0,1.0,Electricity generation,Fuel,Solar,TWh,0.15,0.06,66.67
Malaysia,MYS,2022-07-01,Country or economy,Asia,Asia,0.0,0.0,0.0,0.0,1.0,Electricity generation,Total,Total Generation,TWh,14.77,1.75,13.44
Malaysia,MYS,2022-07-01,Country or economy,Asia,Asia,0.0,0.0,0.0,0.0,1.0,Electricity imports,Electricity imports,Net Imports,TWh,0.0,-0.01,-100.0
Malaysia,MYS,2022-07-01,Country or economy,Asia,Asia,0.0,0.0,0.0,0.0,1.0,Power sector emissions,Aggregate fuel,Clean,mtCO2,0.16,0.02,14.29
Malaysia,MYS,2022-07-01,Country or economy,Asia,Asia,0.0,0.0,0.0,0.0,1.0,Power sector emissions,Aggregate fuel,Fossil,mtCO2,9.26,1.14,14.04
Malaysia,MYS,2022-07-01,Country or economy,Asia,Asia,0.0,0.0,0.0,0.0,1.0,Power sector emissions,Aggregate fuel,Gas and Other Fossil,mtCO2,3.31,0.39,13.36
Malaysia,MYS,2022-07-01,Country or economy,Asia,Asia,0.0,0.0,0.0,0.0,1.0,Power sector emissions,Aggregate fuel,"Hydro, Bioenergy and Other Renewables",mtCO2,0.15,0.01,7.14
Malaysia,MYS,2022-07-01,Country or economy,Asia,Asia,0.0,0.0,0.0,0.0,1.0,Power sector emissions,Aggregate fuel,Renewables,mtCO2,0.16,0.02,14.29
Malaysia,MYS,2022-07-01,Country or economy,Asia,Asia,0.0,0.0,0.0,0.0,1.0,Power sector emissions,Aggregate fuel,Wind and Solar,mtCO2,0.01,0.01,
Malaysia,MYS,2022-07-01,Country or economy,Asia,Asia,0.0,0.0,0.0,0.0,1.0,Power sector emissions,CO2 intensity,CO2 intensity,gCO2/kWh,637.78,3.37,0.53
Malaysia,MYS,2022-07-01,Country or economy,Asia,Asia,0.0,0.0,0.0,0.0,1.0,Power sector emissions,Fuel,Bioenergy,mtCO2,0.09,0.01,12.5
Malaysia,MYS,2022-07-01,Country or economy,Asia,Asia,0.0,0.0,0.0,0.0,1.0,Power sector emissions,Fuel,Coal,mtCO2,5.95,0.75,14.42
Malaysia,MYS,2022-07-01,Country or economy,Asia,Asia,0.0,0.0,0.0,0.0,1.0,Power sector emissions,Fuel,Gas,mtCO2,3.26,0.38,13.19
Malaysia,MYS,2022-07-01,Country or economy,Asia,Asia,0.0,0.0,0.0,0.0,1.0,Power sector emissions,Fuel,Hydro,mtCO2,0.06,0.0,0.0
Malaysia,MYS,2022-07-01,Country or economy,Asia,Asia,0.0,0.0,0.0,0.0,1.0,Power sector emissions,Fuel,Other Fossil,mtCO2,0.05,0.01,25.0
Malaysia,MYS,2022-07-01,Country or economy,Asia,Asia,0.0,0.0,0.0,0.0,1.0,Power sector emissions,Fuel,Solar,mtCO2,0.01,0.01,
Malaysia,MYS,2022-07-01,Country or economy,Asia,Asia,0.0,0.0,0.0,0.0,1.0,Power sector emissions,Total,Total emissions,mtCO2,9.42,1.16,14.04
Malaysia,MYS,2022-08-01,Country or economy,Asia,Asia,0.0,0.0,0.0,0.0,1.0,Electricity demand,Demand,Demand,TWh,14.7,1.31,9.78
Malaysia,MYS,2022-08-01,Country or economy,Asia,Asia,0.0,0.0,0.0,0.0,1.0,Electricity generation,Aggregate fuel,Clean,%,22.37,,
Malaysia,MYS,2022-08-01,Country or economy,Asia,Asia,0.0,0.0,0.0,0.0,1.0,Electricity generation,Aggregate fuel,Fossil,%,77.63,,
Malaysia,MYS,2022-08-01,Country or economy,Asia,Asia,0.0,0.0,0.0,0.0,1.0,Electricity generation,Aggregate fuel,Gas and Other Fossil,%,34.33,,
Malaysia,MYS,2022-08-01,Country or economy,Asia,Asia,0.0,0.0,0.0,0.0,1.0,Electricity generation,Aggregate fuel,"Hydro, Bioenergy and Other Renewables",%,21.21,,
Malaysia,MYS,2022-08-01,Country or economy,Asia,Asia,0.0,0.0,0.0,0.0,1.0,Electricity generation,Aggregate fuel,Renewables,%,22.37,,
Malaysia,MYS,2022-08-01,Country or economy,Asia,Asia,0.0,0.0,0.0,0.0,1.0,Electricity generation,Aggregate fuel,Wind and Solar,%,1.16,,
Malaysia,MYS,2022-08-01,Country or economy,Asia,Asia,0.0,0.0,0.0,0.0,1.0,Electricity generation,Aggregate fuel,Clean,TWh,3.29,0.3,10.03
Malaysia,MYS,2022-08-01,Country or economy,Asia,Asia,0.0,0.0,0.0,0.0,1.0,Electricity generation,Aggregate fuel,Fossil,TWh,11.42,1.02,9.81
Malaysia,MYS,2022-08-01,Country or economy,Asia,Asia,0.0,0.0,0.0,0.0,1.0,Electricity generation,Aggregate fuel,Gas and Other Fossil,TWh,5.05,0.63,14.25
Malaysia,MYS,2022-08-01,Country or economy,Asia,Asia,0.0,0.0,0.0,0.0,1.0,Electricity generation,Aggregate fuel,"Hydro, Bioenergy and Other Renewables",TWh,3.12,0.23,7.96
Malaysia,MYS,2022-08-01,Country or economy,Asia,Asia,0.0,0.0,0.0,0.0,1.0,Electricity generation,Aggregate fuel,Renewables,TWh,3.29,0.3,10.03
Malaysia,MYS,2022-08-01,Country or economy,Asia,Asia,0.0,0.0,0.0,0.0,1.0,Electricity generation,Aggregate fuel,Wind and Solar,TWh,0.17,0.07,70.0
Malaysia,MYS,2022-08-01,Country or economy,Asia,Asia,0.0,0.0,0.0,0.0,1.0,Electricity generation,Fuel,Bioenergy,%,2.58,,
Malaysia,MYS,2022-08-01,Country or economy,Asia,Asia,0.0,0.0,0.0,0.0,1.0,Electricity generation,Fuel,Coal,%,43.3,,
Malaysia,MYS,2022-08-01,Country or economy,Asia,Asia,0.0,0.0,0.0,0.0,1.0,Electricity generation,Fuel,Gas,%,33.92,,
Malaysia,MYS,2022-08-01,Country or economy,Asia,Asia,0.0,0.0,0.0,0.0,1.0,Electricity generation,Fuel,Hydro,%,18.63,,
Malaysia,MYS,2022-08-01,Country or economy,Asia,Asia,0.0,0.0,0.0,0.0,1.0,Electricity generation,Fuel,Other Fossil,%,0.41,,
Malaysia,MYS,2022-08-01,Country or economy,Asia,Asia,0.0,0.0,0.0,0.0,1.0,Electricity generation,Fuel,Solar,%,1.16,,
Malaysia,MYS,2022-08-01,Country or economy,Asia,Asia,0.0,0.0,0.0,0.0,1.0,Electricity generation,Fuel,Bioenergy,TWh,0.38,0.04,11.76
Malaysia,MYS,2022-08-01,Country or economy,Asia,Asia,0.0,0.0,0.0,0.0,1.0,Electricity generation,Fuel,Coal,TWh,6.37,0.39,6.52
Malaysia,MYS,2022-08-01,Country or economy,Asia,Asia,0.0,0.0,0.0,0.0,1.0,Electricity generation,Fuel,Gas,TWh,4.99,0.62,14.19
Malaysia,MYS,2022-08-01,Country or economy,Asia,Asia,0.0,0.0,0.0,0.0,1.0,Electricity generation,Fuel,Hydro,TWh,2.74,0.19,7.45
Malaysia,MYS,2022-08-01,Country or economy,Asia,Asia,0.0,0.0,0.0,0.0,1.0,Electricity generation,Fuel,Other Fossil,TWh,0.06,0.01,20.0
Malaysia,MYS,2022-08-01,Country or economy,Asia,Asia,0.0,0.0,0.0,0.0,1.0,Electricity generation,Fuel,Solar,TWh,0.17,0.07,70.0
Malaysia,MYS,2022-08-01,Country or economy,Asia,Asia,0.0,0.0,0.0,0.0,1.0,Electricity generation,Total,Total Generation,TWh,14.71,1.32,9.86
Malaysia,MYS,2022-08-01,Country or economy,Asia,Asia,0.0,0.0,0.0,0.0,1.0,Electricity imports,Electricity imports,Net Imports,TWh,-0.01,-0.01,
Malaysia,MYS,2022-08-01,Country or economy,Asia,Asia,0.0,0.0,0.0,0.0,1.0,Power sector emissions,Aggregate fuel,Clean,mtCO2,0.17,0.03,21.43
Malaysia,MYS,2022-08-01,Country or economy,Asia,Asia,0.0,0.0,0.0,0.0,1.0,Power sector emissions,Aggregate fuel,Fossil,mtCO2,9.09,0.76,9.12
Malaysia,MYS,2022-08-01,Country or economy,Asia,Asia,0.0,0.0,0.0,0.0,1.0,Power sector emissions,Aggregate fuel,Gas and Other Fossil,mtCO2,3.39,0.41,13.76
Malaysia,MYS,2022-08-01,Country or economy,Asia,Asia,0.0,0.0,0.0,0.0,1.0,Power sector emissions,Aggregate fuel,"Hydro, Bioenergy and Other Renewables",mtCO2,0.16,0.02,14.29
Malaysia,MYS,2022-08-01,Country or economy,Asia,Asia,0.0,0.0,0.0,0.0,1.0,Power sector emissions,Aggregate fuel,Renewables,mtCO2,0.17,0.03,21.43
Malaysia,MYS,2022-08-01,Country or economy,Asia,Asia,0.0,0.0,0.0,0.0,1.0,Power sector emissions,Aggregate fuel,Wind and Solar,mtCO2,0.01,0.01,
Malaysia,MYS,2022-08-01,Country or economy,Asia,Asia,0.0,0.0,0.0,0.0,1.0,Power sector emissions,CO2 intensity,CO2 intensity,gCO2/kWh,629.5,-3.06,-0.48
Malaysia,MYS,2022-08-01,Country or economy,Asia,Asia,0.0,0.0,0.0,0.0,1.0,Power sector emissions,Fuel,Bioenergy,mtCO2,0.09,0.01,12.5
Malaysia,MYS,2022-08-01,Country or economy,Asia,Asia,0.0,0.0,0.0,0.0,1.0,Power sector emissions,Fuel,Coal,mtCO2,5.7,0.35,6.54
Malaysia,MYS,2022-08-01,Country or economy,Asia,Asia,0.0,0.0,0.0,0.0,1.0,Power sector emissions,Fuel,Gas,mtCO2,3.35,0.41,13.95
Malaysia,MYS,2022-08-01,Country or economy,Asia,Asia,0.0,0.0,0.0,0.0,1.0,Power sector emissions,Fuel,Hydro,mtCO2,0.07,0.01,16.67
Malaysia,MYS,2022-08-01,Country or economy,Asia,Asia,0.0,0.0,0.0,0.0,1.0,Power sector emissions,Fuel,Other Fossil,mtCO2,0.04,0.0,0.0
Malaysia,MYS,2022-08-01,Country or economy,Asia,Asia,0.0,0.0,0.0,0.0,1.0,Power sector emissions,Fuel,Solar,mtCO2,0.01,0.01,
Malaysia,MYS,2022-08-01,Country or economy,Asia,Asia,0.0,0.0,0.0,0.0,1.0,Power sector emissions,Total,Total emissions,mtCO2,9.26,0.79,9.33
Malaysia,MYS,2022-09-01,Country or economy,Asia,Asia,0.0,0.0,0.0,0.0,1.0,Electricity demand,Demand,Demand,TWh,14.16,0.58,4.27
Malaysia,MYS,2022-09-01,Country or economy,Asia,Asia,0.0,0.0,0.0,0.0,1.0,Electricity generation,Aggregate fuel,Clean,%,22.74,,
Malaysia,MYS,2022-09-01,Country or economy,Asia,Asia,0.0,0.0,0.0,0.0,1.0,Electricity generation,Aggregate fuel,Fossil,%,77.25,,
Malaysia,MYS,2022-09-01,Country or economy,Asia,Asia,0.0,0.0,0.0,0.0,1.0,Electricity generation,Aggregate fuel,Gas and Other Fossil,%,37.07,,
Malaysia,MYS,2022-09-01,Country or economy,Asia,Asia,0.0,0.0,0.0,0.0,1.0,Electricity generation,Aggregate fuel,"Hydro, Bioenergy and Other Renewables",%,21.61,,
Malaysia,MYS,2022-09-01,Country or economy,Asia,Asia,0.0,0.0,0.0,0.0,1.0,Electricity generation,Aggregate fuel,Renewables,%,22.74,,
Malaysia,MYS,2022-09-01,Country or economy,Asia,Asia,0.0,0.0,0.0,0.0,1.0,Electricity generation,Aggregate fuel,Wind and Solar,%,1.13,,
Malaysia,MYS,2022-09-01,Country or economy,Asia,Asia,0.0,0.0,0.0,0.0,1.0,Electricity generation,Aggregate fuel,Clean,TWh,3.22,0.31,10.65
Malaysia,MYS,2022-09-01,Country or economy,Asia,Asia,0.0,0.0,0.0,0.0,1.0,Electricity generation,Aggregate fuel,Fossil,TWh,10.94,0.26,2.43
Malaysia,MYS,2022-09-01,Country or economy,Asia,Asia,0.0,0.0,0.0,0.0,1.0,Electricity generation,Aggregate fuel,Gas and Other Fossil,TWh,5.25,1.07,25.6
Malaysia,MYS,2022-09-01,Country or economy,Asia,Asia,0.0,0.0,0.0,0.0,1.0,Electricity generation,Aggregate fuel,"Hydro, Bioenergy and Other Renewables",TWh,3.06,0.24,8.51
Malaysia,MYS,2022-09-01,Country or economy,Asia,Asia,0.0,0.0,0.0,0.0,1.0,Electricity generation,Aggregate fuel,Renewables,TWh,3.22,0.31,10.65
Malaysia,MYS,2022-09-01,Country or economy,Asia,Asia,0.0,0.0,0.0,0.0,1.0,Electricity generation,Aggregate fuel,Wind and Solar,TWh,0.16,0.07,77.78
Malaysia,MYS,2022-09-01,Country or economy,Asia,Asia,0.0,0.0,0.0,0.0,1.0,Electricity generation,Fuel,Bioenergy,%,2.68,,
Malaysia,MYS,2022-09-01,Country or economy,Asia,Asia,0.0,0.0,0.0,0.0,1.0,Electricity generation,Fuel,Coal,%,40.18,,
Malaysia,MYS,2022-09-01,Country or economy,Asia,Asia,0.0,0.0,0.0,0.0,1.0,Electricity generation,Fuel,Gas,%,36.65,,
Malaysia,MYS,2022-09-01,Country or economy,Asia,Asia,0.0,0.0,0.0,0.0,1.0,Electricity generation,Fuel,Hydro,%,18.93,,
Malaysia,MYS,2022-09-01,Country or economy,Asia,Asia,0.0,0.0,0.0,0.0,1.0,Electricity generation,Fuel,Other Fossil,%,0.42,,
Malaysia,MYS,2022-09-01,Country or economy,Asia,Asia,0.0,0.0,0.0,0.0,1.0,Electricity generation,Fuel,Solar,%,1.13,,
Malaysia,MYS,2022-09-01,Country or economy,Asia,Asia,0.0,0.0,0.0,0.0,1.0,Electricity generation,Fuel,Bioenergy,TWh,0.38,0.05,15.15
Malaysia,MYS,2022-09-01,Country or economy,Asia,Asia,0.0,0.0,0.0,0.0,1.0,Electricity generation,Fuel,Coal,TWh,5.69,-0.81,-12.46
Malaysia,MYS,2022-09-01,Country or economy,Asia,Asia,0.0,0.0,0.0,0.0,1.0,Electricity generation,Fuel,Gas,TWh,5.19,1.06,25.67
Malaysia,MYS,2022-09-01,Country or economy,Asia,Asia,0.0,0.0,0.0,0.0,1.0,Electricity generation,Fuel,Hydro,TWh,2.68,0.19,7.63
Malaysia,MYS,2022-09-01,Country or economy,Asia,Asia,0.0,0.0,0.0,0.0,1.0,Electricity generation,Fuel,Other Fossil,TWh,0.06,0.01,20.0
Malaysia,MYS,2022-09-01,Country or economy,Asia,Asia,0.0,0.0,0.0,0.0,1.0,Electricity generation,Fuel,Solar,TWh,0.16,0.07,77.78
Malaysia,MYS,2022-09-01,Country or economy,Asia,Asia,0.0,0.0,0.0,0.0,1.0,Electricity generation,Total,Total Generation,TWh,14.16,0.57,4.19
Malaysia,MYS,2022-09-01,Country or economy,Asia,Asia,0.0,0.0,0.0,0.0,1.0,Electricity imports,Electricity imports,Net Imports,TWh,0.0,0.01,
Malaysia,MYS,2022-09-01,Country or economy,Asia,Asia,0.0,0.0,0.0,0.0,1.0,Power sector emissions,Aggregate fuel,Clean,mtCO2,0.16,0.02,14.29
Malaysia,MYS,2022-09-01,Country or economy,Asia,Asia,0.0,0.0,0.0,0.0,1.0,Power sector emissions,Aggregate fuel,Fossil,mtCO2,8.62,-0.02,-0.23
Malaysia,MYS,2022-09-01,Country or economy,Asia,Asia,0.0,0.0,0.0,0.0,1.0,Power sector emissions,Aggregate fuel,Gas and Other Fossil,mtCO2,3.53,0.71,25.18
Malaysia,MYS,2022-09-01,Country or economy,Asia,Asia,0.0,0.0,0.0,0.0,1.0,Power sector emissions,Aggregate fuel,"Hydro, Bioenergy and Other Renewables",mtCO2,0.15,0.01,7.14
Malaysia,MYS,2022-09-01,Country or economy,Asia,Asia,0.0,0.0,0.0,0.0,1.0,Power sector emissions,Aggregate fuel,Renewables,mtCO2,0.16,0.02,14.29
Malaysia,MYS,2022-09-01,Country or economy,Asia,Asia,0.0,0.0,0.0,0.0,1.0,Power sector emissions,Aggregate fuel,Wind and Solar,mtCO2,0.01,0.01,
Malaysia,MYS,2022-09-01,Country or economy,Asia,Asia,0.0,0.0,0.0,0.0,1.0,Power sector emissions,CO2 intensity,CO2 intensity,gCO2/kWh,620.06,-26.0,-4.02
Malaysia,MYS,2022-09-01,Country or economy,Asia,Asia,0.0,0.0,0.0,0.0,1.0,Power sector emissions,Fuel,Bioenergy,mtCO2,0.09,0.01,12.5
Malaysia,MYS,2022-09-01,Country or economy,Asia,Asia,0.0,0.0,0.0,0.0,1.0,Power sector emissions,Fuel,Coal,mtCO2,5.09,-0.73,-12.54
Malaysia,MYS,2022-09-01,Country or economy,Asia,Asia,0.0,0.0,0.0,0.0,1.0,Power sector emissions,Fuel,Gas,mtCO2,3.49,0.71,25.54
Malaysia,MYS,2022-09-01,Country or economy,Asia,Asia,0.0,0.0,0.0,0.0,1.0,Power sector emissions,Fuel,Hydro,mtCO2,0.06,0.0,0.0
Malaysia,MYS,2022-09-01,Country or economy,Asia,Asia,0.0,0.0,0.0,0.0,1.0,Power sector emissions,Fuel,Other Fossil,mtCO2,0.04,0.0,0.0
Malaysia,MYS,2022-09-01,Country or economy,Asia,Asia,0.0,0.0,0.0,0.0,1.0,Power sector emissions,Fuel,Solar,mtCO2,0.01,0.01,
Malaysia,MYS,2022-09-01,Country or economy,Asia,Asia,0.0,0.0,0.0,0.0,1.0,Power sector emissions,Total,Total emissions,mtCO2,8.78,0.0,0.0
Malaysia,MYS,2022-10-01,Country or economy,Asia,Asia,0.0,0.0,0.0,0.0,1.0,Electricity demand,Demand,Demand,TWh,14.37,-0.29,-1.98
Malaysia,MYS,2022-10-01,Country or economy,Asia,Asia,0.0,0.0,0.0,0.0,1.0,Electricity generation,Aggregate fuel,Clean,%,22.75,,
Malaysia,MYS,2022-10-01,Country or economy,Asia,Asia,0.0,0.0,0.0,0.0,1.0,Electricity generation,Aggregate fuel,Fossil,%,77.24,,
Malaysia,MYS,2022-10-01,Country or economy,Asia,Asia,0.0,0.0,0.0,0.0,1.0,Electricity generation,Aggregate fuel,Gas and Other Fossil,%,32.01,,
Malaysia,MYS,2022-10-01,Country or economy,Asia,Asia,0.0,0.0,0.0,0.0,1.0,Electricity generation,Aggregate fuel,"Hydro, Bioenergy and Other Renewables",%,21.64,,
Malaysia,MYS,2022-10-01,Country or economy,Asia,Asia,0.0,0.0,0.0,0.0,1.0,Electricity generation,Aggregate fuel,Renewables,%,22.75,,
Malaysia,MYS,2022-10-01,Country or economy,Asia,Asia,0.0,0.0,0.0,0.0,1.0,Electricity generation,Aggregate fuel,Wind and Solar,%,1.11,,
Malaysia,MYS,2022-10-01,Country or economy,Asia,Asia,0.0,0.0,0.0,0.0,1.0,Electricity generation,Aggregate fuel,Clean,TWh,3.27,0.08,2.51
Malaysia,MYS,2022-10-01,Country or economy,Asia,Asia,0.0,0.0,0.0,0.0,1.0,Electricity generation,Aggregate fuel,Fossil,TWh,11.1,-0.38,-3.31
Malaysia,MYS,2022-10-01,Country or economy,Asia,Asia,0.0,0.0,0.0,0.0,1.0,Electricity generation,Aggregate fuel,Gas and Other Fossil,TWh,4.6,0.05,1.1
Malaysia,MYS,2022-10-01,Country or economy,Asia,Asia,0.0,0.0,0.0,0.0,1.0,Electricity generation,Aggregate fuel,"Hydro, Bioenergy and Other Renewables",TWh,3.11,0.02,0.65
Malaysia,MYS,2022-10-01,Country or economy,Asia,Asia,0.0,0.0,0.0,0.0,1.0,Electricity generation,Aggregate fuel,Renewables,TWh,3.27,0.08,2.51
Malaysia,MYS,2022-10-01,Country or economy,Asia,Asia,0.0,0.0,0.0,0.0,1.0,Electricity generation,Aggregate fuel,Wind and Solar,TWh,0.16,0.06,60.0
Malaysia,MYS,2022-10-01,Country or economy,Asia,Asia,0.0,0.0,0.0,0.0,1.0,Electricity generation,Fuel,Bioenergy,%,2.64,,
Malaysia,MYS,2022-10-01,Country or economy,Asia,Asia,0.0,0.0,0.0,0.0,1.0,Electricity generation,Fuel,Coal,%,45.23,,
Malaysia,MYS,2022-10-01,Country or economy,Asia,Asia,0.0,0.0,0.0,0.0,1.0,Electricity generation,Fuel,Gas,%,30.9,,
Malaysia,MYS,2022-10-01,Country or economy,Asia,Asia,0.0,0.0,0.0,0.0,1.0,Electricity generation,Fuel,Hydro,%,19.0,,
Malaysia,MYS,2022-10-01,Country or economy,Asia,Asia,0.0,0.0,0.0,0.0,1.0,Electricity generation,Fuel,Other Fossil,%,1.11,,
Malaysia,MYS,2022-10-01,Country or economy,Asia,Asia,0.0,0.0,0.0,0.0,1.0,Electricity generation,Fuel,Solar,%,1.11,,
Malaysia,MYS,2022-10-01,Country or economy,Asia,Asia,0.0,0.0,0.0,0.0,1.0,Electricity generation,Fuel,Bioenergy,TWh,0.38,0.03,8.57
Malaysia,MYS,2022-10-01,Country or economy,Asia,Asia,0.0,0.0,0.0,0.0,1.0,Electricity generation,Fuel,Coal,TWh,6.5,-0.43,-6.2
Malaysia,MYS,2022-10-01,Country or economy,Asia,Asia,0.0,0.0,0.0,0.0,1.0,Electricity generation,Fuel,Gas,TWh,4.44,-0.04,-0.89
Malaysia,MYS,2022-10-01,Country or economy,Asia,Asia,0.0,0.0,0.0,0.0,1.0,Electricity generation,Fuel,Hydro,TWh,2.73,-0.01,-0.36
Malaysia,MYS,2022-10-01,Country or economy,Asia,Asia,0.0,0.0,0.0,0.0,1.0,Electricity generation,Fuel,Other Fossil,TWh,0.16,0.09,128.57
Malaysia,MYS,2022-10-01,Country or economy,Asia,Asia,0.0,0.0,0.0,0.0,1.0,Electricity generation,Fuel,Solar,TWh,0.16,0.06,60.0
Malaysia,MYS,2022-10-01,Country or economy,Asia,Asia,0.0,0.0,0.0,0.0,1.0,Electricity generation,Total,Total Generation,TWh,14.37,-0.3,-2.04
Malaysia,MYS,2022-10-01,Country or economy,Asia,Asia,0.0,0.0,0.0,0.0,1.0,Electricity imports,Electricity imports,Net Imports,TWh,0.0,0.01,
Malaysia,MYS,2022-10-01,Country or economy,Asia,Asia,0.0,0.0,0.0,0.0,1.0,Power sector emissions,Aggregate fuel,Clean,mtCO2,0.17,0.02,13.33
Malaysia,MYS,2022-10-01,Country or economy,Asia,Asia,0.0,0.0,0.0,0.0,1.0,Power sector emissions,Aggregate fuel,Fossil,mtCO2,8.91,-0.35,-3.78
Malaysia,MYS,2022-10-01,Country or economy,Asia,Asia,0.0,0.0,0.0,0.0,1.0,Power sector emissions,Aggregate fuel,Gas and Other Fossil,mtCO2,3.09,0.03,0.98
Malaysia,MYS,2022-10-01,Country or economy,Asia,Asia,0.0,0.0,0.0,0.0,1.0,Power sector emissions,Aggregate fuel,"Hydro, Bioenergy and Other Renewables",mtCO2,0.16,0.01,6.67
Malaysia,MYS,2022-10-01,Country or economy,Asia,Asia,0.0,0.0,0.0,0.0,1.0,Power sector emissions,Aggregate fuel,Renewables,mtCO2,0.17,0.02,13.33
Malaysia,MYS,2022-10-01,Country or economy,Asia,Asia,0.0,0.0,0.0,0.0,1.0,Power sector emissions,Aggregate fuel,Wind and Solar,mtCO2,0.01,0.01,
Malaysia,MYS,2022-10-01,Country or economy,Asia,Asia,0.0,0.0,0.0,0.0,1.0,Power sector emissions,CO2 intensity,CO2 intensity,gCO2/kWh,631.87,-9.58,-1.49
Malaysia,MYS,2022-10-01,Country or economy,Asia,Asia,0.0,0.0,0.0,0.0,1.0,Power sector emissions,Fuel,Bioenergy,mtCO2,0.09,0.01,12.5
Malaysia,MYS,2022-10-01,Country or economy,Asia,Asia,0.0,0.0,0.0,0.0,1.0,Power sector emissions,Fuel,Coal,mtCO2,5.82,-0.38,-6.13
Malaysia,MYS,2022-10-01,Country or economy,Asia,Asia,0.0,0.0,0.0,0.0,1.0,Power sector emissions,Fuel,Gas,mtCO2,2.98,-0.03,-1.0
Malaysia,MYS,2022-10-01,Country or economy,Asia,Asia,0.0,0.0,0.0,0.0,1.0,Power sector emissions,Fuel,Hydro,mtCO2,0.07,0.0,0.0
Malaysia,MYS,2022-10-01,Country or economy,Asia,Asia,0.0,0.0,0.0,0.0,1.0,Power sector emissions,Fuel,Other Fossil,mtCO2,0.11,0.06,120.0
Malaysia,MYS,2022-10-01,Country or economy,Asia,Asia,0.0,0.0,0.0,0.0,1.0,Power sector emissions,Fuel,Solar,mtCO2,0.01,0.01,
Malaysia,MYS,2022-10-01,Country or economy,Asia,Asia,0.0,0.0,0.0,0.0,1.0,Power sector emissions,Total,Total emissions,mtCO2,9.08,-0.33,-3.51
Malaysia,MYS,2022-11-01,Country or economy,Asia,Asia,0.0,0.0,0.0,0.0,1.0,Electricity demand,Demand,Demand,TWh,13.96,0.17,1.23
Malaysia,MYS,2022-11-01,Country or economy,Asia,Asia,0.0,0.0,0.0,0.0,1.0,Electricity generation,Aggregate fuel,Clean,%,22.41,,
Malaysia,MYS,2022-11-01,Country or economy,Asia,Asia,0.0,0.0,0.0,0.0,1.0,Electricity generation,Aggregate fuel,Fossil,%,77.58,,
Malaysia,MYS,2022-11-01,Country or economy,Asia,Asia,0.0,0.0,0.0,0.0,1.0,Electricity generation,Aggregate fuel,Gas and Other Fossil,%,38.61,,
Malaysia,MYS,2022-11-01,Country or economy,Asia,Asia,0.0,0.0,0.0,0.0,1.0,Electricity generation,Aggregate fuel,"Hydro, Bioenergy and Other Renewables",%,21.34,,
Malaysia,MYS,2022-11-01,Country or economy,Asia,Asia,0.0,0.0,0.0,0.0,1.0,Electricity generation,Aggregate fuel,Renewables,%,22.41,,
Malaysia,MYS,2022-11-01,Country or economy,Asia,Asia,0.0,0.0,0.0,0.0,1.0,Electricity generation,Aggregate fuel,Wind and Solar,%,1.07,,
Malaysia,MYS,2022-11-01,Country or economy,Asia,Asia,0.0,0.0,0.0,0.0,1.0,Electricity generation,Aggregate fuel,Clean,TWh,3.13,0.2,6.83
Malaysia,MYS,2022-11-01,Country or economy,Asia,Asia,0.0,0.0,0.0,0.0,1.0,Electricity generation,Aggregate fuel,Fossil,TWh,10.83,-0.02,-0.18
Malaysia,MYS,2022-11-01,Country or economy,Asia,Asia,0.0,0.0,0.0,0.0,1.0,Electricity generation,Aggregate fuel,Gas and Other Fossil,TWh,5.39,0.28,5.48
Malaysia,MYS,2022-11-01,Country or economy,Asia,Asia,0.0,0.0,0.0,0.0,1.0,Electricity generation,Aggregate fuel,"Hydro, Bioenergy and Other Renewables",TWh,2.98,0.13,4.56
Malaysia,MYS,2022-11-01,Country or economy,Asia,Asia,0.0,0.0,0.0,0.0,1.0,Electricity generation,Aggregate fuel,Renewables,TWh,3.13,0.2,6.83
Malaysia,MYS,2022-11-01,Country or economy,Asia,Asia,0.0,0.0,0.0,0.0,1.0,Electricity generation,Aggregate fuel,Wind and Solar,TWh,0.15,0.07,87.5
Malaysia,MYS,2022-11-01,Country or economy,Asia,Asia,0.0,0.0,0.0,0.0,1.0,Electricity generation,Fuel,Bioenergy,%,2.72,,
Malaysia,MYS,2022-11-01,Country or economy,Asia,Asia,0.0,0.0,0.0,0.0,1.0,Electricity generation,Fuel,Coal,%,38.97,,
Malaysia,MYS,2022-11-01,Country or economy,Asia,Asia,0.0,0.0,0.0,0.0,1.0,Electricity generation,Fuel,Gas,%,38.04,,
Malaysia,MYS,2022-11-01,Country or economy,Asia,Asia,0.0,0.0,0.0,0.0,1.0,Electricity generation,Fuel,Hydro,%,18.62,,
Malaysia,MYS,2022-11-01,Country or economy,Asia,Asia,0.0,0.0,0.0,0.0,1.0,Electricity generation,Fuel,Other Fossil,%,0.57,,
Malaysia,MYS,2022-11-01,Country or economy,Asia,Asia,0.0,0.0,0.0,0.0,1.0,Electricity generation,Fuel,Solar,%,1.07,,
Malaysia,MYS,2022-11-01,Country or economy,Asia,Asia,0.0,0.0,0.0,0.0,1.0,Electricity generation,Fuel,Bioenergy,TWh,0.38,0.06,18.75
Malaysia,MYS,2022-11-01,Country or economy,Asia,Asia,0.0,0.0,0.0,0.0,1.0,Electricity generation,Fuel,Coal,TWh,5.44,-0.3,-5.23
Malaysia,MYS,2022-11-01,Country or economy,Asia,Asia,0.0,0.0,0.0,0.0,1.0,Electricity generation,Fuel,Gas,TWh,5.31,0.33,6.63
Malaysia,MYS,2022-11-01,Country or economy,Asia,Asia,0.0,0.0,0.0,0.0,1.0,Electricity generation,Fuel,Hydro,TWh,2.6,0.07,2.77
Malaysia,MYS,2022-11-01,Country or economy,Asia,Asia,0.0,0.0,0.0,0.0,1.0,Electricity generation,Fuel,Other Fossil,TWh,0.08,-0.05,-38.46
Malaysia,MYS,2022-11-01,Country or economy,Asia,Asia,0.0,0.0,0.0,0.0,1.0,Electricity generation,Fuel,Solar,TWh,0.15,0.07,87.5
Malaysia,MYS,2022-11-01,Country or economy,Asia,Asia,0.0,0.0,0.0,0.0,1.0,Electricity generation,Total,Total Generation,TWh,13.96,0.18,1.31
Malaysia,MYS,2022-11-01,Country or economy,Asia,Asia,0.0,0.0,0.0,0.0,1.0,Electricity imports,Electricity imports,Net Imports,TWh,0.0,-0.01,-100.0
Malaysia,MYS,2022-11-01,Country or economy,Asia,Asia,0.0,0.0,0.0,0.0,1.0,Power sector emissions,Aggregate fuel,Clean,mtCO2,0.16,0.03,23.08
Malaysia,MYS,2022-11-01,Country or economy,Asia,Asia,0.0,0.0,0.0,0.0,1.0,Power sector emissions,Aggregate fuel,Fossil,mtCO2,8.5,-0.08,-0.93
Malaysia,MYS,2022-11-01,Country or economy,Asia,Asia,0.0,0.0,0.0,0.0,1.0,Power sector emissions,Aggregate fuel,Gas and Other Fossil,mtCO2,3.63,0.19,5.52
Malaysia,MYS,2022-11-01,Country or economy,Asia,Asia,0.0,0.0,0.0,0.0,1.0,Power sector emissions,Aggregate fuel,"Hydro, Bioenergy and Other Renewables",mtCO2,0.15,0.02,15.38
Malaysia,MYS,2022-11-01,Country or economy,Asia,Asia,0.0,0.0,0.0,0.0,1.0,Power sector emissions,Aggregate fuel,Renewables,mtCO2,0.16,0.03,23.08
Malaysia,MYS,2022-11-01,Country or economy,Asia,Asia,0.0,0.0,0.0,0.0,1.0,Power sector emissions,Aggregate fuel,Wind and Solar,mtCO2,0.01,0.01,
Malaysia,MYS,2022-11-01,Country or economy,Asia,Asia,0.0,0.0,0.0,0.0,1.0,Power sector emissions,CO2 intensity,CO2 intensity,gCO2/kWh,620.34,-11.74,-1.86
Malaysia,MYS,2022-11-01,Country or economy,Asia,Asia,0.0,0.0,0.0,0.0,1.0,Power sector emissions,Fuel,Bioenergy,mtCO2,0.09,0.02,28.57
Malaysia,MYS,2022-11-01,Country or economy,Asia,Asia,0.0,0.0,0.0,0.0,1.0,Power sector emissions,Fuel,Coal,mtCO2,4.87,-0.27,-5.25
Malaysia,MYS,2022-11-01,Country or economy,Asia,Asia,0.0,0.0,0.0,0.0,1.0,Power sector emissions,Fuel,Gas,mtCO2,3.57,0.22,6.57
Malaysia,MYS,2022-11-01,Country or economy,Asia,Asia,0.0,0.0,0.0,0.0,1.0,Power sector emissions,Fuel,Hydro,mtCO2,0.06,0.0,0.0
Malaysia,MYS,2022-11-01,Country or economy,Asia,Asia,0.0,0.0,0.0,0.0,1.0,Power sector emissions,Fuel,Other Fossil,mtCO2,0.06,-0.03,-33.33
Malaysia,MYS,2022-11-01,Country or economy,Asia,Asia,0.0,0.0,0.0,0.0,1.0,Power sector emissions,Fuel,Solar,mtCO2,0.01,0.01,
Malaysia,MYS,2022-11-01,Country or economy,Asia,Asia,0.0,0.0,0.0,0.0,1.0,Power sector emissions,Total,Total emissions,mtCO2,8.66,-0.05,-0.57
Malaysia,MYS,2022-12-01,Country or economy,Asia,Asia,0.0,0.0,0.0,0.0,1.0,Electricity demand,Demand,Demand,TWh,14.02,-0.25,-1.75
Malaysia,MYS,2022-12-01,Country or economy,Asia,Asia,0.0,0.0,0.0,0.0,1.0,Electricity generation,Aggregate fuel,Clean,%,22.83,,
Malaysia,MYS,2022-12-01,Country or economy,Asia,Asia,0.0,0.0,0.0,0.0,1.0,Electricity generation,Aggregate fuel,Fossil,%,77.17,,
Malaysia,MYS,2022-12-01,Country or economy,Asia,Asia,0.0,0.0,0.0,0.0,1.0,Electricity generation,Aggregate fuel,Gas and Other Fossil,%,36.87,,
Malaysia,MYS,2022-12-01,Country or economy,Asia,Asia,0.0,0.0,0.0,0.0,1.0,Electricity generation,Aggregate fuel,"Hydro, Bioenergy and Other Renewables",%,21.9,,
Malaysia,MYS,2022-12-01,Country or economy,Asia,Asia,0.0,0.0,0.0,0.0,1.0,Electricity generation,Aggregate fuel,Renewables,%,22.83,,
Malaysia,MYS,2022-12-01,Country or economy,Asia,Asia,0.0,0.0,0.0,0.0,1.0,Electricity generation,Aggregate fuel,Wind and Solar,%,0.93,,
Malaysia,MYS,2022-12-01,Country or economy,Asia,Asia,0.0,0.0,0.0,0.0,1.0,Electricity generation,Aggregate fuel,Clean,TWh,3.2,0.18,5.96
Malaysia,MYS,2022-12-01,Country or economy,Asia,Asia,0.0,0.0,0.0,0.0,1.0,Electricity generation,Aggregate fuel,Fossil,TWh,10.82,-0.44,-3.91
Malaysia,MYS,2022-12-01,Country or economy,Asia,Asia,0.0,0.0,0.0,0.0,1.0,Electricity generation,Aggregate fuel,Gas and Other Fossil,TWh,5.17,0.02,0.39
Malaysia,MYS,2022-12-01,Country or economy,Asia,Asia,0.0,0.0,0.0,0.0,1.0,Electricity generation,Aggregate fuel,"Hydro, Bioenergy and Other Renewables",TWh,3.07,0.13,4.42
Malaysia,MYS,2022-12-01,Country or economy,Asia,Asia,0.0,0.0,0.0,0.0,1.0,Electricity generation,Aggregate fuel,Renewables,TWh,3.2,0.18,5.96
Malaysia,MYS,2022-12-01,Country or economy,Asia,Asia,0.0,0.0,0.0,0.0,1.0,Electricity generation,Aggregate fuel,Wind and Solar,TWh,0.13,0.05,62.5
Malaysia,MYS,2022-12-01,Country or economy,Asia,Asia,0.0,0.0,0.0,0.0,1.0,Electricity generation,Fuel,Bioenergy,%,2.71,,
Malaysia,MYS,2022-12-01,Country or economy,Asia,Asia,0.0,0.0,0.0,0.0,1.0,Electricity generation,Fuel,Coal,%,40.3,,
Malaysia,MYS,2022-12-01,Country or economy,Asia,Asia,0.0,0.0,0.0,0.0,1.0,Electricity generation,Fuel,Gas,%,36.16,,
Malaysia,MYS,2022-12-01,Country or economy,Asia,Asia,0.0,0.0,0.0,0.0,1.0,Electricity generation,Fuel,Hydro,%,19.19,,
Malaysia,MYS,2022-12-01,Country or economy,Asia,Asia,0.0,0.0,0.0,0.0,1.0,Electricity generation,Fuel,Other Fossil,%,0.71,,
Malaysia,MYS,2022-12-01,Country or economy,Asia,Asia,0.0,0.0,0.0,0.0,1.0,Electricity generation,Fuel,Solar,%,0.93,,
Malaysia,MYS,2022-12-01,Country or economy,Asia,Asia,0.0,0.0,0.0,0.0,1.0,Electricity generation,Fuel,Bioenergy,TWh,0.38,0.03,8.57
Malaysia,MYS,2022-12-01,Country or economy,Asia,Asia,0.0,0.0,0.0,0.0,1.0,Electricity generation,Fuel,Coal,TWh,5.65,-0.46,-7.53
Malaysia,MYS,2022-12-01,Country or economy,Asia,Asia,0.0,0.0,0.0,0.0,1.0,Electricity generation,Fuel,Gas,TWh,5.07,-0.02,-0.39
Malaysia,MYS,2022-12-01,Country or economy,Asia,Asia,0.0,0.0,0.0,0.0,1.0,Electricity generation,Fuel,Hydro,TWh,2.69,0.1,3.86
Malaysia,MYS,2022-12-01,Country or economy,Asia,Asia,0.0,0.0,0.0,0.0,1.0,Electricity generation,Fuel,Other Fossil,TWh,0.1,0.04,66.67
Malaysia,MYS,2022-12-01,Country or economy,Asia,Asia,0.0,0.0,0.0,0.0,1.0,Electricity generation,Fuel,Solar,TWh,0.13,0.05,62.5
Malaysia,MYS,2022-12-01,Country or economy,Asia,Asia,0.0,0.0,0.0,0.0,1.0,Electricity generation,Total,Total Generation,TWh,14.02,-0.26,-1.82
Malaysia,MYS,2022-12-01,Country or economy,Asia,Asia,0.0,0.0,0.0,0.0,1.0,Electricity imports,Electricity imports,Net Imports,TWh,0.0,0.01,
Malaysia,MYS,2022-12-01,Country or economy,Asia,Asia,0.0,0.0,0.0,0.0,1.0,Power sector emissions,Aggregate fuel,Clean,mtCO2,0.16,0.02,14.29
Malaysia,MYS,2022-12-01,Country or economy,Asia,Asia,0.0,0.0,0.0,0.0,1.0,Power sector emissions,Aggregate fuel,Fossil,mtCO2,8.54,-0.39,-4.37
Malaysia,MYS,2022-12-01,Country or economy,Asia,Asia,0.0,0.0,0.0,0.0,1.0,Power sector emissions,Aggregate fuel,Gas and Other Fossil,mtCO2,3.48,0.02,0.58
Malaysia,MYS,2022-12-01,Country or economy,Asia,Asia,0.0,0.0,0.0,0.0,1.0,Power sector emissions,Aggregate fuel,"Hydro, Bioenergy and Other Renewables",mtCO2,0.15,0.01,7.14
Malaysia,MYS,2022-12-01,Country or economy,Asia,Asia,0.0,0.0,0.0,0.0,1.0,Power sector emissions,Aggregate fuel,Renewables,mtCO2,0.16,0.02,14.29
Malaysia,MYS,2022-12-01,Country or economy,Asia,Asia,0.0,0.0,0.0,0.0,1.0,Power sector emissions,Aggregate fuel,Wind and Solar,mtCO2,0.01,0.01,
Malaysia,MYS,2022-12-01,Country or economy,Asia,Asia,0.0,0.0,0.0,0.0,1.0,Power sector emissions,CO2 intensity,CO2 intensity,gCO2/kWh,620.54,-14.61,-2.3
Malaysia,MYS,2022-12-01,Country or economy,Asia,Asia,0.0,0.0,0.0,0.0,1.0,Power sector emissions,Fuel,Bioenergy,mtCO2,0.09,0.01,12.5
Malaysia,MYS,2022-12-01,Country or economy,Asia,Asia,0.0,0.0,0.0,0.0,1.0,Power sector emissions,Fuel,Coal,mtCO2,5.06,-0.41,-7.5
Malaysia,MYS,2022-12-01,Country or economy,Asia,Asia,0.0,0.0,0.0,0.0,1.0,Power sector emissions,Fuel,Gas,mtCO2,3.41,-0.01,-0.29
Malaysia,MYS,2022-12-01,Country or economy,Asia,Asia,0.0,0.0,0.0,0.0,1.0,Power sector emissions,Fuel,Hydro,mtCO2,0.06,0.0,0.0
Malaysia,MYS,2022-12-01,Country or economy,Asia,Asia,0.0,0.0,0.0,0.0,1.0,Power sector emissions,Fuel,Other Fossil,mtCO2,0.07,0.03,75.0
Malaysia,MYS,2022-12-01,Country or economy,Asia,Asia,0.0,0.0,0.0,0.0,1.0,Power sector emissions,Fuel,Solar,mtCO2,0.01,0.01,
Malaysia,MYS,2022-12-01,Country or economy,Asia,Asia,0.0,0.0,0.0,0.0,1.0,Power sector emissions,Total,Total emissions,mtCO2,8.7,-0.37,-4.08
Malaysia,MYS,2023-01-01,Country or economy,Asia,Asia,0.0,0.0,0.0,0.0,1.0,Electricity demand,Demand,Demand,TWh,13.88,-0.4,-2.8
Malaysia,MYS,2023-01-01,Country or economy,Asia,Asia,0.0,0.0,0.0,0.0,1.0,Electricity generation,Aggregate fuel,Clean,%,21.91,,
Malaysia,MYS,2023-01-01,Country or economy,Asia,Asia,0.0,0.0,0.0,0.0,1.0,Electricity generation,Aggregate fuel,Fossil,%,78.1,,
Malaysia,MYS,2023-01-01,Country or economy,Asia,Asia,0.0,0.0,0.0,0.0,1.0,Electricity generation,Aggregate fuel,Gas and Other Fossil,%,38.69,,
Malaysia,MYS,2023-01-01,Country or economy,Asia,Asia,0.0,0.0,0.0,0.0,1.0,Electricity generation,Aggregate fuel,"Hydro, Bioenergy and Other Renewables",%,20.83,,
Malaysia,MYS,2023-01-01,Country or economy,Asia,Asia,0.0,0.0,0.0,0.0,1.0,Electricity generation,Aggregate fuel,Renewables,%,21.91,,
Malaysia,MYS,2023-01-01,Country or economy,Asia,Asia,0.0,0.0,0.0,0.0,1.0,Electricity generation,Aggregate fuel,Wind and Solar,%,1.08,,
Malaysia,MYS,2023-01-01,Country or economy,Asia,Asia,0.0,0.0,0.0,0.0,1.0,Electricity generation,Aggregate fuel,Clean,TWh,3.04,-0.1,-3.18
Malaysia,MYS,2023-01-01,Country or economy,Asia,Asia,0.0,0.0,0.0,0.0,1.0,Electricity generation,Aggregate fuel,Fossil,TWh,10.84,-0.29,-2.61
Malaysia,MYS,2023-01-01,Country or economy,Asia,Asia,0.0,0.0,0.0,0.0,1.0,Electricity generation,Aggregate fuel,Gas and Other Fossil,TWh,5.37,-0.22,-3.94
Malaysia,MYS,2023-01-01,Country or economy,Asia,Asia,0.0,0.0,0.0,0.0,1.0,Electricity generation,Aggregate fuel,"Hydro, Bioenergy and Other Renewables",TWh,2.89,-0.15,-4.93
Malaysia,MYS,2023-01-01,Country or economy,Asia,Asia,0.0,0.0,0.0,0.0,1.0,Electricity generation,Aggregate fuel,Renewables,TWh,3.04,-0.1,-3.18
Malaysia,MYS,2023-01-01,Country or economy,Asia,Asia,0.0,0.0,0.0,0.0,1.0,Electricity generation,Aggregate fuel,Wind and Solar,TWh,0.15,0.05,50.0
Malaysia,MYS,2023-01-01,Country or economy,Asia,Asia,0.0,0.0,0.0,0.0,1.0,Electricity generation,Fuel,Bioenergy,%,2.67,,
Malaysia,MYS,2023-01-01,Country or economy,Asia,Asia,0.0,0.0,0.0,0.0,1.0,Electricity generation,Fuel,Coal,%,39.41,,
Malaysia,MYS,2023-01-01,Country or economy,Asia,Asia,0.0,0.0,0.0,0.0,1.0,Electricity generation,Fuel,Gas,%,38.11,,
Malaysia,MYS,2023-01-01,Country or economy,Asia,Asia,0.0,0.0,0.0,0.0,1.0,Electricity generation,Fuel,Hydro,%,18.16,,
Malaysia,MYS,2023-01-01,Country or economy,Asia,Asia,0.0,0.0,0.0,0.0,1.0,Electricity generation,Fuel,Other Fossil,%,0.58,,
Malaysia,MYS,2023-01-01,Country or economy,Asia,Asia,0.0,0.0,0.0,0.0,1.0,Electricity generation,Fuel,Solar,%,1.08,,
Malaysia,MYS,2023-01-01,Country or economy,Asia,Asia,0.0,0.0,0.0,0.0,1.0,Electricity generation,Fuel,Bioenergy,TWh,0.37,-0.01,-2.63
Malaysia,MYS,2023-01-01,Country or economy,Asia,Asia,0.0,0.0,0.0,0.0,1.0,Electricity generation,Fuel,Coal,TWh,5.47,-0.07,-1.26
Malaysia,MYS,2023-01-01,Country or economy,Asia,Asia,0.0,0.0,0.0,0.0,1.0,Electricity generation,Fuel,Gas,TWh,5.29,-0.03,-0.56
Malaysia,MYS,2023-01-01,Country or economy,Asia,Asia,0.0,0.0,0.0,0.0,1.0,Electricity generation,Fuel,Hydro,TWh,2.52,-0.14,-5.26
Malaysia,MYS,2023-01-01,Country or economy,Asia,Asia,0.0,0.0,0.0,0.0,1.0,Electricity generation,Fuel,Other Fossil,TWh,0.08,-0.19,-70.37
Malaysia,MYS,2023-01-01,Country or economy,Asia,Asia,0.0,0.0,0.0,0.0,1.0,Electricity generation,Fuel,Solar,TWh,0.15,0.05,50.0
Malaysia,MYS,2023-01-01,Country or economy,Asia,Asia,0.0,0.0,0.0,0.0,1.0,Electricity generation,Total,Total Generation,TWh,13.88,-0.39,-2.73
Malaysia,MYS,2023-01-01,Country or economy,Asia,Asia,0.0,0.0,0.0,0.0,1.0,Electricity imports,Electricity imports,Net Imports,TWh,0.0,-0.01,-100.0
Malaysia,MYS,2023-01-01,Country or economy,Asia,Asia,0.0,0.0,0.0,0.0,1.0,Power sector emissions,Aggregate fuel,Clean,mtCO2,0.16,0.01,6.67
Malaysia,MYS,2023-01-01,Country or economy,Asia,Asia,0.0,0.0,0.0,0.0,1.0,Power sector emissions,Aggregate fuel,Fossil,mtCO2,8.52,-0.21,-2.41
Malaysia,MYS,2023-01-01,Country or economy,Asia,Asia,0.0,0.0,0.0,0.0,1.0,Power sector emissions,Aggregate fuel,Gas and Other Fossil,mtCO2,3.62,-0.15,-3.98
Malaysia,MYS,2023-01-01,Country or economy,Asia,Asia,0.0,0.0,0.0,0.0,1.0,Power sector emissions,Aggregate fuel,"Hydro, Bioenergy and Other Renewables",mtCO2,0.15,0.0,0.0
Malaysia,MYS,2023-01-01,Country or economy,Asia,Asia,0.0,0.0,0.0,0.0,1.0,Power sector emissions,Aggregate fuel,Renewables,mtCO2,0.16,0.01,6.67
Malaysia,MYS,2023-01-01,Country or economy,Asia,Asia,0.0,0.0,0.0,0.0,1.0,Power sector emissions,Aggregate fuel,Wind and Solar,mtCO2,0.01,0.01,
Malaysia,MYS,2023-01-01,Country or economy,Asia,Asia,0.0,0.0,0.0,0.0,1.0,Power sector emissions,CO2 intensity,CO2 intensity,gCO2/kWh,625.36,3.07,0.49
Malaysia,MYS,2023-01-01,Country or economy,Asia,Asia,0.0,0.0,0.0,0.0,1.0,Power sector emissions,Fuel,Bioenergy,mtCO2,0.09,0.0,0.0
Malaysia,MYS,2023-01-01,Country or economy,Asia,Asia,0.0,0.0,0.0,0.0,1.0,Power sector emissions,Fuel,Coal,mtCO2,4.9,-0.06,-1.21
Malaysia,MYS,2023-01-01,Country or economy,Asia,Asia,0.0,0.0,0.0,0.0,1.0,Power sector emissions,Fuel,Gas,mtCO2,3.56,-0.02,-0.56
Malaysia,MYS,2023-01-01,Country or economy,Asia,Asia,0.0,0.0,0.0,0.0,1.0,Power sector emissions,Fuel,Hydro,mtCO2,0.06,0.0,0.0
Malaysia,MYS,2023-01-01,Country or economy,Asia,Asia,0.0,0.0,0.0,0.0,1.0,Power sector emissions,Fuel,Other Fossil,mtCO2,0.06,-0.13,-68.42
Malaysia,MYS,2023-01-01,Country or economy,Asia,Asia,0.0,0.0,0.0,0.0,1.0,Power sector emissions,Fuel,Solar,mtCO2,0.01,0.01,
Malaysia,MYS,2023-01-01,Country or economy,Asia,Asia,0.0,0.0,0.0,0.0,1.0,Power sector emissions,Total,Total emissions,mtCO2,8.68,-0.2,-2.25
Malaysia,MYS,2023-02-01,Country or economy,Asia,Asia,0.0,0.0,0.0,0.0,1.0,Electricity demand,Demand,Demand,TWh,12.95,-0.16,-1.22
Malaysia,MYS,2023-02-01,Country or economy,Asia,Asia,0.0,0.0,0.0,0.0,1.0,Electricity generation,Aggregate fuel,Clean,%,22.09,,
Malaysia,MYS,2023-02-01,Country or economy,Asia,Asia,0.0,0.0,0.0,0.0,1.0,Electricity generation,Aggregate fuel,Fossil,%,77.91,,
Malaysia,MYS,2023-02-01,Country or economy,Asia,Asia,0.0,0.0,0.0,0.0,1.0,Electricity generation,Aggregate fuel,Gas and Other Fossil,%,36.37,,
Malaysia,MYS,2023-02-01,Country or economy,Asia,Asia,0.0,0.0,0.0,0.0,1.0,Electricity generation,Aggregate fuel,"Hydro, Bioenergy and Other Renewables",%,20.85,,
Malaysia,MYS,2023-02-01,Country or economy,Asia,Asia,0.0,0.0,0.0,0.0,1.0,Electricity generation,Aggregate fuel,Renewables,%,22.09,,
Malaysia,MYS,2023-02-01,Country or economy,Asia,Asia,0.0,0.0,0.0,0.0,1.0,Electricity generation,Aggregate fuel,Wind and Solar,%,1.24,,
Malaysia,MYS,2023-02-01,Country or economy,Asia,Asia,0.0,0.0,0.0,0.0,1.0,Electricity generation,Aggregate fuel,Clean,TWh,2.86,-0.08,-2.72
Malaysia,MYS,2023-02-01,Country or economy,Asia,Asia,0.0,0.0,0.0,0.0,1.0,Electricity generation,Aggregate fuel,Fossil,TWh,10.09,-0.08,-0.79
Malaysia,MYS,2023-02-01,Country or economy,Asia,Asia,0.0,0.0,0.0,0.0,1.0,Electricity generation,Aggregate fuel,Gas and Other Fossil,TWh,4.71,-0.32,-6.36
Malaysia,MYS,2023-02-01,Country or economy,Asia,Asia,0.0,0.0,0.0,0.0,1.0,Electricity generation,Aggregate fuel,"Hydro, Bioenergy and Other Renewables",TWh,2.7,-0.14,-4.93
Malaysia,MYS,2023-02-01,Country or economy,Asia,Asia,0.0,0.0,0.0,0.0,1.0,Electricity generation,Aggregate fuel,Renewables,TWh,2.86,-0.08,-2.72
Malaysia,MYS,2023-02-01,Country or economy,Asia,Asia,0.0,0.0,0.0,0.0,1.0,Electricity generation,Aggregate fuel,Wind and Solar,TWh,0.16,0.06,60.0
Malaysia,MYS,2023-02-01,Country or economy,Asia,Asia,0.0,0.0,0.0,0.0,1.0,Electricity generation,Fuel,Bioenergy,%,2.63,,
Malaysia,MYS,2023-02-01,Country or economy,Asia,Asia,0.0,0.0,0.0,0.0,1.0,Electricity generation,Fuel,Coal,%,41.54,,
Malaysia,MYS,2023-02-01,Country or economy,Asia,Asia,0.0,0.0,0.0,0.0,1.0,Electricity generation,Fuel,Gas,%,35.75,,
Malaysia,MYS,2023-02-01,Country or economy,Asia,Asia,0.0,0.0,0.0,0.0,1.0,Electricity generation,Fuel,Hydro,%,18.22,,
Malaysia,MYS,2023-02-01,Country or economy,Asia,Asia,0.0,0.0,0.0,0.0,1.0,Electricity generation,Fuel,Other Fossil,%,0.62,,
Malaysia,MYS,2023-02-01,Country or economy,Asia,Asia,0.0,0.0,0.0,0.0,1.0,Electricity generation,Fuel,Solar,%,1.24,,
Malaysia,MYS,2023-02-01,Country or economy,Asia,Asia,0.0,0.0,0.0,0.0,1.0,Electricity generation,Fuel,Bioenergy,TWh,0.34,-0.04,-10.53
Malaysia,MYS,2023-02-01,Country or economy,Asia,Asia,0.0,0.0,0.0,0.0,1.0,Electricity generation,Fuel,Coal,TWh,5.38,0.24,4.67
Malaysia,MYS,2023-02-01,Country or economy,Asia,Asia,0.0,0.0,0.0,0.0,1.0,Electricity generation,Fuel,Gas,TWh,4.63,-0.3,-6.09
Malaysia,MYS,2023-02-01,Country or economy,Asia,Asia,0.0,0.0,0.0,0.0,1.0,Electricity generation,Fuel,Hydro,TWh,2.36,-0.1,-4.07
Malaysia,MYS,2023-02-01,Country or economy,Asia,Asia,0.0,0.0,0.0,0.0,1.0,Electricity generation,Fuel,Other Fossil,TWh,0.08,-0.02,-20.0
Malaysia,MYS,2023-02-01,Country or economy,Asia,Asia,0.0,0.0,0.0,0.0,1.0,Electricity generation,Fuel,Solar,TWh,0.16,0.06,60.0
Malaysia,MYS,2023-02-01,Country or economy,Asia,Asia,0.0,0.0,0.0,0.0,1.0,Electricity generation,Total,Total Generation,TWh,12.95,-0.16,-1.22
Malaysia,MYS,2023-02-01,Country or economy,Asia,Asia,0.0,0.0,0.0,0.0,1.0,Electricity imports,Electricity imports,Net Imports,TWh,0.0,0.0,
Malaysia,MYS,2023-02-01,Country or economy,Asia,Asia,0.0,0.0,0.0,0.0,1.0,Power sector emissions,Aggregate fuel,Clean,mtCO2,0.15,0.0,0.0
Malaysia,MYS,2023-02-01,Country or economy,Asia,Asia,0.0,0.0,0.0,0.0,1.0,Power sector emissions,Aggregate fuel,Fossil,mtCO2,7.98,0.0,0.0
Malaysia,MYS,2023-02-01,Country or economy,Asia,Asia,0.0,0.0,0.0,0.0,1.0,Power sector emissions,Aggregate fuel,Gas and Other Fossil,mtCO2,3.17,-0.21,-6.21
Malaysia,MYS,2023-02-01,Country or economy,Asia,Asia,0.0,0.0,0.0,0.0,1.0,Power sector emissions,Aggregate fuel,"Hydro, Bioenergy and Other Renewables",mtCO2,0.14,-0.01,-6.67
Malaysia,MYS,2023-02-01,Country or economy,Asia,Asia,0.0,0.0,0.0,0.0,1.0,Power sector emissions,Aggregate fuel,Renewables,mtCO2,0.15,0.0,0.0
Malaysia,MYS,2023-02-01,Country or economy,Asia,Asia,0.0,0.0,0.0,0.0,1.0,Power sector emissions,Aggregate fuel,Wind and Solar,mtCO2,0.01,0.01,
Malaysia,MYS,2023-02-01,Country or economy,Asia,Asia,0.0,0.0,0.0,0.0,1.0,Power sector emissions,CO2 intensity,CO2 intensity,gCO2/kWh,627.8,7.66,1.24
Malaysia,MYS,2023-02-01,Country or economy,Asia,Asia,0.0,0.0,0.0,0.0,1.0,Power sector emissions,Fuel,Bioenergy,mtCO2,0.08,-0.01,-11.11
Malaysia,MYS,2023-02-01,Country or economy,Asia,Asia,0.0,0.0,0.0,0.0,1.0,Power sector emissions,Fuel,Coal,mtCO2,4.81,0.21,4.57
Malaysia,MYS,2023-02-01,Country or economy,Asia,Asia,0.0,0.0,0.0,0.0,1.0,Power sector emissions,Fuel,Gas,mtCO2,3.11,-0.2,-6.04
Malaysia,MYS,2023-02-01,Country or economy,Asia,Asia,0.0,0.0,0.0,0.0,1.0,Power sector emissions,Fuel,Hydro,mtCO2,0.06,0.0,0.0
Malaysia,MYS,2023-02-01,Country or economy,Asia,Asia,0.0,0.0,0.0,0.0,1.0,Power sector emissions,Fuel,Other Fossil,mtCO2,0.06,-0.01,-14.29
Malaysia,MYS,2023-02-01,Country or economy,Asia,Asia,0.0,0.0,0.0,0.0,1.0,Power sector emissions,Fuel,Solar,mtCO2,0.01,0.01,
Malaysia,MYS,2023-02-01,Country or economy,Asia,Asia,0.0,0.0,0.0,0.0,1.0,Power sector emissions,Total,Total emissions,mtCO2,8.13,0.0,0.0
Malaysia,MYS,2023-03-01,Country or economy,Asia,Asia,0.0,0.0,0.0,0.0,1.0,Electricity demand,Demand,Demand,TWh,14.71,-0.06,-0.41
Malaysia,MYS,2023-03-01,Country or economy,Asia,Asia,0.0,0.0,0.0,0.0,1.0,Electricity generation,Aggregate fuel,Clean,%,20.32,,
Malaysia,MYS,2023-03-01,Country or economy,Asia,Asia,0.0,0.0,0.0,0.0,1.0,Electricity generation,Aggregate fuel,Fossil,%,79.68,,
Malaysia,MYS,2023-03-01,Country or economy,Asia,Asia,0.0,0.0,0.0,0.0,1.0,Electricity generation,Aggregate fuel,Gas and Other Fossil,%,38.55,,
Malaysia,MYS,2023-03-01,Country or economy,Asia,Asia,0.0,0.0,0.0,0.0,1.0,Electricity generation,Aggregate fuel,"Hydro, Bioenergy and Other Renewables",%,18.96,,
Malaysia,MYS,2023-03-01,Country or economy,Asia,Asia,0.0,0.0,0.0,0.0,1.0,Electricity generation,Aggregate fuel,Renewables,%,20.32,,
Malaysia,MYS,2023-03-01,Country or economy,Asia,Asia,0.0,0.0,0.0,0.0,1.0,Electricity generation,Aggregate fuel,Wind and Solar,%,1.36,,
Malaysia,MYS,2023-03-01,Country or economy,Asia,Asia,0.0,0.0,0.0,0.0,1.0,Electricity generation,Aggregate fuel,Clean,TWh,2.99,0.01,0.34
Malaysia,MYS,2023-03-01,Country or economy,Asia,Asia,0.0,0.0,0.0,0.0,1.0,Electricity generation,Aggregate fuel,Fossil,TWh,11.72,-0.08,-0.68
Malaysia,MYS,2023-03-01,Country or economy,Asia,Asia,0.0,0.0,0.0,0.0,1.0,Electricity generation,Aggregate fuel,Gas and Other Fossil,TWh,5.67,0.3,5.59
Malaysia,MYS,2023-03-01,Country or economy,Asia,Asia,0.0,0.0,0.0,0.0,1.0,Electricity generation,Aggregate fuel,"Hydro, Bioenergy and Other Renewables",TWh,2.79,-0.06,-2.11
Malaysia,MYS,2023-03-01,Country or economy,Asia,Asia,0.0,0.0,0.0,0.0,1.0,Electricity generation,Aggregate fuel,Renewables,TWh,2.99,0.01,0.34
Malaysia,MYS,2023-03-01,Country or economy,Asia,Asia,0.0,0.0,0.0,0.0,1.0,Electricity generation,Aggregate fuel,Wind and Solar,TWh,0.2,0.07,53.85
Malaysia,MYS,2023-03-01,Country or economy,Asia,Asia,0.0,0.0,0.0,0.0,1.0,Electricity generation,Fuel,Bioenergy,%,2.58,,
Malaysia,MYS,2023-03-01,Country or economy,Asia,Asia,0.0,0.0,0.0,0.0,1.0,Electricity generation,Fuel,Coal,%,41.13,,
Malaysia,MYS,2023-03-01,Country or economy,Asia,Asia,0.0,0.0,0.0,0.0,1.0,Electricity generation,Fuel,Gas,%,38.07,,
Malaysia,MYS,2023-03-01,Country or economy,Asia,Asia,0.0,0.0,0.0,0.0,1.0,Electricity generation,Fuel,Hydro,%,16.38,,
Malaysia,MYS,2023-03-01,Country or economy,Asia,Asia,0.0,0.0,0.0,0.0,1.0,Electricity generation,Fuel,Other Fossil,%,0.48,,
Malaysia,MYS,2023-03-01,Country or economy,Asia,Asia,0.0,0.0,0.0,0.0,1.0,Electricity generation,Fuel,Solar,%,1.36,,
Malaysia,MYS,2023-03-01,Country or economy,Asia,Asia,0.0,0.0,0.0,0.0,1.0,Electricity generation,Fuel,Bioenergy,TWh,0.38,0.0,0.0
Malaysia,MYS,2023-03-01,Country or economy,Asia,Asia,0.0,0.0,0.0,0.0,1.0,Electricity generation,Fuel,Coal,TWh,6.05,-0.38,-5.91
Malaysia,MYS,2023-03-01,Country or economy,Asia,Asia,0.0,0.0,0.0,0.0,1.0,Electricity generation,Fuel,Gas,TWh,5.6,0.54,10.67
Malaysia,MYS,2023-03-01,Country or economy,Asia,Asia,0.0,0.0,0.0,0.0,1.0,Electricity generation,Fuel,Hydro,TWh,2.41,-0.06,-2.43
Malaysia,MYS,2023-03-01,Country or economy,Asia,Asia,0.0,0.0,0.0,0.0,1.0,Electricity generation,Fuel,Other Fossil,TWh,0.07,-0.24,-77.42
Malaysia,MYS,2023-03-01,Country or economy,Asia,Asia,0.0,0.0,0.0,0.0,1.0,Electricity generation,Fuel,Solar,TWh,0.2,0.07,53.85
Malaysia,MYS,2023-03-01,Country or economy,Asia,Asia,0.0,0.0,0.0,0.0,1.0,Electricity generation,Total,Total Generation,TWh,14.71,-0.07,-0.47
Malaysia,MYS,2023-03-01,Country or economy,Asia,Asia,0.0,0.0,0.0,0.0,1.0,Electricity imports,Electricity imports,Net Imports,TWh,0.0,0.01,
Malaysia,MYS,2023-03-01,Country or economy,Asia,Asia,0.0,0.0,0.0,0.0,1.0,Power sector emissions,Aggregate fuel,Clean,mtCO2,0.16,0.0,0.0
Malaysia,MYS,2023-03-01,Country or economy,Asia,Asia,0.0,0.0,0.0,0.0,1.0,Power sector emissions,Aggregate fuel,Fossil,mtCO2,9.22,-0.15,-1.6
Malaysia,MYS,2023-03-01,Country or economy,Asia,Asia,0.0,0.0,0.0,0.0,1.0,Power sector emissions,Aggregate fuel,Gas and Other Fossil,mtCO2,3.81,0.19,5.25
Malaysia,MYS,2023-03-01,Country or economy,Asia,Asia,0.0,0.0,0.0,0.0,1.0,Power sector emissions,Aggregate fuel,"Hydro, Bioenergy and Other Renewables",mtCO2,0.15,0.0,0.0
Malaysia,MYS,2023-03-01,Country or economy,Asia,Asia,0.0,0.0,0.0,0.0,1.0,Power sector emissions,Aggregate fuel,Renewables,mtCO2,0.16,0.0,0.0
Malaysia,MYS,2023-03-01,Country or economy,Asia,Asia,0.0,0.0,0.0,0.0,1.0,Power sector emissions,Aggregate fuel,Wind and Solar,mtCO2,0.01,0.0,0.0
Malaysia,MYS,2023-03-01,Country or economy,Asia,Asia,0.0,0.0,0.0,0.0,1.0,Power sector emissions,CO2 intensity,CO2 intensity,gCO2/kWh,637.66,-7.13,-1.11
Malaysia,MYS,2023-03-01,Country or economy,Asia,Asia,0.0,0.0,0.0,0.0,1.0,Power sector emissions,Fuel,Bioenergy,mtCO2,0.09,0.0,0.0
Malaysia,MYS,2023-03-01,Country or economy,Asia,Asia,0.0,0.0,0.0,0.0,1.0,Power sector emissions,Fuel,Coal,mtCO2,5.41,-0.34,-5.91
Malaysia,MYS,2023-03-01,Country or economy,Asia,Asia,0.0,0.0,0.0,0.0,1.0,Power sector emissions,Fuel,Gas,mtCO2,3.76,0.36,10.59
Malaysia,MYS,2023-03-01,Country or economy,Asia,Asia,0.0,0.0,0.0,0.0,1.0,Power sector emissions,Fuel,Hydro,mtCO2,0.06,0.0,0.0
Malaysia,MYS,2023-03-01,Country or economy,Asia,Asia,0.0,0.0,0.0,0.0,1.0,Power sector emissions,Fuel,Other Fossil,mtCO2,0.05,-0.17,-77.27
Malaysia,MYS,2023-03-01,Country or economy,Asia,Asia,0.0,0.0,0.0,0.0,1.0,Power sector emissions,Fuel,Solar,mtCO2,0.01,0.0,0.0
Malaysia,MYS,2023-03-01,Country or economy,Asia,Asia,0.0,0.0,0.0,0.0,1.0,Power sector emissions,Total,Total emissions,mtCO2,9.38,-0.15,-1.57
Malaysia,MYS,2023-04-01,Country or economy,Asia,Asia,0.0,0.0,0.0,0.0,1.0,Electricity demand,Demand,Demand,TWh,14.21,-0.26,-1.8
Malaysia,MYS,2023-04-01,Country or economy,Asia,Asia,0.0,0.0,0.0,0.0,1.0,Electricity generation,Aggregate fuel,Clean,%,20.26,,
Malaysia,MYS,2023-04-01,Country or economy,Asia,Asia,0.0,0.0,0.0,0.0,1.0,Electricity generation,Aggregate fuel,Fossil,%,79.75,,
Malaysia,MYS,2023-04-01,Country or economy,Asia,Asia,0.0,0.0,0.0,0.0,1.0,Electricity generation,Aggregate fuel,Gas and Other Fossil,%,34.81,,
Malaysia,MYS,2023-04-01,Country or economy,Asia,Asia,0.0,0.0,0.0,0.0,1.0,Electricity generation,Aggregate fuel,"Hydro, Bioenergy and Other Renewables",%,18.92,,
Malaysia,MYS,2023-04-01,Country or economy,Asia,Asia,0.0,0.0,0.0,0.0,1.0,Electricity generation,Aggregate fuel,Renewables,%,20.26,,
Malaysia,MYS,2023-04-01,Country or economy,Asia,Asia,0.0,0.0,0.0,0.0,1.0,Electricity generation,Aggregate fuel,Wind and Solar,%,1.34,,
Malaysia,MYS,2023-04-01,Country or economy,Asia,Asia,0.0,0.0,0.0,0.0,1.0,Electricity generation,Aggregate fuel,Clean,TWh,2.88,-0.04,-1.37
Malaysia,MYS,2023-04-01,Country or economy,Asia,Asia,0.0,0.0,0.0,0.0,1.0,Electricity generation,Aggregate fuel,Fossil,TWh,11.34,-0.21,-1.82
Malaysia,MYS,2023-04-01,Country or economy,Asia,Asia,0.0,0.0,0.0,0.0,1.0,Electricity generation,Aggregate fuel,Gas and Other Fossil,TWh,4.95,-0.11,-2.17
Malaysia,MYS,2023-04-01,Country or economy,Asia,Asia,0.0,0.0,0.0,0.0,1.0,Electricity generation,Aggregate fuel,"Hydro, Bioenergy and Other Renewables",TWh,2.69,-0.11,-3.93
Malaysia,MYS,2023-04-01,Country or economy,Asia,Asia,0.0,0.0,0.0,0.0,1.0,Electricity generation,Aggregate fuel,Renewables,TWh,2.88,-0.04,-1.37
Malaysia,MYS,2023-04-01,Country or economy,Asia,Asia,0.0,0.0,0.0,0.0,1.0,Electricity generation,Aggregate fuel,Wind and Solar,TWh,0.19,0.07,58.33
Malaysia,MYS,2023-04-01,Country or economy,Asia,Asia,0.0,0.0,0.0,0.0,1.0,Electricity generation,Fuel,Bioenergy,%,2.6,,
Malaysia,MYS,2023-04-01,Country or economy,Asia,Asia,0.0,0.0,0.0,0.0,1.0,Electricity generation,Fuel,Coal,%,44.94,,
Malaysia,MYS,2023-04-01,Country or economy,Asia,Asia,0.0,0.0,0.0,0.0,1.0,Electricity generation,Fuel,Gas,%,34.32,,
Malaysia,MYS,2023-04-01,Country or economy,Asia,Asia,0.0,0.0,0.0,0.0,1.0,Electricity generation,Fuel,Hydro,%,16.32,,
Malaysia,MYS,2023-04-01,Country or economy,Asia,Asia,0.0,0.0,0.0,0.0,1.0,Electricity generation,Fuel,Other Fossil,%,0.49,,
Malaysia,MYS,2023-04-01,Country or economy,Asia,Asia,0.0,0.0,0.0,0.0,1.0,Electricity generation,Fuel,Solar,%,1.34,,
Malaysia,MYS,2023-04-01,Country or economy,Asia,Asia,0.0,0.0,0.0,0.0,1.0,Electricity generation,Fuel,Bioenergy,TWh,0.37,-0.01,-2.63
Malaysia,MYS,2023-04-01,Country or economy,Asia,Asia,0.0,0.0,0.0,0.0,1.0,Electricity generation,Fuel,Coal,TWh,6.39,-0.1,-1.54
Malaysia,MYS,2023-04-01,Country or economy,Asia,Asia,0.0,0.0,0.0,0.0,1.0,Electricity generation,Fuel,Gas,TWh,4.88,-0.07,-1.41
Malaysia,MYS,2023-04-01,Country or economy,Asia,Asia,0.0,0.0,0.0,0.0,1.0,Electricity generation,Fuel,Hydro,TWh,2.32,-0.1,-4.13
Malaysia,MYS,2023-04-01,Country or economy,Asia,Asia,0.0,0.0,0.0,0.0,1.0,Electricity generation,Fuel,Other Fossil,TWh,0.07,-0.04,-36.36
Malaysia,MYS,2023-04-01,Country or economy,Asia,Asia,0.0,0.0,0.0,0.0,1.0,Electricity generation,Fuel,Solar,TWh,0.19,0.07,58.33
Malaysia,MYS,2023-04-01,Country or economy,Asia,Asia,0.0,0.0,0.0,0.0,1.0,Electricity generation,Total,Total Generation,TWh,14.22,-0.25,-1.73
Malaysia,MYS,2023-04-01,Country or economy,Asia,Asia,0.0,0.0,0.0,0.0,1.0,Electricity imports,Electricity imports,Net Imports,TWh,-0.01,-0.01,
Malaysia,MYS,2023-04-01,Country or economy,Asia,Asia,0.0,0.0,0.0,0.0,1.0,Power sector emissions,Aggregate fuel,Clean,mtCO2,0.16,0.0,0.0
Malaysia,MYS,2023-04-01,Country or economy,Asia,Asia,0.0,0.0,0.0,0.0,1.0,Power sector emissions,Aggregate fuel,Fossil,mtCO2,9.05,-0.17,-1.84
Malaysia,MYS,2023-04-01,Country or economy,Asia,Asia,0.0,0.0,0.0,0.0,1.0,Power sector emissions,Aggregate fuel,Gas and Other Fossil,mtCO2,3.33,-0.08,-2.35
Malaysia,MYS,2023-04-01,Country or economy,Asia,Asia,0.0,0.0,0.0,0.0,1.0,Power sector emissions,Aggregate fuel,"Hydro, Bioenergy and Other Renewables",mtCO2,0.15,0.0,0.0
Malaysia,MYS,2023-04-01,Country or economy,Asia,Asia,0.0,0.0,0.0,0.0,1.0,Power sector emissions,Aggregate fuel,Renewables,mtCO2,0.16,0.0,0.0
Malaysia,MYS,2023-04-01,Country or economy,Asia,Asia,0.0,0.0,0.0,0.0,1.0,Power sector emissions,Aggregate fuel,Wind and Solar,mtCO2,0.01,0.0,0.0
Malaysia,MYS,2023-04-01,Country or economy,Asia,Asia,0.0,0.0,0.0,0.0,1.0,Power sector emissions,CO2 intensity,CO2 intensity,gCO2/kWh,647.68,-0.56,-0.09
Malaysia,MYS,2023-04-01,Country or economy,Asia,Asia,0.0,0.0,0.0,0.0,1.0,Power sector emissions,Fuel,Bioenergy,mtCO2,0.09,0.0,0.0
Malaysia,MYS,2023-04-01,Country or economy,Asia,Asia,0.0,0.0,0.0,0.0,1.0,Power sector emissions,Fuel,Coal,mtCO2,5.72,-0.09,-1.55
Malaysia,MYS,2023-04-01,Country or economy,Asia,Asia,0.0,0.0,0.0,0.0,1.0,Power sector emissions,Fuel,Gas,mtCO2,3.28,-0.05,-1.5
Malaysia,MYS,2023-04-01,Country or economy,Asia,Asia,0.0,0.0,0.0,0.0,1.0,Power sector emissions,Fuel,Hydro,mtCO2,0.06,0.0,0.0
Malaysia,MYS,2023-04-01,Country or economy,Asia,Asia,0.0,0.0,0.0,0.0,1.0,Power sector emissions,Fuel,Other Fossil,mtCO2,0.05,-0.03,-37.5
Malaysia,MYS,2023-04-01,Country or economy,Asia,Asia,0.0,0.0,0.0,0.0,1.0,Power sector emissions,Fuel,Solar,mtCO2,0.01,0.0,0.0
Malaysia,MYS,2023-04-01,Country or economy,Asia,Asia,0.0,0.0,0.0,0.0,1.0,Power sector emissions,Total,Total emissions,mtCO2,9.21,-0.17,-1.81
Malaysia,MYS,2023-05-01,Country or economy,Asia,Asia,0.0,0.0,0.0,0.0,1.0,Electricity demand,Demand,Demand,TWh,15.56,0.84,5.71
Malaysia,MYS,2023-05-01,Country or economy,Asia,Asia,0.0,0.0,0.0,0.0,1.0,Electricity generation,Aggregate fuel,Clean,%,20.39,,
Malaysia,MYS,2023-05-01,Country or economy,Asia,Asia,0.0,0.0,0.0,0.0,1.0,Electricity generation,Aggregate fuel,Fossil,%,79.62,,
Malaysia,MYS,2023-05-01,Country or economy,Asia,Asia,0.0,0.0,0.0,0.0,1.0,Electricity generation,Aggregate fuel,Gas and Other Fossil,%,32.35,,
Malaysia,MYS,2023-05-01,Country or economy,Asia,Asia,0.0,0.0,0.0,0.0,1.0,Electricity generation,Aggregate fuel,"Hydro, Bioenergy and Other Renewables",%,19.17,,
Malaysia,MYS,2023-05-01,Country or economy,Asia,Asia,0.0,0.0,0.0,0.0,1.0,Electricity generation,Aggregate fuel,Renewables,%,20.39,,
Malaysia,MYS,2023-05-01,Country or economy,Asia,Asia,0.0,0.0,0.0,0.0,1.0,Electricity generation,Aggregate fuel,Wind and Solar,%,1.22,,
Malaysia,MYS,2023-05-01,Country or economy,Asia,Asia,0.0,0.0,0.0,0.0,1.0,Electricity generation,Aggregate fuel,Clean,TWh,3.17,0.25,8.56
Malaysia,MYS,2023-05-01,Country or economy,Asia,Asia,0.0,0.0,0.0,0.0,1.0,Electricity generation,Aggregate fuel,Fossil,TWh,12.38,0.59,5.0
Malaysia,MYS,2023-05-01,Country or economy,Asia,Asia,0.0,0.0,0.0,0.0,1.0,Electricity generation,Aggregate fuel,Gas and Other Fossil,TWh,5.03,-0.32,-5.98
Malaysia,MYS,2023-05-01,Country or economy,Asia,Asia,0.0,0.0,0.0,0.0,1.0,Electricity generation,Aggregate fuel,"Hydro, Bioenergy and Other Renewables",TWh,2.98,0.19,6.81
Malaysia,MYS,2023-05-01,Country or economy,Asia,Asia,0.0,0.0,0.0,0.0,1.0,Electricity generation,Aggregate fuel,Renewables,TWh,3.17,0.25,8.56
Malaysia,MYS,2023-05-01,Country or economy,Asia,Asia,0.0,0.0,0.0,0.0,1.0,Electricity generation,Aggregate fuel,Wind and Solar,TWh,0.19,0.06,46.15
Malaysia,MYS,2023-05-01,Country or economy,Asia,Asia,0.0,0.0,0.0,0.0,1.0,Electricity generation,Fuel,Bioenergy,%,2.51,,
Malaysia,MYS,2023-05-01,Country or economy,Asia,Asia,0.0,0.0,0.0,0.0,1.0,Electricity generation,Fuel,Coal,%,47.27,,
Malaysia,MYS,2023-05-01,Country or economy,Asia,Asia,0.0,0.0,0.0,0.0,1.0,Electricity generation,Fuel,Gas,%,31.51,,
Malaysia,MYS,2023-05-01,Country or economy,Asia,Asia,0.0,0.0,0.0,0.0,1.0,Electricity generation,Fuel,Hydro,%,16.66,,
Malaysia,MYS,2023-05-01,Country or economy,Asia,Asia,0.0,0.0,0.0,0.0,1.0,Electricity generation,Fuel,Other Fossil,%,0.84,,
Malaysia,MYS,2023-05-01,Country or economy,Asia,Asia,0.0,0.0,0.0,0.0,1.0,Electricity generation,Fuel,Solar,%,1.22,,
Malaysia,MYS,2023-05-01,Country or economy,Asia,Asia,0.0,0.0,0.0,0.0,1.0,Electricity generation,Fuel,Bioenergy,TWh,0.39,0.01,2.63
Malaysia,MYS,2023-05-01,Country or economy,Asia,Asia,0.0,0.0,0.0,0.0,1.0,Electricity generation,Fuel,Coal,TWh,7.35,0.91,14.13
Malaysia,MYS,2023-05-01,Country or economy,Asia,Asia,0.0,0.0,0.0,0.0,1.0,Electricity generation,Fuel,Gas,TWh,4.9,-0.27,-5.22
Malaysia,MYS,2023-05-01,Country or economy,Asia,Asia,0.0,0.0,0.0,0.0,1.0,Electricity generation,Fuel,Hydro,TWh,2.59,0.18,7.47
Malaysia,MYS,2023-05-01,Country or economy,Asia,Asia,0.0,0.0,0.0,0.0,1.0,Electricity generation,Fuel,Other Fossil,TWh,0.13,-0.05,-27.78
Malaysia,MYS,2023-05-01,Country or economy,Asia,Asia,0.0,0.0,0.0,0.0,1.0,Electricity generation,Fuel,Solar,TWh,0.19,0.06,46.15
Malaysia,MYS,2023-05-01,Country or economy,Asia,Asia,0.0,0.0,0.0,0.0,1.0,Electricity generation,Total,Total Generation,TWh,15.55,0.84,5.71
Malaysia,MYS,2023-05-01,Country or economy,Asia,Asia,0.0,0.0,0.0,0.0,1.0,Electricity imports,Electricity imports,Net Imports,TWh,0.01,0.0,0.0
Malaysia,MYS,2023-05-01,Country or economy,Asia,Asia,0.0,0.0,0.0,0.0,1.0,Power sector emissions,Aggregate fuel,Clean,mtCO2,0.16,0.0,0.0
Malaysia,MYS,2023-05-01,Country or economy,Asia,Asia,0.0,0.0,0.0,0.0,1.0,Power sector emissions,Aggregate fuel,Fossil,mtCO2,9.96,0.6,6.41
Malaysia,MYS,2023-05-01,Country or economy,Asia,Asia,0.0,0.0,0.0,0.0,1.0,Power sector emissions,Aggregate fuel,Gas and Other Fossil,mtCO2,3.38,-0.22,-6.11
Malaysia,MYS,2023-05-01,Country or economy,Asia,Asia,0.0,0.0,0.0,0.0,1.0,Power sector emissions,Aggregate fuel,"Hydro, Bioenergy and Other Renewables",mtCO2,0.15,0.0,0.0
Malaysia,MYS,2023-05-01,Country or economy,Asia,Asia,0.0,0.0,0.0,0.0,1.0,Power sector emissions,Aggregate fuel,Renewables,mtCO2,0.16,0.0,0.0
Malaysia,MYS,2023-05-01,Country or economy,Asia,Asia,0.0,0.0,0.0,0.0,1.0,Power sector emissions,Aggregate fuel,Wind and Solar,mtCO2,0.01,0.0,0.0
Malaysia,MYS,2023-05-01,Country or economy,Asia,Asia,0.0,0.0,0.0,0.0,1.0,Power sector emissions,CO2 intensity,CO2 intensity,gCO2/kWh,650.8,3.62,0.56
Malaysia,MYS,2023-05-01,Country or economy,Asia,Asia,0.0,0.0,0.0,0.0,1.0,Power sector emissions,Fuel,Bioenergy,mtCO2,0.09,0.0,0.0
Malaysia,MYS,2023-05-01,Country or economy,Asia,Asia,0.0,0.0,0.0,0.0,1.0,Power sector emissions,Fuel,Coal,mtCO2,6.58,0.82,14.24
Malaysia,MYS,2023-05-01,Country or economy,Asia,Asia,0.0,0.0,0.0,0.0,1.0,Power sector emissions,Fuel,Gas,mtCO2,3.29,-0.18,-5.19
Malaysia,MYS,2023-05-01,Country or economy,Asia,Asia,0.0,0.0,0.0,0.0,1.0,Power sector emissions,Fuel,Hydro,mtCO2,0.06,0.0,0.0
Malaysia,MYS,2023-05-01,Country or economy,Asia,Asia,0.0,0.0,0.0,0.0,1.0,Power sector emissions,Fuel,Other Fossil,mtCO2,0.09,-0.04,-30.77
Malaysia,MYS,2023-05-01,Country or economy,Asia,Asia,0.0,0.0,0.0,0.0,1.0,Power sector emissions,Fuel,Solar,mtCO2,0.01,0.0,0.0
Malaysia,MYS,2023-05-01,Country or economy,Asia,Asia,0.0,0.0,0.0,0.0,1.0,Power sector emissions,Total,Total emissions,mtCO2,10.12,0.6,6.3
Malaysia,MYS,2023-06-01,Country or economy,Asia,Asia,0.0,0.0,0.0,0.0,1.0,Electricity demand,Demand,Demand,TWh,14.73,0.3,2.08
Malaysia,MYS,2023-06-01,Country or economy,Asia,Asia,0.0,0.0,0.0,0.0,1.0,Electricity generation,Aggregate fuel,Clean,%,19.82,,
Malaysia,MYS,2023-06-01,Country or economy,Asia,Asia,0.0,0.0,0.0,0.0,1.0,Electricity generation,Aggregate fuel,Fossil,%,80.17,,
Malaysia,MYS,2023-06-01,Country or economy,Asia,Asia,0.0,0.0,0.0,0.0,1.0,Electricity generation,Aggregate fuel,Gas and Other Fossil,%,34.48,,
Malaysia,MYS,2023-06-01,Country or economy,Asia,Asia,0.0,0.0,0.0,0.0,1.0,Electricity generation,Aggregate fuel,"Hydro, Bioenergy and Other Renewables",%,18.6,,
Malaysia,MYS,2023-06-01,Country or economy,Asia,Asia,0.0,0.0,0.0,0.0,1.0,Electricity generation,Aggregate fuel,Renewables,%,19.82,,
Malaysia,MYS,2023-06-01,Country or economy,Asia,Asia,0.0,0.0,0.0,0.0,1.0,Electricity generation,Aggregate fuel,Wind and Solar,%,1.22,,
Malaysia,MYS,2023-06-01,Country or economy,Asia,Asia,0.0,0.0,0.0,0.0,1.0,Electricity generation,Aggregate fuel,Clean,TWh,2.92,0.0,0.0
Malaysia,MYS,2023-06-01,Country or economy,Asia,Asia,0.0,0.0,0.0,0.0,1.0,Electricity generation,Aggregate fuel,Fossil,TWh,11.81,0.3,2.61
Malaysia,MYS,2023-06-01,Country or economy,Asia,Asia,0.0,0.0,0.0,0.0,1.0,Electricity generation,Aggregate fuel,Gas and Other Fossil,TWh,5.08,-0.21,-3.97
Malaysia,MYS,2023-06-01,Country or economy,Asia,Asia,0.0,0.0,0.0,0.0,1.0,Electricity generation,Aggregate fuel,"Hydro, Bioenergy and Other Renewables",TWh,2.74,-0.05,-1.79
Malaysia,MYS,2023-06-01,Country or economy,Asia,Asia,0.0,0.0,0.0,0.0,1.0,Electricity generation,Aggregate fuel,Renewables,TWh,2.92,0.0,0.0
Malaysia,MYS,2023-06-01,Country or economy,Asia,Asia,0.0,0.0,0.0,0.0,1.0,Electricity generation,Aggregate fuel,Wind and Solar,TWh,0.18,0.05,38.46
Malaysia,MYS,2023-06-01,Country or economy,Asia,Asia,0.0,0.0,0.0,0.0,1.0,Electricity generation,Fuel,Bioenergy,%,2.58,,
Malaysia,MYS,2023-06-01,Country or economy,Asia,Asia,0.0,0.0,0.0,0.0,1.0,Electricity generation,Fuel,Coal,%,45.69,,
Malaysia,MYS,2023-06-01,Country or economy,Asia,Asia,0.0,0.0,0.0,0.0,1.0,Electricity generation,Fuel,Gas,%,33.94,,
Malaysia,MYS,2023-06-01,Country or economy,Asia,Asia,0.0,0.0,0.0,0.0,1.0,Electricity generation,Fuel,Hydro,%,16.02,,
Malaysia,MYS,2023-06-01,Country or economy,Asia,Asia,0.0,0.0,0.0,0.0,1.0,Electricity generation,Fuel,Other Fossil,%,0.54,,
Malaysia,MYS,2023-06-01,Country or economy,Asia,Asia,0.0,0.0,0.0,0.0,1.0,Electricity generation,Fuel,Solar,%,1.22,,
Malaysia,MYS,2023-06-01,Country or economy,Asia,Asia,0.0,0.0,0.0,0.0,1.0,Electricity generation,Fuel,Bioenergy,TWh,0.38,0.0,0.0
Malaysia,MYS,2023-06-01,Country or economy,Asia,Asia,0.0,0.0,0.0,0.0,1.0,Electricity generation,Fuel,Coal,TWh,6.73,0.51,8.2
Malaysia,MYS,2023-06-01,Country or economy,Asia,Asia,0.0,0.0,0.0,0.0,1.0,Electricity generation,Fuel,Gas,TWh,5.0,-0.2,-3.85
Malaysia,MYS,2023-06-01,Country or economy,Asia,Asia,0.0,0.0,0.0,0.0,1.0,Electricity generation,Fuel,Hydro,TWh,2.36,-0.05,-2.07
Malaysia,MYS,2023-06-01,Country or economy,Asia,Asia,0.0,0.0,0.0,0.0,1.0,Electricity generation,Fuel,Other Fossil,TWh,0.08,-0.01,-11.11
Malaysia,MYS,2023-06-01,Country or economy,Asia,Asia,0.0,0.0,0.0,0.0,1.0,Electricity generation,Fuel,Solar,TWh,0.18,0.05,38.46
Malaysia,MYS,2023-06-01,Country or economy,Asia,Asia,0.0,0.0,0.0,0.0,1.0,Electricity generation,Total,Total Generation,TWh,14.73,0.3,2.08
Malaysia,MYS,2023-06-01,Country or economy,Asia,Asia,0.0,0.0,0.0,0.0,1.0,Electricity imports,Electricity imports,Net Imports,TWh,0.0,0.0,
Malaysia,MYS,2023-06-01,Country or economy,Asia,Asia,0.0,0.0,0.0,0.0,1.0,Power sector emissions,Aggregate fuel,Clean,mtCO2,0.16,0.0,0.0
Malaysia,MYS,2023-06-01,Country or economy,Asia,Asia,0.0,0.0,0.0,0.0,1.0,Power sector emissions,Aggregate fuel,Fossil,mtCO2,9.44,0.32,3.51
Malaysia,MYS,2023-06-01,Country or economy,Asia,Asia,0.0,0.0,0.0,0.0,1.0,Power sector emissions,Aggregate fuel,Gas and Other Fossil,mtCO2,3.42,-0.13,-3.66
Malaysia,MYS,2023-06-01,Country or economy,Asia,Asia,0.0,0.0,0.0,0.0,1.0,Power sector emissions,Aggregate fuel,"Hydro, Bioenergy and Other Renewables",mtCO2,0.15,0.0,0.0
Malaysia,MYS,2023-06-01,Country or economy,Asia,Asia,0.0,0.0,0.0,0.0,1.0,Power sector emissions,Aggregate fuel,Renewables,mtCO2,0.16,0.0,0.0
Malaysia,MYS,2023-06-01,Country or economy,Asia,Asia,0.0,0.0,0.0,0.0,1.0,Power sector emissions,Aggregate fuel,Wind and Solar,mtCO2,0.01,0.0,0.0
Malaysia,MYS,2023-06-01,Country or economy,Asia,Asia,0.0,0.0,0.0,0.0,1.0,Power sector emissions,CO2 intensity,CO2 intensity,gCO2/kWh,651.73,8.62,1.34
Malaysia,MYS,2023-06-01,Country or economy,Asia,Asia,0.0,0.0,0.0,0.0,1.0,Power sector emissions,Fuel,Bioenergy,mtCO2,0.09,0.0,0.0
Malaysia,MYS,2023-06-01,Country or economy,Asia,Asia,0.0,0.0,0.0,0.0,1.0,Power sector emissions,Fuel,Coal,mtCO2,6.02,0.45,8.08
Malaysia,MYS,2023-06-01,Country or economy,Asia,Asia,0.0,0.0,0.0,0.0,1.0,Power sector emissions,Fuel,Gas,mtCO2,3.36,-0.13,-3.72
Malaysia,MYS,2023-06-01,Country or economy,Asia,Asia,0.0,0.0,0.0,0.0,1.0,Power sector emissions,Fuel,Hydro,mtCO2,0.06,0.0,0.0
Malaysia,MYS,2023-06-01,Country or economy,Asia,Asia,0.0,0.0,0.0,0.0,1.0,Power sector emissions,Fuel,Other Fossil,mtCO2,0.06,0.0,0.0
Malaysia,MYS,2023-06-01,Country or economy,Asia,Asia,0.0,0.0,0.0,0.0,1.0,Power sector emissions,Fuel,Solar,mtCO2,0.01,0.0,0.0
Malaysia,MYS,2023-06-01,Country or economy,Asia,Asia,0.0,0.0,0.0,0.0,1.0,Power sector emissions,Total,Total emissions,mtCO2,9.6,0.32,3.45
Malaysia,MYS,2023-07-01,Country or economy,Asia,Asia,0.0,0.0,0.0,0.0,1.0,Electricity demand,Demand,Demand,TWh,15.01,0.24,1.62
Malaysia,MYS,2023-07-01,Country or economy,Asia,Asia,0.0,0.0,0.0,0.0,1.0,Electricity generation,Aggregate fuel,Clean,%,20.18,,
Malaysia,MYS,2023-07-01,Country or economy,Asia,Asia,0.0,0.0,0.0,0.0,1.0,Electricity generation,Aggregate fuel,Fossil,%,79.83,,
Malaysia,MYS,2023-07-01,Country or economy,Asia,Asia,0.0,0.0,0.0,0.0,1.0,Electricity generation,Aggregate fuel,Gas and Other Fossil,%,34.76,,
Malaysia,MYS,2023-07-01,Country or economy,Asia,Asia,0.0,0.0,0.0,0.0,1.0,Electricity generation,Aggregate fuel,"Hydro, Bioenergy and Other Renewables",%,18.98,,
Malaysia,MYS,2023-07-01,Country or economy,Asia,Asia,0.0,0.0,0.0,0.0,1.0,Electricity generation,Aggregate fuel,Renewables,%,20.18,,
Malaysia,MYS,2023-07-01,Country or economy,Asia,Asia,0.0,0.0,0.0,0.0,1.0,Electricity generation,Aggregate fuel,Wind and Solar,%,1.2,,
Malaysia,MYS,2023-07-01,Country or economy,Asia,Asia,0.0,0.0,0.0,0.0,1.0,Electricity generation,Aggregate fuel,Clean,TWh,3.03,-0.17,-5.31
Malaysia,MYS,2023-07-01,Country or economy,Asia,Asia,0.0,0.0,0.0,0.0,1.0,Electricity generation,Aggregate fuel,Fossil,TWh,11.99,0.42,3.63
Malaysia,MYS,2023-07-01,Country or economy,Asia,Asia,0.0,0.0,0.0,0.0,1.0,Electricity generation,Aggregate fuel,Gas and Other Fossil,TWh,5.22,0.3,6.1
Malaysia,MYS,2023-07-01,Country or economy,Asia,Asia,0.0,0.0,0.0,0.0,1.0,Electricity generation,Aggregate fuel,"Hydro, Bioenergy and Other Renewables",TWh,2.85,-0.2,-6.56
Malaysia,MYS,2023-07-01,Country or economy,Asia,Asia,0.0,0.0,0.0,0.0,1.0,Electricity generation,Aggregate fuel,Renewables,TWh,3.03,-0.17,-5.31
Malaysia,MYS,2023-07-01,Country or economy,Asia,Asia,0.0,0.0,0.0,0.0,1.0,Electricity generation,Aggregate fuel,Wind and Solar,TWh,0.18,0.03,20.0
Malaysia,MYS,2023-07-01,Country or economy,Asia,Asia,0.0,0.0,0.0,0.0,1.0,Electricity generation,Fuel,Bioenergy,%,2.6,,
Malaysia,MYS,2023-07-01,Country or economy,Asia,Asia,0.0,0.0,0.0,0.0,1.0,Electricity generation,Fuel,Coal,%,45.07,,
Malaysia,MYS,2023-07-01,Country or economy,Asia,Asia,0.0,0.0,0.0,0.0,1.0,Electricity generation,Fuel,Gas,%,34.29,,
Malaysia,MYS,2023-07-01,Country or economy,Asia,Asia,0.0,0.0,0.0,0.0,1.0,Electricity generation,Fuel,Hydro,%,16.38,,
Malaysia,MYS,2023-07-01,Country or economy,Asia,Asia,0.0,0.0,0.0,0.0,1.0,Electricity generation,Fuel,Other Fossil,%,0.47,,
Malaysia,MYS,2023-07-01,Country or economy,Asia,Asia,0.0,0.0,0.0,0.0,1.0,Electricity generation,Fuel,Solar,%,1.2,,
Malaysia,MYS,2023-07-01,Country or economy,Asia,Asia,0.0,0.0,0.0,0.0,1.0,Electricity generation,Fuel,Bioenergy,TWh,0.39,0.01,2.63
Malaysia,MYS,2023-07-01,Country or economy,Asia,Asia,0.0,0.0,0.0,0.0,1.0,Electricity generation,Fuel,Coal,TWh,6.77,0.12,1.8
Malaysia,MYS,2023-07-01,Country or economy,Asia,Asia,0.0,0.0,0.0,0.0,1.0,Electricity generation,Fuel,Gas,TWh,5.15,0.3,6.19
Malaysia,MYS,2023-07-01,Country or economy,Asia,Asia,0.0,0.0,0.0,0.0,1.0,Electricity generation,Fuel,Hydro,TWh,2.46,-0.21,-7.87
Malaysia,MYS,2023-07-01,Country or economy,Asia,Asia,0.0,0.0,0.0,0.0,1.0,Electricity generation,Fuel,Other Fossil,TWh,0.07,0.0,0.0
Malaysia,MYS,2023-07-01,Country or economy,Asia,Asia,0.0,0.0,0.0,0.0,1.0,Electricity generation,Fuel,Solar,TWh,0.18,0.03,20.0
Malaysia,MYS,2023-07-01,Country or economy,Asia,Asia,0.0,0.0,0.0,0.0,1.0,Electricity generation,Total,Total Generation,TWh,15.02,0.25,1.69
Malaysia,MYS,2023-07-01,Country or economy,Asia,Asia,0.0,0.0,0.0,0.0,1.0,Electricity imports,Electricity imports,Net Imports,TWh,-0.01,-0.01,
Malaysia,MYS,2023-07-01,Country or economy,Asia,Asia,0.0,0.0,0.0,0.0,1.0,Power sector emissions,Aggregate fuel,Clean,mtCO2,0.16,0.0,0.0
Malaysia,MYS,2023-07-01,Country or economy,Asia,Asia,0.0,0.0,0.0,0.0,1.0,Power sector emissions,Aggregate fuel,Fossil,mtCO2,9.57,0.31,3.35
Malaysia,MYS,2023-07-01,Country or economy,Asia,Asia,0.0,0.0,0.0,0.0,1.0,Power sector emissions,Aggregate fuel,Gas and Other Fossil,mtCO2,3.51,0.2,6.04
Malaysia,MYS,2023-07-01,Country or economy,Asia,Asia,0.0,0.0,0.0,0.0,1.0,Power sector emissions,Aggregate fuel,"Hydro, Bioenergy and Other Renewables",mtCO2,0.15,0.0,0.0
Malaysia,MYS,2023-07-01,Country or economy,Asia,Asia,0.0,0.0,0.0,0.0,1.0,Power sector emissions,Aggregate fuel,Renewables,mtCO2,0.16,0.0,0.0
Malaysia,MYS,2023-07-01,Country or economy,Asia,Asia,0.0,0.0,0.0,0.0,1.0,Power sector emissions,Aggregate fuel,Wind and Solar,mtCO2,0.01,0.0,0.0
Malaysia,MYS,2023-07-01,Country or economy,Asia,Asia,0.0,0.0,0.0,0.0,1.0,Power sector emissions,CO2 intensity,CO2 intensity,gCO2/kWh,647.8,10.02,1.57
Malaysia,MYS,2023-07-01,Country or economy,Asia,Asia,0.0,0.0,0.0,0.0,1.0,Power sector emissions,Fuel,Bioenergy,mtCO2,0.09,0.0,0.0
Malaysia,MYS,2023-07-01,Country or economy,Asia,Asia,0.0,0.0,0.0,0.0,1.0,Power sector emissions,Fuel,Coal,mtCO2,6.06,0.11,1.85
Malaysia,MYS,2023-07-01,Country or economy,Asia,Asia,0.0,0.0,0.0,0.0,1.0,Power sector emissions,Fuel,Gas,mtCO2,3.46,0.2,6.13
Malaysia,MYS,2023-07-01,Country or economy,Asia,Asia,0.0,0.0,0.0,0.0,1.0,Power sector emissions,Fuel,Hydro,mtCO2,0.06,0.0,0.0
Malaysia,MYS,2023-07-01,Country or economy,Asia,Asia,0.0,0.0,0.0,0.0,1.0,Power sector emissions,Fuel,Other Fossil,mtCO2,0.05,0.0,0.0
Malaysia,MYS,2023-07-01,Country or economy,Asia,Asia,0.0,0.0,0.0,0.0,1.0,Power sector emissions,Fuel,Solar,mtCO2,0.01,0.0,0.0
Malaysia,MYS,2023-07-01,Country or economy,Asia,Asia,0.0,0.0,0.0,0.0,1.0,Power sector emissions,Total,Total emissions,mtCO2,9.73,0.31,3.29
Malaysia,MYS,2023-08-01,Country or economy,Asia,Asia,0.0,0.0,0.0,0.0,1.0,Electricity demand,Demand,Demand,TWh,15.14,0.44,2.99
Malaysia,MYS,2023-08-01,Country or economy,Asia,Asia,0.0,0.0,0.0,0.0,1.0,Electricity generation,Aggregate fuel,Clean,%,20.63,,
Malaysia,MYS,2023-08-01,Country or economy,Asia,Asia,0.0,0.0,0.0,0.0,1.0,Electricity generation,Aggregate fuel,Fossil,%,79.38,,
Malaysia,MYS,2023-08-01,Country or economy,Asia,Asia,0.0,0.0,0.0,0.0,1.0,Electricity generation,Aggregate fuel,Gas and Other Fossil,%,33.18,,
Malaysia,MYS,2023-08-01,Country or economy,Asia,Asia,0.0,0.0,0.0,0.0,1.0,Electricity generation,Aggregate fuel,"Hydro, Bioenergy and Other Renewables",%,19.37,,
Malaysia,MYS,2023-08-01,Country or economy,Asia,Asia,0.0,0.0,0.0,0.0,1.0,Electricity generation,Aggregate fuel,Renewables,%,20.63,,
Malaysia,MYS,2023-08-01,Country or economy,Asia,Asia,0.0,0.0,0.0,0.0,1.0,Electricity generation,Aggregate fuel,Wind and Solar,%,1.26,,
Malaysia,MYS,2023-08-01,Country or economy,Asia,Asia,0.0,0.0,0.0,0.0,1.0,Electricity generation,Aggregate fuel,Clean,TWh,3.12,-0.17,-5.17
Malaysia,MYS,2023-08-01,Country or economy,Asia,Asia,0.0,0.0,0.0,0.0,1.0,Electricity generation,Aggregate fuel,Fossil,TWh,12.01,0.59,5.17
Malaysia,MYS,2023-08-01,Country or economy,Asia,Asia,0.0,0.0,0.0,0.0,1.0,Electricity generation,Aggregate fuel,Gas and Other Fossil,TWh,5.02,-0.03,-0.59
Malaysia,MYS,2023-08-01,Country or economy,Asia,Asia,0.0,0.0,0.0,0.0,1.0,Electricity generation,Aggregate fuel,"Hydro, Bioenergy and Other Renewables",TWh,2.93,-0.19,-6.09
Malaysia,MYS,2023-08-01,Country or economy,Asia,Asia,0.0,0.0,0.0,0.0,1.0,Electricity generation,Aggregate fuel,Renewables,TWh,3.12,-0.17,-5.17
Malaysia,MYS,2023-08-01,Country or economy,Asia,Asia,0.0,0.0,0.0,0.0,1.0,Electricity generation,Aggregate fuel,Wind and Solar,TWh,0.19,0.02,11.76
Malaysia,MYS,2023-08-01,Country or economy,Asia,Asia,0.0,0.0,0.0,0.0,1.0,Electricity generation,Fuel,Bioenergy,%,2.58,,
Malaysia,MYS,2023-08-01,Country or economy,Asia,Asia,0.0,0.0,0.0,0.0,1.0,Electricity generation,Fuel,Coal,%,46.2,,
Malaysia,MYS,2023-08-01,Country or economy,Asia,Asia,0.0,0.0,0.0,0.0,1.0,Electricity generation,Fuel,Gas,%,32.72,,
Malaysia,MYS,2023-08-01,Country or economy,Asia,Asia,0.0,0.0,0.0,0.0,1.0,Electricity generation,Fuel,Hydro,%,16.79,,
Malaysia,MYS,2023-08-01,Country or economy,Asia,Asia,0.0,0.0,0.0,0.0,1.0,Electricity generation,Fuel,Other Fossil,%,0.46,,
Malaysia,MYS,2023-08-01,Country or economy,Asia,Asia,0.0,0.0,0.0,0.0,1.0,Electricity generation,Fuel,Solar,%,1.26,,
Malaysia,MYS,2023-08-01,Country or economy,Asia,Asia,0.0,0.0,0.0,0.0,1.0,Electricity generation,Fuel,Bioenergy,TWh,0.39,0.01,2.63
Malaysia,MYS,2023-08-01,Country or economy,Asia,Asia,0.0,0.0,0.0,0.0,1.0,Electricity generation,Fuel,Coal,TWh,6.99,0.62,9.73
Malaysia,MYS,2023-08-01,Country or economy,Asia,Asia,0.0,0.0,0.0,0.0,1.0,Electricity generation,Fuel,Gas,TWh,4.95,-0.04,-0.8
Malaysia,MYS,2023-08-01,Country or economy,Asia,Asia,0.0,0.0,0.0,0.0,1.0,Electricity generation,Fuel,Hydro,TWh,2.54,-0.2,-7.3
Malaysia,MYS,2023-08-01,Country or economy,Asia,Asia,0.0,0.0,0.0,0.0,1.0,Electricity generation,Fuel,Other Fossil,TWh,0.07,0.01,16.67
Malaysia,MYS,2023-08-01,Country or economy,Asia,Asia,0.0,0.0,0.0,0.0,1.0,Electricity generation,Fuel,Solar,TWh,0.19,0.02,11.76
Malaysia,MYS,2023-08-01,Country or economy,Asia,Asia,0.0,0.0,0.0,0.0,1.0,Electricity generation,Total,Total Generation,TWh,15.13,0.42,2.86
Malaysia,MYS,2023-08-01,Country or economy,Asia,Asia,0.0,0.0,0.0,0.0,1.0,Electricity imports,Electricity imports,Net Imports,TWh,0.01,0.02,
Malaysia,MYS,2023-08-01,Country or economy,Asia,Asia,0.0,0.0,0.0,0.0,1.0,Power sector emissions,Aggregate fuel,Clean,mtCO2,0.16,-0.01,-5.88
Malaysia,MYS,2023-08-01,Country or economy,Asia,Asia,0.0,0.0,0.0,0.0,1.0,Power sector emissions,Aggregate fuel,Fossil,mtCO2,9.64,0.55,6.05
Malaysia,MYS,2023-08-01,Country or economy,Asia,Asia,0.0,0.0,0.0,0.0,1.0,Power sector emissions,Aggregate fuel,Gas and Other Fossil,mtCO2,3.38,-0.01,-0.29
Malaysia,MYS,2023-08-01,Country or economy,Asia,Asia,0.0,0.0,0.0,0.0,1.0,Power sector emissions,Aggregate fuel,"Hydro, Bioenergy and Other Renewables",mtCO2,0.15,-0.01,-6.25
Malaysia,MYS,2023-08-01,Country or economy,Asia,Asia,0.0,0.0,0.0,0.0,1.0,Power sector emissions,Aggregate fuel,Renewables,mtCO2,0.16,-0.01,-5.88
Malaysia,MYS,2023-08-01,Country or economy,Asia,Asia,0.0,0.0,0.0,0.0,1.0,Power sector emissions,Aggregate fuel,Wind and Solar,mtCO2,0.01,0.0,0.0
Malaysia,MYS,2023-08-01,Country or economy,Asia,Asia,0.0,0.0,0.0,0.0,1.0,Power sector emissions,CO2 intensity,CO2 intensity,gCO2/kWh,647.72,18.22,2.89
Malaysia,MYS,2023-08-01,Country or economy,Asia,Asia,0.0,0.0,0.0,0.0,1.0,Power sector emissions,Fuel,Bioenergy,mtCO2,0.09,0.0,0.0
Malaysia,MYS,2023-08-01,Country or economy,Asia,Asia,0.0,0.0,0.0,0.0,1.0,Power sector emissions,Fuel,Coal,mtCO2,6.26,0.56,9.82
Malaysia,MYS,2023-08-01,Country or economy,Asia,Asia,0.0,0.0,0.0,0.0,1.0,Power sector emissions,Fuel,Gas,mtCO2,3.33,-0.02,-0.6
Malaysia,MYS,2023-08-01,Country or economy,Asia,Asia,0.0,0.0,0.0,0.0,1.0,Power sector emissions,Fuel,Hydro,mtCO2,0.06,-0.01,-14.29
Malaysia,MYS,2023-08-01,Country or economy,Asia,Asia,0.0,0.0,0.0,0.0,1.0,Power sector emissions,Fuel,Other Fossil,mtCO2,0.05,0.01,25.0
Malaysia,MYS,2023-08-01,Country or economy,Asia,Asia,0.0,0.0,0.0,0.0,1.0,Power sector emissions,Fuel,Solar,mtCO2,0.01,0.0,0.0
Malaysia,MYS,2023-08-01,Country or economy,Asia,Asia,0.0,0.0,0.0,0.0,1.0,Power sector emissions,Total,Total emissions,mtCO2,9.8,0.54,5.83
Malaysia,MYS,2023-09-01,Country or economy,Asia,Asia,0.0,0.0,0.0,0.0,1.0,Electricity demand,Demand,Demand,TWh,14.62,0.46,3.25
Malaysia,MYS,2023-09-01,Country or economy,Asia,Asia,0.0,0.0,0.0,0.0,1.0,Electricity generation,Aggregate fuel,Clean,%,21.44,,
Malaysia,MYS,2023-09-01,Country or economy,Asia,Asia,0.0,0.0,0.0,0.0,1.0,Electricity generation,Aggregate fuel,Fossil,%,78.56,,
Malaysia,MYS,2023-09-01,Country or economy,Asia,Asia,0.0,0.0,0.0,0.0,1.0,Electricity generation,Aggregate fuel,Gas and Other Fossil,%,35.17,,
Malaysia,MYS,2023-09-01,Country or economy,Asia,Asia,0.0,0.0,0.0,0.0,1.0,Electricity generation,Aggregate fuel,"Hydro, Bioenergy and Other Renewables",%,20.21,,
Malaysia,MYS,2023-09-01,Country or economy,Asia,Asia,0.0,0.0,0.0,0.0,1.0,Electricity generation,Aggregate fuel,Renewables,%,21.44,,
Malaysia,MYS,2023-09-01,Country or economy,Asia,Asia,0.0,0.0,0.0,0.0,1.0,Electricity generation,Aggregate fuel,Wind and Solar,%,1.23,,
Malaysia,MYS,2023-09-01,Country or economy,Asia,Asia,0.0,0.0,0.0,0.0,1.0,Electricity generation,Aggregate fuel,Clean,TWh,3.13,-0.09,-2.8
Malaysia,MYS,2023-09-01,Country or economy,Asia,Asia,0.0,0.0,0.0,0.0,1.0,Electricity generation,Aggregate fuel,Fossil,TWh,11.46,0.52,4.75
Malaysia,MYS,2023-09-01,Country or economy,Asia,Asia,0.0,0.0,0.0,0.0,1.0,Electricity generation,Aggregate fuel,Gas and Other Fossil,TWh,5.13,-0.12,-2.29
Malaysia,MYS,2023-09-01,Country or economy,Asia,Asia,0.0,0.0,0.0,0.0,1.0,Electricity generation,Aggregate fuel,"Hydro, Bioenergy and Other Renewables",TWh,2.95,-0.11,-3.59
Malaysia,MYS,2023-09-01,Country or economy,Asia,Asia,0.0,0.0,0.0,0.0,1.0,Electricity generation,Aggregate fuel,Renewables,TWh,3.13,-0.09,-2.8
Malaysia,MYS,2023-09-01,Country or economy,Asia,Asia,0.0,0.0,0.0,0.0,1.0,Electricity generation,Aggregate fuel,Wind and Solar,TWh,0.18,0.02,12.5
Malaysia,MYS,2023-09-01,Country or economy,Asia,Asia,0.0,0.0,0.0,0.0,1.0,Electricity generation,Fuel,Bioenergy,%,2.6,,
Malaysia,MYS,2023-09-01,Country or economy,Asia,Asia,0.0,0.0,0.0,0.0,1.0,Electricity generation,Fuel,Coal,%,43.39,,
Malaysia,MYS,2023-09-01,Country or economy,Asia,Asia,0.0,0.0,0.0,0.0,1.0,Electricity generation,Fuel,Gas,%,34.0,,
Malaysia,MYS,2023-09-01,Country or economy,Asia,Asia,0.0,0.0,0.0,0.0,1.0,Electricity generation,Fuel,Hydro,%,17.61,,
Malaysia,MYS,2023-09-01,Country or economy,Asia,Asia,0.0,0.0,0.0,0.0,1.0,Electricity generation,Fuel,Other Fossil,%,1.17,,
Malaysia,MYS,2023-09-01,Country or economy,Asia,Asia,0.0,0.0,0.0,0.0,1.0,Electricity generation,Fuel,Solar,%,1.23,,
Malaysia,MYS,2023-09-01,Country or economy,Asia,Asia,0.0,0.0,0.0,0.0,1.0,Electricity generation,Fuel,Bioenergy,TWh,0.38,0.0,0.0
Malaysia,MYS,2023-09-01,Country or economy,Asia,Asia,0.0,0.0,0.0,0.0,1.0,Electricity generation,Fuel,Coal,TWh,6.33,0.64,11.25
Malaysia,MYS,2023-09-01,Country or economy,Asia,Asia,0.0,0.0,0.0,0.0,1.0,Electricity generation,Fuel,Gas,TWh,4.96,-0.23,-4.43
Malaysia,MYS,2023-09-01,Country or economy,Asia,Asia,0.0,0.0,0.0,0.0,1.0,Electricity generation,Fuel,Hydro,TWh,2.57,-0.11,-4.1
Malaysia,MYS,2023-09-01,Country or economy,Asia,Asia,0.0,0.0,0.0,0.0,1.0,Electricity generation,Fuel,Other Fossil,TWh,0.17,0.11,183.33
Malaysia,MYS,2023-09-01,Country or economy,Asia,Asia,0.0,0.0,0.0,0.0,1.0,Electricity generation,Fuel,Solar,TWh,0.18,0.02,12.5
Malaysia,MYS,2023-09-01,Country or economy,Asia,Asia,0.0,0.0,0.0,0.0,1.0,Electricity generation,Total,Total Generation,TWh,14.59,0.43,3.04
Malaysia,MYS,2023-09-01,Country or economy,Asia,Asia,0.0,0.0,0.0,0.0,1.0,Electricity imports,Electricity imports,Net Imports,TWh,0.03,0.03,
Malaysia,MYS,2023-09-01,Country or economy,Asia,Asia,0.0,0.0,0.0,0.0,1.0,Power sector emissions,Aggregate fuel,Clean,mtCO2,0.16,0.0,0.0
Malaysia,MYS,2023-09-01,Country or economy,Asia,Asia,0.0,0.0,0.0,0.0,1.0,Power sector emissions,Aggregate fuel,Fossil,mtCO2,9.11,0.49,5.68
Malaysia,MYS,2023-09-01,Country or economy,Asia,Asia,0.0,0.0,0.0,0.0,1.0,Power sector emissions,Aggregate fuel,Gas and Other Fossil,mtCO2,3.45,-0.08,-2.27
Malaysia,MYS,2023-09-01,Country or economy,Asia,Asia,0.0,0.0,0.0,0.0,1.0,Power sector emissions,Aggregate fuel,"Hydro, Bioenergy and Other Renewables",mtCO2,0.15,0.0,0.0
Malaysia,MYS,2023-09-01,Country or economy,Asia,Asia,0.0,0.0,0.0,0.0,1.0,Power sector emissions,Aggregate fuel,Renewables,mtCO2,0.16,0.0,0.0
Malaysia,MYS,2023-09-01,Country or economy,Asia,Asia,0.0,0.0,0.0,0.0,1.0,Power sector emissions,Aggregate fuel,Wind and Solar,mtCO2,0.01,0.0,0.0
Malaysia,MYS,2023-09-01,Country or economy,Asia,Asia,0.0,0.0,0.0,0.0,1.0,Power sector emissions,CO2 intensity,CO2 intensity,gCO2/kWh,635.37,15.31,2.47
Malaysia,MYS,2023-09-01,Country or economy,Asia,Asia,0.0,0.0,0.0,0.0,1.0,Power sector emissions,Fuel,Bioenergy,mtCO2,0.09,0.0,0.0
Malaysia,MYS,2023-09-01,Country or economy,Asia,Asia,0.0,0.0,0.0,0.0,1.0,Power sector emissions,Fuel,Coal,mtCO2,5.66,0.57,11.2
Malaysia,MYS,2023-09-01,Country or economy,Asia,Asia,0.0,0.0,0.0,0.0,1.0,Power sector emissions,Fuel,Gas,mtCO2,3.33,-0.16,-4.58
Malaysia,MYS,2023-09-01,Country or economy,Asia,Asia,0.0,0.0,0.0,0.0,1.0,Power sector emissions,Fuel,Hydro,mtCO2,0.06,0.0,0.0
Malaysia,MYS,2023-09-01,Country or economy,Asia,Asia,0.0,0.0,0.0,0.0,1.0,Power sector emissions,Fuel,Other Fossil,mtCO2,0.12,0.08,200.0
Malaysia,MYS,2023-09-01,Country or economy,Asia,Asia,0.0,0.0,0.0,0.0,1.0,Power sector emissions,Fuel,Solar,mtCO2,0.01,0.0,0.0
Malaysia,MYS,2023-09-01,Country or economy,Asia,Asia,0.0,0.0,0.0,0.0,1.0,Power sector emissions,Total,Total emissions,mtCO2,9.27,0.49,5.58
Malaysia,MYS,2023-10-01,Country or economy,Asia,Asia,0.0,0.0,0.0,0.0,1.0,Electricity demand,Demand,Demand,TWh,15.43,1.06,7.38
Malaysia,MYS,2023-10-01,Country or economy,Asia,Asia,0.0,0.0,0.0,0.0,1.0,Electricity generation,Aggregate fuel,Clean,%,21.22,,
Malaysia,MYS,2023-10-01,Country or economy,Asia,Asia,0.0,0.0,0.0,0.0,1.0,Electricity generation,Aggregate fuel,Fossil,%,78.77,,
Malaysia,MYS,2023-10-01,Country or economy,Asia,Asia,0.0,0.0,0.0,0.0,1.0,Electricity generation,Aggregate fuel,Gas and Other Fossil,%,37.11,,
Malaysia,MYS,2023-10-01,Country or economy,Asia,Asia,0.0,0.0,0.0,0.0,1.0,Electricity generation,Aggregate fuel,"Hydro, Bioenergy and Other Renewables",%,19.99,,
Malaysia,MYS,2023-10-01,Country or economy,Asia,Asia,0.0,0.0,0.0,0.0,1.0,Electricity generation,Aggregate fuel,Renewables,%,21.22,,
Malaysia,MYS,2023-10-01,Country or economy,Asia,Asia,0.0,0.0,0.0,0.0,1.0,Electricity generation,Aggregate fuel,Wind and Solar,%,1.23,,
Malaysia,MYS,2023-10-01,Country or economy,Asia,Asia,0.0,0.0,0.0,0.0,1.0,Electricity generation,Aggregate fuel,Clean,TWh,3.27,0.0,0.0
Malaysia,MYS,2023-10-01,Country or economy,Asia,Asia,0.0,0.0,0.0,0.0,1.0,Electricity generation,Aggregate fuel,Fossil,TWh,12.14,1.04,9.37
Malaysia,MYS,2023-10-01,Country or economy,Asia,Asia,0.0,0.0,0.0,0.0,1.0,Electricity generation,Aggregate fuel,Gas and Other Fossil,TWh,5.72,1.12,24.35
Malaysia,MYS,2023-10-01,Country or economy,Asia,Asia,0.0,0.0,0.0,0.0,1.0,Electricity generation,Aggregate fuel,"Hydro, Bioenergy and Other Renewables",TWh,3.08,-0.03,-0.96
Malaysia,MYS,2023-10-01,Country or economy,Asia,Asia,0.0,0.0,0.0,0.0,1.0,Electricity generation,Aggregate fuel,Renewables,TWh,3.27,0.0,0.0
Malaysia,MYS,2023-10-01,Country or economy,Asia,Asia,0.0,0.0,0.0,0.0,1.0,Electricity generation,Aggregate fuel,Wind and Solar,TWh,0.19,0.03,18.75
Malaysia,MYS,2023-10-01,Country or economy,Asia,Asia,0.0,0.0,0.0,0.0,1.0,Electricity generation,Fuel,Bioenergy,%,2.66,,
Malaysia,MYS,2023-10-01,Country or economy,Asia,Asia,0.0,0.0,0.0,0.0,1.0,Electricity generation,Fuel,Coal,%,41.66,,
Malaysia,MYS,2023-10-01,Country or economy,Asia,Asia,0.0,0.0,0.0,0.0,1.0,Electricity generation,Fuel,Gas,%,36.53,,
Malaysia,MYS,2023-10-01,Country or economy,Asia,Asia,0.0,0.0,0.0,0.0,1.0,Electricity generation,Fuel,Hydro,%,17.33,,
Malaysia,MYS,2023-10-01,Country or economy,Asia,Asia,0.0,0.0,0.0,0.0,1.0,Electricity generation,Fuel,Other Fossil,%,0.58,,
Malaysia,MYS,2023-10-01,Country or economy,Asia,Asia,0.0,0.0,0.0,0.0,1.0,Electricity generation,Fuel,Solar,%,1.23,,
Malaysia,MYS,2023-10-01,Country or economy,Asia,Asia,0.0,0.0,0.0,0.0,1.0,Electricity generation,Fuel,Bioenergy,TWh,0.41,0.03,7.89
Malaysia,MYS,2023-10-01,Country or economy,Asia,Asia,0.0,0.0,0.0,0.0,1.0,Electricity generation,Fuel,Coal,TWh,6.42,-0.08,-1.23
Malaysia,MYS,2023-10-01,Country or economy,Asia,Asia,0.0,0.0,0.0,0.0,1.0,Electricity generation,Fuel,Gas,TWh,5.63,1.19,26.8
Malaysia,MYS,2023-10-01,Country or economy,Asia,Asia,0.0,0.0,0.0,0.0,1.0,Electricity generation,Fuel,Hydro,TWh,2.67,-0.06,-2.2
Malaysia,MYS,2023-10-01,Country or economy,Asia,Asia,0.0,0.0,0.0,0.0,1.0,Electricity generation,Fuel,Other Fossil,TWh,0.09,-0.07,-43.75
Malaysia,MYS,2023-10-01,Country or economy,Asia,Asia,0.0,0.0,0.0,0.0,1.0,Electricity generation,Fuel,Solar,TWh,0.19,0.03,18.75
Malaysia,MYS,2023-10-01,Country or economy,Asia,Asia,0.0,0.0,0.0,0.0,1.0,Electricity generation,Total,Total Generation,TWh,15.41,1.04,7.24
Malaysia,MYS,2023-10-01,Country or economy,Asia,Asia,0.0,0.0,0.0,0.0,1.0,Electricity imports,Electricity imports,Net Imports,TWh,0.02,0.02,
Malaysia,MYS,2023-10-01,Country or economy,Asia,Asia,0.0,0.0,0.0,0.0,1.0,Power sector emissions,Aggregate fuel,Clean,mtCO2,0.16,-0.01,-5.88
Malaysia,MYS,2023-10-01,Country or economy,Asia,Asia,0.0,0.0,0.0,0.0,1.0,Power sector emissions,Aggregate fuel,Fossil,mtCO2,9.59,0.68,7.63
Malaysia,MYS,2023-10-01,Country or economy,Asia,Asia,0.0,0.0,0.0,0.0,1.0,Power sector emissions,Aggregate fuel,Gas and Other Fossil,mtCO2,3.84,0.75,24.27
Malaysia,MYS,2023-10-01,Country or economy,Asia,Asia,0.0,0.0,0.0,0.0,1.0,Power sector emissions,Aggregate fuel,"Hydro, Bioenergy and Other Renewables",mtCO2,0.15,-0.01,-6.25
Malaysia,MYS,2023-10-01,Country or economy,Asia,Asia,0.0,0.0,0.0,0.0,1.0,Power sector emissions,Aggregate fuel,Renewables,mtCO2,0.16,-0.01,-5.88
Malaysia,MYS,2023-10-01,Country or economy,Asia,Asia,0.0,0.0,0.0,0.0,1.0,Power sector emissions,Aggregate fuel,Wind and Solar,mtCO2,0.01,0.0,0.0
Malaysia,MYS,2023-10-01,Country or economy,Asia,Asia,0.0,0.0,0.0,0.0,1.0,Power sector emissions,CO2 intensity,CO2 intensity,gCO2/kWh,632.71,0.84,0.13
Malaysia,MYS,2023-10-01,Country or economy,Asia,Asia,0.0,0.0,0.0,0.0,1.0,Power sector emissions,Fuel,Bioenergy,mtCO2,0.09,0.0,0.0
Malaysia,MYS,2023-10-01,Country or economy,Asia,Asia,0.0,0.0,0.0,0.0,1.0,Power sector emissions,Fuel,Coal,mtCO2,5.75,-0.07,-1.2
Malaysia,MYS,2023-10-01,Country or economy,Asia,Asia,0.0,0.0,0.0,0.0,1.0,Power sector emissions,Fuel,Gas,mtCO2,3.78,0.8,26.85
Malaysia,MYS,2023-10-01,Country or economy,Asia,Asia,0.0,0.0,0.0,0.0,1.0,Power sector emissions,Fuel,Hydro,mtCO2,0.06,-0.01,-14.29
Malaysia,MYS,2023-10-01,Country or economy,Asia,Asia,0.0,0.0,0.0,0.0,1.0,Power sector emissions,Fuel,Other Fossil,mtCO2,0.06,-0.05,-45.45
Malaysia,MYS,2023-10-01,Country or economy,Asia,Asia,0.0,0.0,0.0,0.0,1.0,Power sector emissions,Fuel,Solar,mtCO2,0.01,0.0,0.0
Malaysia,MYS,2023-10-01,Country or economy,Asia,Asia,0.0,0.0,0.0,0.0,1.0,Power sector emissions,Total,Total emissions,mtCO2,9.75,0.67,7.38
Malaysia,MYS,2023-11-01,Country or economy,Asia,Asia,0.0,0.0,0.0,0.0,1.0,Electricity demand,Demand,Demand,TWh,14.54,0.58,4.15
Malaysia,MYS,2023-11-01,Country or economy,Asia,Asia,0.0,0.0,0.0,0.0,1.0,Electricity generation,Aggregate fuel,Clean,%,20.77,,
Malaysia,MYS,2023-11-01,Country or economy,Asia,Asia,0.0,0.0,0.0,0.0,1.0,Electricity generation,Aggregate fuel,Fossil,%,79.23,,
Malaysia,MYS,2023-11-01,Country or economy,Asia,Asia,0.0,0.0,0.0,0.0,1.0,Electricity generation,Aggregate fuel,Gas and Other Fossil,%,37.41,,
Malaysia,MYS,2023-11-01,Country or economy,Asia,Asia,0.0,0.0,0.0,0.0,1.0,Electricity generation,Aggregate fuel,"Hydro, Bioenergy and Other Renewables",%,19.74,,
Malaysia,MYS,2023-11-01,Country or economy,Asia,Asia,0.0,0.0,0.0,0.0,1.0,Electricity generation,Aggregate fuel,Renewables,%,20.77,,
Malaysia,MYS,2023-11-01,Country or economy,Asia,Asia,0.0,0.0,0.0,0.0,1.0,Electricity generation,Aggregate fuel,Wind and Solar,%,1.03,,
Malaysia,MYS,2023-11-01,Country or economy,Asia,Asia,0.0,0.0,0.0,0.0,1.0,Electricity generation,Aggregate fuel,Clean,TWh,3.02,-0.11,-3.51
Malaysia,MYS,2023-11-01,Country or economy,Asia,Asia,0.0,0.0,0.0,0.0,1.0,Electricity generation,Aggregate fuel,Fossil,TWh,11.52,0.69,6.37
Malaysia,MYS,2023-11-01,Country or economy,Asia,Asia,0.0,0.0,0.0,0.0,1.0,Electricity generation,Aggregate fuel,Gas and Other Fossil,TWh,5.44,0.05,0.93
Malaysia,MYS,2023-11-01,Country or economy,Asia,Asia,0.0,0.0,0.0,0.0,1.0,Electricity generation,Aggregate fuel,"Hydro, Bioenergy and Other Renewables",TWh,2.87,-0.11,-3.69
Malaysia,MYS,2023-11-01,Country or economy,Asia,Asia,0.0,0.0,0.0,0.0,1.0,Electricity generation,Aggregate fuel,Renewables,TWh,3.02,-0.11,-3.51
Malaysia,MYS,2023-11-01,Country or economy,Asia,Asia,0.0,0.0,0.0,0.0,1.0,Electricity generation,Aggregate fuel,Wind and Solar,TWh,0.15,0.0,0.0
Malaysia,MYS,2023-11-01,Country or economy,Asia,Asia,0.0,0.0,0.0,0.0,1.0,Electricity generation,Fuel,Bioenergy,%,2.68,,
Malaysia,MYS,2023-11-01,Country or economy,Asia,Asia,0.0,0.0,0.0,0.0,1.0,Electricity generation,Fuel,Coal,%,41.82,,
Malaysia,MYS,2023-11-01,Country or economy,Asia,Asia,0.0,0.0,0.0,0.0,1.0,Electricity generation,Fuel,Gas,%,36.93,,
Malaysia,MYS,2023-11-01,Country or economy,Asia,Asia,0.0,0.0,0.0,0.0,1.0,Electricity generation,Fuel,Hydro,%,17.06,,
Malaysia,MYS,2023-11-01,Country or economy,Asia,Asia,0.0,0.0,0.0,0.0,1.0,Electricity generation,Fuel,Other Fossil,%,0.48,,
Malaysia,MYS,2023-11-01,Country or economy,Asia,Asia,0.0,0.0,0.0,0.0,1.0,Electricity generation,Fuel,Solar,%,1.03,,
Malaysia,MYS,2023-11-01,Country or economy,Asia,Asia,0.0,0.0,0.0,0.0,1.0,Electricity generation,Fuel,Bioenergy,TWh,0.39,0.01,2.63
Malaysia,MYS,2023-11-01,Country or economy,Asia,Asia,0.0,0.0,0.0,0.0,1.0,Electricity generation,Fuel,Coal,TWh,6.08,0.64,11.76
Malaysia,MYS,2023-11-01,Country or economy,Asia,Asia,0.0,0.0,0.0,0.0,1.0,Electricity generation,Fuel,Gas,TWh,5.37,0.06,1.13
Malaysia,MYS,2023-11-01,Country or economy,Asia,Asia,0.0,0.0,0.0,0.0,1.0,Electricity generation,Fuel,Hydro,TWh,2.48,-0.12,-4.62
Malaysia,MYS,2023-11-01,Country or economy,Asia,Asia,0.0,0.0,0.0,0.0,1.0,Electricity generation,Fuel,Other Fossil,TWh,0.07,-0.01,-12.5
Malaysia,MYS,2023-11-01,Country or economy,Asia,Asia,0.0,0.0,0.0,0.0,1.0,Electricity generation,Fuel,Solar,TWh,0.15,0.0,0.0
Malaysia,MYS,2023-11-01,Country or economy,Asia,Asia,0.0,0.0,0.0,0.0,1.0,Electricity generation,Total,Total Generation,TWh,14.54,0.58,4.15
Malaysia,MYS,2023-11-01,Country or economy,Asia,Asia,0.0,0.0,0.0,0.0,1.0,Electricity imports,Electricity imports,Net Imports,TWh,0.0,0.0,
Malaysia,MYS,2023-11-01,Country or economy,Asia,Asia,0.0,0.0,0.0,0.0,1.0,Power sector emissions,Aggregate fuel,Clean,mtCO2,0.16,0.0,0.0
Malaysia,MYS,2023-11-01,Country or economy,Asia,Asia,0.0,0.0,0.0,0.0,1.0,Power sector emissions,Aggregate fuel,Fossil,mtCO2,9.1,0.6,7.06
Malaysia,MYS,2023-11-01,Country or economy,Asia,Asia,0.0,0.0,0.0,0.0,1.0,Power sector emissions,Aggregate fuel,Gas and Other Fossil,mtCO2,3.66,0.03,0.83
Malaysia,MYS,2023-11-01,Country or economy,Asia,Asia,0.0,0.0,0.0,0.0,1.0,Power sector emissions,Aggregate fuel,"Hydro, Bioenergy and Other Renewables",mtCO2,0.15,0.0,0.0
Malaysia,MYS,2023-11-01,Country or economy,Asia,Asia,0.0,0.0,0.0,0.0,1.0,Power sector emissions,Aggregate fuel,Renewables,mtCO2,0.16,0.0,0.0
Malaysia,MYS,2023-11-01,Country or economy,Asia,Asia,0.0,0.0,0.0,0.0,1.0,Power sector emissions,Aggregate fuel,Wind and Solar,mtCO2,0.01,0.0,0.0
Malaysia,MYS,2023-11-01,Country or economy,Asia,Asia,0.0,0.0,0.0,0.0,1.0,Power sector emissions,CO2 intensity,CO2 intensity,gCO2/kWh,636.86,16.52,2.66
Malaysia,MYS,2023-11-01,Country or economy,Asia,Asia,0.0,0.0,0.0,0.0,1.0,Power sector emissions,Fuel,Bioenergy,mtCO2,0.09,0.0,0.0
Malaysia,MYS,2023-11-01,Country or economy,Asia,Asia,0.0,0.0,0.0,0.0,1.0,Power sector emissions,Fuel,Coal,mtCO2,5.44,0.57,11.7
Malaysia,MYS,2023-11-01,Country or economy,Asia,Asia,0.0,0.0,0.0,0.0,1.0,Power sector emissions,Fuel,Gas,mtCO2,3.61,0.04,1.12
Malaysia,MYS,2023-11-01,Country or economy,Asia,Asia,0.0,0.0,0.0,0.0,1.0,Power sector emissions,Fuel,Hydro,mtCO2,0.06,0.0,0.0
Malaysia,MYS,2023-11-01,Country or economy,Asia,Asia,0.0,0.0,0.0,0.0,1.0,Power sector emissions,Fuel,Other Fossil,mtCO2,0.05,-0.01,-16.67
Malaysia,MYS,2023-11-01,Country or economy,Asia,Asia,0.0,0.0,0.0,0.0,1.0,Power sector emissions,Fuel,Solar,mtCO2,0.01,0.0,0.0
Malaysia,MYS,2023-11-01,Country or economy,Asia,Asia,0.0,0.0,0.0,0.0,1.0,Power sector emissions,Total,Total emissions,mtCO2,9.26,0.6,6.93
Malaysia,MYS,2023-12-01,Country or economy,Asia,Asia,0.0,0.0,0.0,0.0,1.0,Electricity demand,Demand,Demand,TWh,14.59,0.57,4.07
Malaysia,MYS,2023-12-01,Country or economy,Asia,Asia,0.0,0.0,0.0,0.0,1.0,Electricity generation,Aggregate fuel,Clean,%,21.82,,
Malaysia,MYS,2023-12-01,Country or economy,Asia,Asia,0.0,0.0,0.0,0.0,1.0,Electricity generation,Aggregate fuel,Fossil,%,78.19,,
Malaysia,MYS,2023-12-01,Country or economy,Asia,Asia,0.0,0.0,0.0,0.0,1.0,Electricity generation,Aggregate fuel,Gas and Other Fossil,%,34.57,,
Malaysia,MYS,2023-12-01,Country or economy,Asia,Asia,0.0,0.0,0.0,0.0,1.0,Electricity generation,Aggregate fuel,"Hydro, Bioenergy and Other Renewables",%,20.72,,
Malaysia,MYS,2023-12-01,Country or economy,Asia,Asia,0.0,0.0,0.0,0.0,1.0,Electricity generation,Aggregate fuel,Renewables,%,21.82,,
Malaysia,MYS,2023-12-01,Country or economy,Asia,Asia,0.0,0.0,0.0,0.0,1.0,Electricity generation,Aggregate fuel,Wind and Solar,%,1.1,,
Malaysia,MYS,2023-12-01,Country or economy,Asia,Asia,0.0,0.0,0.0,0.0,1.0,Electricity generation,Aggregate fuel,Clean,TWh,3.18,-0.02,-0.63
Malaysia,MYS,2023-12-01,Country or economy,Asia,Asia,0.0,0.0,0.0,0.0,1.0,Electricity generation,Aggregate fuel,Fossil,TWh,11.4,0.58,5.36
Malaysia,MYS,2023-12-01,Country or economy,Asia,Asia,0.0,0.0,0.0,0.0,1.0,Electricity generation,Aggregate fuel,Gas and Other Fossil,TWh,5.04,-0.13,-2.51
Malaysia,MYS,2023-12-01,Country or economy,Asia,Asia,0.0,0.0,0.0,0.0,1.0,Electricity generation,Aggregate fuel,"Hydro, Bioenergy and Other Renewables",TWh,3.02,-0.05,-1.63
Malaysia,MYS,2023-12-01,Country or economy,Asia,Asia,0.0,0.0,0.0,0.0,1.0,Electricity generation,Aggregate fuel,Renewables,TWh,3.18,-0.02,-0.63
Malaysia,MYS,2023-12-01,Country or economy,Asia,Asia,0.0,0.0,0.0,0.0,1.0,Electricity generation,Aggregate fuel,Wind and Solar,TWh,0.16,0.03,23.08
Malaysia,MYS,2023-12-01,Country or economy,Asia,Asia,0.0,0.0,0.0,0.0,1.0,Electricity generation,Fuel,Bioenergy,%,2.61,,
Malaysia,MYS,2023-12-01,Country or economy,Asia,Asia,0.0,0.0,0.0,0.0,1.0,Electricity generation,Fuel,Coal,%,43.62,,
Malaysia,MYS,2023-12-01,Country or economy,Asia,Asia,0.0,0.0,0.0,0.0,1.0,Electricity generation,Fuel,Gas,%,34.16,,
Malaysia,MYS,2023-12-01,Country or economy,Asia,Asia,0.0,0.0,0.0,0.0,1.0,Electricity generation,Fuel,Hydro,%,18.11,,
Malaysia,MYS,2023-12-01,Country or economy,Asia,Asia,0.0,0.0,0.0,0.0,1.0,Electricity generation,Fuel,Other Fossil,%,0.41,,
Malaysia,MYS,2023-12-01,Country or economy,Asia,Asia,0.0,0.0,0.0,0.0,1.0,Electricity generation,Fuel,Solar,%,1.1,,
Malaysia,MYS,2023-12-01,Country or economy,Asia,Asia,0.0,0.0,0.0,0.0,1.0,Electricity generation,Fuel,Bioenergy,TWh,0.38,0.0,0.0
Malaysia,MYS,2023-12-01,Country or economy,Asia,Asia,0.0,0.0,0.0,0.0,1.0,Electricity generation,Fuel,Coal,TWh,6.36,0.71,12.57
Malaysia,MYS,2023-12-01,Country or economy,Asia,Asia,0.0,0.0,0.0,0.0,1.0,Electricity generation,Fuel,Gas,TWh,4.98,-0.09,-1.78
Malaysia,MYS,2023-12-01,Country or economy,Asia,Asia,0.0,0.0,0.0,0.0,1.0,Electricity generation,Fuel,Hydro,TWh,2.64,-0.05,-1.86
Malaysia,MYS,2023-12-01,Country or economy,Asia,Asia,0.0,0.0,0.0,0.0,1.0,Electricity generation,Fuel,Other Fossil,TWh,0.06,-0.04,-40.0
Malaysia,MYS,2023-12-01,Country or economy,Asia,Asia,0.0,0.0,0.0,0.0,1.0,Electricity generation,Fuel,Solar,TWh,0.16,0.03,23.08
Malaysia,MYS,2023-12-01,Country or economy,Asia,Asia,0.0,0.0,0.0,0.0,1.0,Electricity generation,Total,Total Generation,TWh,14.58,0.56,3.99
Malaysia,MYS,2023-12-01,Country or economy,Asia,Asia,0.0,0.0,0.0,0.0,1.0,Electricity imports,Electricity imports,Net Imports,TWh,0.01,0.01,
Malaysia,MYS,2023-12-01,Country or economy,Asia,Asia,0.0,0.0,0.0,0.0,1.0,Power sector emissions,Aggregate fuel,Clean,mtCO2,0.16,0.0,0.0
Malaysia,MYS,2023-12-01,Country or economy,Asia,Asia,0.0,0.0,0.0,0.0,1.0,Power sector emissions,Aggregate fuel,Fossil,mtCO2,9.08,0.54,6.32
Malaysia,MYS,2023-12-01,Country or economy,Asia,Asia,0.0,0.0,0.0,0.0,1.0,Power sector emissions,Aggregate fuel,Gas and Other Fossil,mtCO2,3.39,-0.09,-2.59
Malaysia,MYS,2023-12-01,Country or economy,Asia,Asia,0.0,0.0,0.0,0.0,1.0,Power sector emissions,Aggregate fuel,"Hydro, Bioenergy and Other Renewables",mtCO2,0.15,0.0,0.0
Malaysia,MYS,2023-12-01,Country or economy,Asia,Asia,0.0,0.0,0.0,0.0,1.0,Power sector emissions,Aggregate fuel,Renewables,mtCO2,0.16,0.0,0.0
Malaysia,MYS,2023-12-01,Country or economy,Asia,Asia,0.0,0.0,0.0,0.0,1.0,Power sector emissions,Aggregate fuel,Wind and Solar,mtCO2,0.01,0.0,0.0
Malaysia,MYS,2023-12-01,Country or economy,Asia,Asia,0.0,0.0,0.0,0.0,1.0,Power sector emissions,CO2 intensity,CO2 intensity,gCO2/kWh,633.75,13.21,2.13
Malaysia,MYS,2023-12-01,Country or economy,Asia,Asia,0.0,0.0,0.0,0.0,1.0,Power sector emissions,Fuel,Bioenergy,mtCO2,0.09,0.0,0.0
Malaysia,MYS,2023-12-01,Country or economy,Asia,Asia,0.0,0.0,0.0,0.0,1.0,Power sector emissions,Fuel,Coal,mtCO2,5.69,0.63,12.45
Malaysia,MYS,2023-12-01,Country or economy,Asia,Asia,0.0,0.0,0.0,0.0,1.0,Power sector emissions,Fuel,Gas,mtCO2,3.35,-0.06,-1.76
Malaysia,MYS,2023-12-01,Country or economy,Asia,Asia,0.0,0.0,0.0,0.0,1.0,Power sector emissions,Fuel,Hydro,mtCO2,0.06,0.0,0.0
Malaysia,MYS,2023-12-01,Country or economy,Asia,Asia,0.0,0.0,0.0,0.0,1.0,Power sector emissions,Fuel,Other Fossil,mtCO2,0.04,-0.03,-42.86
Malaysia,MYS,2023-12-01,Country or economy,Asia,Asia,0.0,0.0,0.0,0.0,1.0,Power sector emissions,Fuel,Solar,mtCO2,0.01,0.0,0.0
Malaysia,MYS,2023-12-01,Country or economy,Asia,Asia,0.0,0.0,0.0,0.0,1.0,Power sector emissions,Total,Total emissions,mtCO2,9.24,0.54,6.21
Malaysia,MYS,2024-01-01,Country or economy,Asia,Asia,0.0,0.0,0.0,0.0,1.0,Electricity demand,Demand,Demand,TWh,15.13,1.25,9.01
Malaysia,MYS,2024-01-01,Country or economy,Asia,Asia,0.0,0.0,0.0,0.0,1.0,Electricity generation,Aggregate fuel,Clean,%,24.54,,
Malaysia,MYS,2024-01-01,Country or economy,Asia,Asia,0.0,0.0,0.0,0.0,1.0,Electricity generation,Aggregate fuel,Fossil,%,75.47,,
Malaysia,MYS,2024-01-01,Country or economy,Asia,Asia,0.0,0.0,0.0,0.0,1.0,Electricity generation,Aggregate fuel,Gas and Other Fossil,%,34.86,,
Malaysia,MYS,2024-01-01,Country or economy,Asia,Asia,0.0,0.0,0.0,0.0,1.0,Electricity generation,Aggregate fuel,"Hydro, Bioenergy and Other Renewables",%,23.28,,
Malaysia,MYS,2024-01-01,Country or economy,Asia,Asia,0.0,0.0,0.0,0.0,1.0,Electricity generation,Aggregate fuel,Renewables,%,24.54,,
Malaysia,MYS,2024-01-01,Country or economy,Asia,Asia,0.0,0.0,0.0,0.0,1.0,Electricity generation,Aggregate fuel,Wind and Solar,%,1.26,,
Malaysia,MYS,2024-01-01,Country or economy,Asia,Asia,0.0,0.0,0.0,0.0,1.0,Electricity generation,Aggregate fuel,Clean,TWh,3.71,0.67,22.04
Malaysia,MYS,2024-01-01,Country or economy,Asia,Asia,0.0,0.0,0.0,0.0,1.0,Electricity generation,Aggregate fuel,Fossil,TWh,11.41,0.57,5.26
Malaysia,MYS,2024-01-01,Country or economy,Asia,Asia,0.0,0.0,0.0,0.0,1.0,Electricity generation,Aggregate fuel,Gas and Other Fossil,TWh,5.27,-0.1,-1.86
Malaysia,MYS,2024-01-01,Country or economy,Asia,Asia,0.0,0.0,0.0,0.0,1.0,Electricity generation,Aggregate fuel,"Hydro, Bioenergy and Other Renewables",TWh,3.52,0.63,21.8
Malaysia,MYS,2024-01-01,Country or economy,Asia,Asia,0.0,0.0,0.0,0.0,1.0,Electricity generation,Aggregate fuel,Renewables,TWh,3.71,0.67,22.04
Malaysia,MYS,2024-01-01,Country or economy,Asia,Asia,0.0,0.0,0.0,0.0,1.0,Electricity generation,Aggregate fuel,Wind and Solar,TWh,0.19,0.04,26.67
Malaysia,MYS,2024-01-01,Country or economy,Asia,Asia,0.0,0.0,0.0,0.0,1.0,Electricity generation,Fuel,Bioenergy,%,2.78,,
Malaysia,MYS,2024-01-01,Country or economy,Asia,Asia,0.0,0.0,0.0,0.0,1.0,Electricity generation,Fuel,Coal,%,40.61,,
Malaysia,MYS,2024-01-01,Country or economy,Asia,Asia,0.0,0.0,0.0,0.0,1.0,Electricity generation,Fuel,Gas,%,34.33,,
Malaysia,MYS,2024-01-01,Country or economy,Asia,Asia,0.0,0.0,0.0,0.0,1.0,Electricity generation,Fuel,Hydro,%,20.5,,
Malaysia,MYS,2024-01-01,Country or economy,Asia,Asia,0.0,0.0,0.0,0.0,1.0,Electricity generation,Fuel,Other Fossil,%,0.53,,
Malaysia,MYS,2024-01-01,Country or economy,Asia,Asia,0.0,0.0,0.0,0.0,1.0,Electricity generation,Fuel,Solar,%,1.26,,
Malaysia,MYS,2024-01-01,Country or economy,Asia,Asia,0.0,0.0,0.0,0.0,1.0,Electricity generation,Fuel,Bioenergy,TWh,0.42,0.05,13.51
Malaysia,MYS,2024-01-01,Country or economy,Asia,Asia,0.0,0.0,0.0,0.0,1.0,Electricity generation,Fuel,Coal,TWh,6.14,0.67,12.25
Malaysia,MYS,2024-01-01,Country or economy,Asia,Asia,0.0,0.0,0.0,0.0,1.0,Electricity generation,Fuel,Gas,TWh,5.19,-0.1,-1.89
Malaysia,MYS,2024-01-01,Country or economy,Asia,Asia,0.0,0.0,0.0,0.0,1.0,Electricity generation,Fuel,Hydro,TWh,3.1,0.58,23.02
Malaysia,MYS,2024-01-01,Country or economy,Asia,Asia,0.0,0.0,0.0,0.0,1.0,Electricity generation,Fuel,Other Fossil,TWh,0.08,0.0,0.0
Malaysia,MYS,2024-01-01,Country or economy,Asia,Asia,0.0,0.0,0.0,0.0,1.0,Electricity generation,Fuel,Solar,TWh,0.19,0.04,26.67
Malaysia,MYS,2024-01-01,Country or economy,Asia,Asia,0.0,0.0,0.0,0.0,1.0,Electricity generation,Total,Total Generation,TWh,15.12,1.24,8.93
Malaysia,MYS,2024-01-01,Country or economy,Asia,Asia,0.0,0.0,0.0,0.0,1.0,Electricity imports,Electricity imports,Net Imports,TWh,0.01,0.01,
Malaysia,MYS,2024-01-01,Country or economy,Asia,Asia,0.0,0.0,0.0,0.0,1.0,Power sector emissions,Aggregate fuel,Clean,mtCO2,0.18,0.02,12.5
Malaysia,MYS,2024-01-01,Country or economy,Asia,Asia,0.0,0.0,0.0,0.0,1.0,Power sector emissions,Aggregate fuel,Fossil,mtCO2,9.04,0.52,6.1
Malaysia,MYS,2024-01-01,Country or economy,Asia,Asia,0.0,0.0,0.0,0.0,1.0,Power sector emissions,Aggregate fuel,Gas and Other Fossil,mtCO2,3.55,-0.07,-1.93
Malaysia,MYS,2024-01-01,Country or economy,Asia,Asia,0.0,0.0,0.0,0.0,1.0,Power sector emissions,Aggregate fuel,"Hydro, Bioenergy and Other Renewables",mtCO2,0.17,0.02,13.33
Malaysia,MYS,2024-01-01,Country or economy,Asia,Asia,0.0,0.0,0.0,0.0,1.0,Power sector emissions,Aggregate fuel,Renewables,mtCO2,0.18,0.02,12.5
Malaysia,MYS,2024-01-01,Country or economy,Asia,Asia,0.0,0.0,0.0,0.0,1.0,Power sector emissions,Aggregate fuel,Wind and Solar,mtCO2,0.01,0.0,0.0
Malaysia,MYS,2024-01-01,Country or economy,Asia,Asia,0.0,0.0,0.0,0.0,1.0,Power sector emissions,CO2 intensity,CO2 intensity,gCO2/kWh,609.79,-15.57,-2.49
Malaysia,MYS,2024-01-01,Country or economy,Asia,Asia,0.0,0.0,0.0,0.0,1.0,Power sector emissions,Fuel,Bioenergy,mtCO2,0.1,0.01,11.11
Malaysia,MYS,2024-01-01,Country or economy,Asia,Asia,0.0,0.0,0.0,0.0,1.0,Power sector emissions,Fuel,Coal,mtCO2,5.49,0.59,12.04
Malaysia,MYS,2024-01-01,Country or economy,Asia,Asia,0.0,0.0,0.0,0.0,1.0,Power sector emissions,Fuel,Gas,mtCO2,3.49,-0.07,-1.97
Malaysia,MYS,2024-01-01,Country or economy,Asia,Asia,0.0,0.0,0.0,0.0,1.0,Power sector emissions,Fuel,Hydro,mtCO2,0.07,0.01,16.67
Malaysia,MYS,2024-01-01,Country or economy,Asia,Asia,0.0,0.0,0.0,0.0,1.0,Power sector emissions,Fuel,Other Fossil,mtCO2,0.06,0.0,0.0
Malaysia,MYS,2024-01-01,Country or economy,Asia,Asia,0.0,0.0,0.0,0.0,1.0,Power sector emissions,Fuel,Solar,mtCO2,0.01,0.0,0.0
Malaysia,MYS,2024-01-01,Country or economy,Asia,Asia,0.0,0.0,0.0,0.0,1.0,Power sector emissions,Total,Total emissions,mtCO2,9.22,0.54,6.22
Malaysia,MYS,2024-02-01,Country or economy,Asia,Asia,0.0,0.0,0.0,0.0,1.0,Electricity demand,Demand,Demand,TWh,14.49,1.54,11.89
Malaysia,MYS,2024-02-01,Country or economy,Asia,Asia,0.0,0.0,0.0,0.0,1.0,Electricity generation,Aggregate fuel,Clean,%,23.5,,
Malaysia,MYS,2024-02-01,Country or economy,Asia,Asia,0.0,0.0,0.0,0.0,1.0,Electricity generation,Aggregate fuel,Fossil,%,76.5,,
Malaysia,MYS,2024-02-01,Country or economy,Asia,Asia,0.0,0.0,0.0,0.0,1.0,Electricity generation,Aggregate fuel,Gas and Other Fossil,%,38.87,,
Malaysia,MYS,2024-02-01,Country or economy,Asia,Asia,0.0,0.0,0.0,0.0,1.0,Electricity generation,Aggregate fuel,"Hydro, Bioenergy and Other Renewables",%,21.85,,
Malaysia,MYS,2024-02-01,Country or economy,Asia,Asia,0.0,0.0,0.0,0.0,1.0,Electricity generation,Aggregate fuel,Renewables,%,23.5,,
Malaysia,MYS,2024-02-01,Country or economy,Asia,Asia,0.0,0.0,0.0,0.0,1.0,Electricity generation,Aggregate fuel,Wind and Solar,%,1.65,,
Malaysia,MYS,2024-02-01,Country or economy,Asia,Asia,0.0,0.0,0.0,0.0,1.0,Electricity generation,Aggregate fuel,Clean,TWh,3.41,0.55,19.23
Malaysia,MYS,2024-02-01,Country or economy,Asia,Asia,0.0,0.0,0.0,0.0,1.0,Electricity generation,Aggregate fuel,Fossil,TWh,11.1,1.01,10.01
Malaysia,MYS,2024-02-01,Country or economy,Asia,Asia,0.0,0.0,0.0,0.0,1.0,Electricity generation,Aggregate fuel,Gas and Other Fossil,TWh,5.64,0.93,19.75
Malaysia,MYS,2024-02-01,Country or economy,Asia,Asia,0.0,0.0,0.0,0.0,1.0,Electricity generation,Aggregate fuel,"Hydro, Bioenergy and Other Renewables",TWh,3.17,0.47,17.41
Malaysia,MYS,2024-02-01,Country or economy,Asia,Asia,0.0,0.0,0.0,0.0,1.0,Electricity generation,Aggregate fuel,Renewables,TWh,3.41,0.55,19.23
Malaysia,MYS,2024-02-01,Country or economy,Asia,Asia,0.0,0.0,0.0,0.0,1.0,Electricity generation,Aggregate fuel,Wind and Solar,TWh,0.24,0.08,50.0
Malaysia,MYS,2024-02-01,Country or economy,Asia,Asia,0.0,0.0,0.0,0.0,1.0,Electricity generation,Fuel,Bioenergy,%,2.76,,
Malaysia,MYS,2024-02-01,Country or economy,Asia,Asia,0.0,0.0,0.0,0.0,1.0,Electricity generation,Fuel,Coal,%,37.63,,
Malaysia,MYS,2024-02-01,Country or economy,Asia,Asia,0.0,0.0,0.0,0.0,1.0,Electricity generation,Fuel,Gas,%,38.32,,
Malaysia,MYS,2024-02-01,Country or economy,Asia,Asia,0.0,0.0,0.0,0.0,1.0,Electricity generation,Fuel,Hydro,%,19.09,,
Malaysia,MYS,2024-02-01,Country or economy,Asia,Asia,0.0,0.0,0.0,0.0,1.0,Electricity generation,Fuel,Other Fossil,%,0.55,,
Malaysia,MYS,2024-02-01,Country or economy,Asia,Asia,0.0,0.0,0.0,0.0,1.0,Electricity generation,Fuel,Solar,%,1.65,,
Malaysia,MYS,2024-02-01,Country or economy,Asia,Asia,0.0,0.0,0.0,0.0,1.0,Electricity generation,Fuel,Bioenergy,TWh,0.4,0.06,17.65
Malaysia,MYS,2024-02-01,Country or economy,Asia,Asia,0.0,0.0,0.0,0.0,1.0,Electricity generation,Fuel,Coal,TWh,5.46,0.08,1.49
Malaysia,MYS,2024-02-01,Country or economy,Asia,Asia,0.0,0.0,0.0,0.0,1.0,Electricity generation,Fuel,Gas,TWh,5.56,0.93,20.09
Malaysia,MYS,2024-02-01,Country or economy,Asia,Asia,0.0,0.0,0.0,0.0,1.0,Electricity generation,Fuel,Hydro,TWh,2.77,0.41,17.37
Malaysia,MYS,2024-02-01,Country or economy,Asia,Asia,0.0,0.0,0.0,0.0,1.0,Electricity generation,Fuel,Other Fossil,TWh,0.08,0.0,0.0
Malaysia,MYS,2024-02-01,Country or economy,Asia,Asia,0.0,0.0,0.0,0.0,1.0,Electricity generation,Fuel,Solar,TWh,0.24,0.08,50.0
Malaysia,MYS,2024-02-01,Country or economy,Asia,Asia,0.0,0.0,0.0,0.0,1.0,Electricity generation,Total,Total Generation,TWh,14.51,1.56,12.05
Malaysia,MYS,2024-02-01,Country or economy,Asia,Asia,0.0,0.0,0.0,0.0,1.0,Electricity imports,Electricity imports,Net Imports,TWh,-0.02,-0.02,
Malaysia,MYS,2024-02-01,Country or economy,Asia,Asia,0.0,0.0,0.0,0.0,1.0,Power sector emissions,Aggregate fuel,Clean,mtCO2,0.17,0.02,13.33
Malaysia,MYS,2024-02-01,Country or economy,Asia,Asia,0.0,0.0,0.0,0.0,1.0,Power sector emissions,Aggregate fuel,Fossil,mtCO2,8.69,0.71,8.9
Malaysia,MYS,2024-02-01,Country or economy,Asia,Asia,0.0,0.0,0.0,0.0,1.0,Power sector emissions,Aggregate fuel,Gas and Other Fossil,mtCO2,3.8,0.63,19.87
Malaysia,MYS,2024-02-01,Country or economy,Asia,Asia,0.0,0.0,0.0,0.0,1.0,Power sector emissions,Aggregate fuel,"Hydro, Bioenergy and Other Renewables",mtCO2,0.16,0.02,14.29
Malaysia,MYS,2024-02-01,Country or economy,Asia,Asia,0.0,0.0,0.0,0.0,1.0,Power sector emissions,Aggregate fuel,Renewables,mtCO2,0.17,0.02,13.33
Malaysia,MYS,2024-02-01,Country or economy,Asia,Asia,0.0,0.0,0.0,0.0,1.0,Power sector emissions,Aggregate fuel,Wind and Solar,mtCO2,0.01,0.0,0.0
Malaysia,MYS,2024-02-01,Country or economy,Asia,Asia,0.0,0.0,0.0,0.0,1.0,Power sector emissions,CO2 intensity,CO2 intensity,gCO2/kWh,610.61,-17.19,-2.74
Malaysia,MYS,2024-02-01,Country or economy,Asia,Asia,0.0,0.0,0.0,0.0,1.0,Power sector emissions,Fuel,Bioenergy,mtCO2,0.09,0.01,12.5
Malaysia,MYS,2024-02-01,Country or economy,Asia,Asia,0.0,0.0,0.0,0.0,1.0,Power sector emissions,Fuel,Coal,mtCO2,4.89,0.08,1.66
Malaysia,MYS,2024-02-01,Country or economy,Asia,Asia,0.0,0.0,0.0,0.0,1.0,Power sector emissions,Fuel,Gas,mtCO2,3.74,0.63,20.26
Malaysia,MYS,2024-02-01,Country or economy,Asia,Asia,0.0,0.0,0.0,0.0,1.0,Power sector emissions,Fuel,Hydro,mtCO2,0.07,0.01,16.67
Malaysia,MYS,2024-02-01,Country or economy,Asia,Asia,0.0,0.0,0.0,0.0,1.0,Power sector emissions,Fuel,Other Fossil,mtCO2,0.06,0.0,0.0
Malaysia,MYS,2024-02-01,Country or economy,Asia,Asia,0.0,0.0,0.0,0.0,1.0,Power sector emissions,Fuel,Solar,mtCO2,0.01,0.0,0.0
Malaysia,MYS,2024-02-01,Country or economy,Asia,Asia,0.0,0.0,0.0,0.0,1.0,Power sector emissions,Total,Total emissions,mtCO2,8.86,0.73,8.98
Malaysia,MYS,2024-03-01,Country or economy,Asia,Asia,0.0,0.0,0.0,0.0,1.0,Electricity demand,Demand,Demand,TWh,16.12,1.41,9.59
Malaysia,MYS,2024-03-01,Country or economy,Asia,Asia,0.0,0.0,0.0,0.0,1.0,Electricity generation,Aggregate fuel,Clean,%,22.06,,
Malaysia,MYS,2024-03-01,Country or economy,Asia,Asia,0.0,0.0,0.0,0.0,1.0,Electricity generation,Aggregate fuel,Fossil,%,77.93,,
Malaysia,MYS,2024-03-01,Country or economy,Asia,Asia,0.0,0.0,0.0,0.0,1.0,Electricity generation,Aggregate fuel,Gas and Other Fossil,%,36.79,,
Malaysia,MYS,2024-03-01,Country or economy,Asia,Asia,0.0,0.0,0.0,0.0,1.0,Electricity generation,Aggregate fuel,"Hydro, Bioenergy and Other Renewables",%,20.44,,
Malaysia,MYS,2024-03-01,Country or economy,Asia,Asia,0.0,0.0,0.0,0.0,1.0,Electricity generation,Aggregate fuel,Renewables,%,22.06,,
Malaysia,MYS,2024-03-01,Country or economy,Asia,Asia,0.0,0.0,0.0,0.0,1.0,Electricity generation,Aggregate fuel,Wind and Solar,%,1.62,,
Malaysia,MYS,2024-03-01,Country or economy,Asia,Asia,0.0,0.0,0.0,0.0,1.0,Electricity generation,Aggregate fuel,Clean,TWh,3.55,0.56,18.73
Malaysia,MYS,2024-03-01,Country or economy,Asia,Asia,0.0,0.0,0.0,0.0,1.0,Electricity generation,Aggregate fuel,Fossil,TWh,12.54,0.82,7.0
Malaysia,MYS,2024-03-01,Country or economy,Asia,Asia,0.0,0.0,0.0,0.0,1.0,Electricity generation,Aggregate fuel,Gas and Other Fossil,TWh,5.92,0.25,4.41
Malaysia,MYS,2024-03-01,Country or economy,Asia,Asia,0.0,0.0,0.0,0.0,1.0,Electricity generation,Aggregate fuel,"Hydro, Bioenergy and Other Renewables",TWh,3.29,0.5,17.92
Malaysia,MYS,2024-03-01,Country or economy,Asia,Asia,0.0,0.0,0.0,0.0,1.0,Electricity generation,Aggregate fuel,Renewables,TWh,3.55,0.56,18.73
Malaysia,MYS,2024-03-01,Country or economy,Asia,Asia,0.0,0.0,0.0,0.0,1.0,Electricity generation,Aggregate fuel,Wind and Solar,TWh,0.26,0.06,30.0
Malaysia,MYS,2024-03-01,Country or economy,Asia,Asia,0.0,0.0,0.0,0.0,1.0,Electricity generation,Fuel,Bioenergy,%,2.73,,
Malaysia,MYS,2024-03-01,Country or economy,Asia,Asia,0.0,0.0,0.0,0.0,1.0,Electricity generation,Fuel,Coal,%,41.14,,
Malaysia,MYS,2024-03-01,Country or economy,Asia,Asia,0.0,0.0,0.0,0.0,1.0,Electricity generation,Fuel,Gas,%,36.11,,
Malaysia,MYS,2024-03-01,Country or economy,Asia,Asia,0.0,0.0,0.0,0.0,1.0,Electricity generation,Fuel,Hydro,%,17.71,,
Malaysia,MYS,2024-03-01,Country or economy,Asia,Asia,0.0,0.0,0.0,0.0,1.0,Electricity generation,Fuel,Other Fossil,%,0.68,,
Malaysia,MYS,2024-03-01,Country or economy,Asia,Asia,0.0,0.0,0.0,0.0,1.0,Electricity generation,Fuel,Solar,%,1.62,,
Malaysia,MYS,2024-03-01,Country or economy,Asia,Asia,0.0,0.0,0.0,0.0,1.0,Electricity generation,Fuel,Bioenergy,TWh,0.44,0.06,15.79
Malaysia,MYS,2024-03-01,Country or economy,Asia,Asia,0.0,0.0,0.0,0.0,1.0,Electricity generation,Fuel,Coal,TWh,6.62,0.57,9.42
Malaysia,MYS,2024-03-01,Country or economy,Asia,Asia,0.0,0.0,0.0,0.0,1.0,Electricity generation,Fuel,Gas,TWh,5.81,0.21,3.75
Malaysia,MYS,2024-03-01,Country or economy,Asia,Asia,0.0,0.0,0.0,0.0,1.0,Electricity generation,Fuel,Hydro,TWh,2.85,0.44,18.26
Malaysia,MYS,2024-03-01,Country or economy,Asia,Asia,0.0,0.0,0.0,0.0,1.0,Electricity generation,Fuel,Other Fossil,TWh,0.11,0.04,57.14
Malaysia,MYS,2024-03-01,Country or economy,Asia,Asia,0.0,0.0,0.0,0.0,1.0,Electricity generation,Fuel,Solar,TWh,0.26,0.06,30.0
Malaysia,MYS,2024-03-01,Country or economy,Asia,Asia,0.0,0.0,0.0,0.0,1.0,Electricity generation,Total,Total Generation,TWh,16.09,1.38,9.38
Malaysia,MYS,2024-03-01,Country or economy,Asia,Asia,0.0,0.0,0.0,0.0,1.0,Electricity imports,Electricity imports,Net Imports,TWh,0.03,0.03,
Malaysia,MYS,2024-03-01,Country or economy,Asia,Asia,0.0,0.0,0.0,0.0,1.0,Power sector emissions,Aggregate fuel,Clean,mtCO2,0.18,0.02,12.5
Malaysia,MYS,2024-03-01,Country or economy,Asia,Asia,0.0,0.0,0.0,0.0,1.0,Power sector emissions,Aggregate fuel,Fossil,mtCO2,9.9,0.68,7.38
Malaysia,MYS,2024-03-01,Country or economy,Asia,Asia,0.0,0.0,0.0,0.0,1.0,Power sector emissions,Aggregate fuel,Gas and Other Fossil,mtCO2,3.98,0.17,4.46
Malaysia,MYS,2024-03-01,Country or economy,Asia,Asia,0.0,0.0,0.0,0.0,1.0,Power sector emissions,Aggregate fuel,"Hydro, Bioenergy and Other Renewables",mtCO2,0.17,0.02,13.33
Malaysia,MYS,2024-03-01,Country or economy,Asia,Asia,0.0,0.0,0.0,0.0,1.0,Power sector emissions,Aggregate fuel,Renewables,mtCO2,0.18,0.02,12.5
Malaysia,MYS,2024-03-01,Country or economy,Asia,Asia,0.0,0.0,0.0,0.0,1.0,Power sector emissions,Aggregate fuel,Wind and Solar,mtCO2,0.01,0.0,0.0
Malaysia,MYS,2024-03-01,Country or economy,Asia,Asia,0.0,0.0,0.0,0.0,1.0,Power sector emissions,CO2 intensity,CO2 intensity,gCO2/kWh,626.48,-11.18,-1.75
Malaysia,MYS,2024-03-01,Country or economy,Asia,Asia,0.0,0.0,0.0,0.0,1.0,Power sector emissions,Fuel,Bioenergy,mtCO2,0.1,0.01,11.11
Malaysia,MYS,2024-03-01,Country or economy,Asia,Asia,0.0,0.0,0.0,0.0,1.0,Power sector emissions,Fuel,Coal,mtCO2,5.92,0.51,9.43
Malaysia,MYS,2024-03-01,Country or economy,Asia,Asia,0.0,0.0,0.0,0.0,1.0,Power sector emissions,Fuel,Gas,mtCO2,3.9,0.14,3.72
Malaysia,MYS,2024-03-01,Country or economy,Asia,Asia,0.0,0.0,0.0,0.0,1.0,Power sector emissions,Fuel,Hydro,mtCO2,0.07,0.01,16.67
Malaysia,MYS,2024-03-01,Country or economy,Asia,Asia,0.0,0.0,0.0,0.0,1.0,Power sector emissions,Fuel,Other Fossil,mtCO2,0.08,0.03,60.0
Malaysia,MYS,2024-03-01,Country or economy,Asia,Asia,0.0,0.0,0.0,0.0,1.0,Power sector emissions,Fuel,Solar,mtCO2,0.01,0.0,0.0
Malaysia,MYS,2024-03-01,Country or economy,Asia,Asia,0.0,0.0,0.0,0.0,1.0,Power sector emissions,Total,Total emissions,mtCO2,10.08,0.7,7.46
Malaysia,MYS,2024-04-01,Country or economy,Asia,Asia,0.0,0.0,0.0,0.0,1.0,Electricity demand,Demand,Demand,TWh,15.5,1.29,9.08
Malaysia,MYS,2024-04-01,Country or economy,Asia,Asia,0.0,0.0,0.0,0.0,1.0,Electricity generation,Aggregate fuel,Clean,%,22.19,,
Malaysia,MYS,2024-04-01,Country or economy,Asia,Asia,0.0,0.0,0.0,0.0,1.0,Electricity generation,Aggregate fuel,Fossil,%,77.82,,
Malaysia,MYS,2024-04-01,Country or economy,Asia,Asia,0.0,0.0,0.0,0.0,1.0,Electricity generation,Aggregate fuel,Gas and Other Fossil,%,35.65,,
Malaysia,MYS,2024-04-01,Country or economy,Asia,Asia,0.0,0.0,0.0,0.0,1.0,Electricity generation,Aggregate fuel,"Hydro, Bioenergy and Other Renewables",%,20.51,,
Malaysia,MYS,2024-04-01,Country or economy,Asia,Asia,0.0,0.0,0.0,0.0,1.0,Electricity generation,Aggregate fuel,Renewables,%,22.19,,
Malaysia,MYS,2024-04-01,Country or economy,Asia,Asia,0.0,0.0,0.0,0.0,1.0,Electricity generation,Aggregate fuel,Wind and Solar,%,1.68,,
Malaysia,MYS,2024-04-01,Country or economy,Asia,Asia,0.0,0.0,0.0,0.0,1.0,Electricity generation,Aggregate fuel,Clean,TWh,3.44,0.56,19.44
Malaysia,MYS,2024-04-01,Country or economy,Asia,Asia,0.0,0.0,0.0,0.0,1.0,Electricity generation,Aggregate fuel,Fossil,TWh,12.07,0.73,6.44
Malaysia,MYS,2024-04-01,Country or economy,Asia,Asia,0.0,0.0,0.0,0.0,1.0,Electricity generation,Aggregate fuel,Gas and Other Fossil,TWh,5.53,0.58,11.72
Malaysia,MYS,2024-04-01,Country or economy,Asia,Asia,0.0,0.0,0.0,0.0,1.0,Electricity generation,Aggregate fuel,"Hydro, Bioenergy and Other Renewables",TWh,3.18,0.49,18.22
Malaysia,MYS,2024-04-01,Country or economy,Asia,Asia,0.0,0.0,0.0,0.0,1.0,Electricity generation,Aggregate fuel,Renewables,TWh,3.44,0.56,19.44
Malaysia,MYS,2024-04-01,Country or economy,Asia,Asia,0.0,0.0,0.0,0.0,1.0,Electricity generation,Aggregate fuel,Wind and Solar,TWh,0.26,0.07,36.84
Malaysia,MYS,2024-04-01,Country or economy,Asia,Asia,0.0,0.0,0.0,0.0,1.0,Electricity generation,Fuel,Bioenergy,%,2.84,,
Malaysia,MYS,2024-04-01,Country or economy,Asia,Asia,0.0,0.0,0.0,0.0,1.0,Electricity generation,Fuel,Coal,%,42.17,,
Malaysia,MYS,2024-04-01,Country or economy,Asia,Asia,0.0,0.0,0.0,0.0,1.0,Electricity generation,Fuel,Gas,%,35.07,,
Malaysia,MYS,2024-04-01,Country or economy,Asia,Asia,0.0,0.0,0.0,0.0,1.0,Electricity generation,Fuel,Hydro,%,17.67,,
Malaysia,MYS,2024-04-01,Country or economy,Asia,Asia,0.0,0.0,0.0,0.0,1.0,Electricity generation,Fuel,Other Fossil,%,0.58,,
Malaysia,MYS,2024-04-01,Country or economy,Asia,Asia,0.0,0.0,0.0,0.0,1.0,Electricity generation,Fuel,Solar,%,1.68,,
Malaysia,MYS,2024-04-01,Country or economy,Asia,Asia,0.0,0.0,0.0,0.0,1.0,Electricity generation,Fuel,Bioenergy,TWh,0.44,0.07,18.92
Malaysia,MYS,2024-04-01,Country or economy,Asia,Asia,0.0,0.0,0.0,0.0,1.0,Electricity generation,Fuel,Coal,TWh,6.54,0.15,2.35
Malaysia,MYS,2024-04-01,Country or economy,Asia,Asia,0.0,0.0,0.0,0.0,1.0,Electricity generation,Fuel,Gas,TWh,5.44,0.56,11.48
Malaysia,MYS,2024-04-01,Country or economy,Asia,Asia,0.0,0.0,0.0,0.0,1.0,Electricity generation,Fuel,Hydro,TWh,2.74,0.42,18.1
Malaysia,MYS,2024-04-01,Country or economy,Asia,Asia,0.0,0.0,0.0,0.0,1.0,Electricity generation,Fuel,Other Fossil,TWh,0.09,0.02,28.57
Malaysia,MYS,2024-04-01,Country or economy,Asia,Asia,0.0,0.0,0.0,0.0,1.0,Electricity generation,Fuel,Solar,TWh,0.26,0.07,36.84
Malaysia,MYS,2024-04-01,Country or economy,Asia,Asia,0.0,0.0,0.0,0.0,1.0,Electricity generation,Total,Total Generation,TWh,15.51,1.29,9.07
Malaysia,MYS,2024-04-01,Country or economy,Asia,Asia,0.0,0.0,0.0,0.0,1.0,Electricity imports,Electricity imports,Net Imports,TWh,-0.01,0.0,
Malaysia,MYS,2024-04-01,Country or economy,Asia,Asia,0.0,0.0,0.0,0.0,1.0,Power sector emissions,Aggregate fuel,Clean,mtCO2,0.18,0.02,12.5
Malaysia,MYS,2024-04-01,Country or economy,Asia,Asia,0.0,0.0,0.0,0.0,1.0,Power sector emissions,Aggregate fuel,Fossil,mtCO2,9.57,0.52,5.75
Malaysia,MYS,2024-04-01,Country or economy,Asia,Asia,0.0,0.0,0.0,0.0,1.0,Power sector emissions,Aggregate fuel,Gas and Other Fossil,mtCO2,3.72,0.39,11.71
Malaysia,MYS,2024-04-01,Country or economy,Asia,Asia,0.0,0.0,0.0,0.0,1.0,Power sector emissions,Aggregate fuel,"Hydro, Bioenergy and Other Renewables",mtCO2,0.17,0.02,13.33
Malaysia,MYS,2024-04-01,Country or economy,Asia,Asia,0.0,0.0,0.0,0.0,1.0,Power sector emissions,Aggregate fuel,Renewables,mtCO2,0.18,0.02,12.5
Malaysia,MYS,2024-04-01,Country or economy,Asia,Asia,0.0,0.0,0.0,0.0,1.0,Power sector emissions,Aggregate fuel,Wind and Solar,mtCO2,0.01,0.0,0.0
Malaysia,MYS,2024-04-01,Country or economy,Asia,Asia,0.0,0.0,0.0,0.0,1.0,Power sector emissions,CO2 intensity,CO2 intensity,gCO2/kWh,628.63,-19.05,-2.94
Malaysia,MYS,2024-04-01,Country or economy,Asia,Asia,0.0,0.0,0.0,0.0,1.0,Power sector emissions,Fuel,Bioenergy,mtCO2,0.1,0.01,11.11
Malaysia,MYS,2024-04-01,Country or economy,Asia,Asia,0.0,0.0,0.0,0.0,1.0,Power sector emissions,Fuel,Coal,mtCO2,5.85,0.13,2.27
Malaysia,MYS,2024-04-01,Country or economy,Asia,Asia,0.0,0.0,0.0,0.0,1.0,Power sector emissions,Fuel,Gas,mtCO2,3.66,0.38,11.59
Malaysia,MYS,2024-04-01,Country or economy,Asia,Asia,0.0,0.0,0.0,0.0,1.0,Power sector emissions,Fuel,Hydro,mtCO2,0.07,0.01,16.67
Malaysia,MYS,2024-04-01,Country or economy,Asia,Asia,0.0,0.0,0.0,0.0,1.0,Power sector emissions,Fuel,Other Fossil,mtCO2,0.06,0.01,20.0
Malaysia,MYS,2024-04-01,Country or economy,Asia,Asia,0.0,0.0,0.0,0.0,1.0,Power sector emissions,Fuel,Solar,mtCO2,0.01,0.0,0.0
Malaysia,MYS,2024-04-01,Country or economy,Asia,Asia,0.0,0.0,0.0,0.0,1.0,Power sector emissions,Total,Total emissions,mtCO2,9.75,0.54,5.86
Malaysia,MYS,2024-05-01,Country or economy,Asia,Asia,0.0,0.0,0.0,0.0,1.0,Electricity demand,Demand,Demand,TWh,16.36,0.8,5.14
Malaysia,MYS,2024-05-01,Country or economy,Asia,Asia,0.0,0.0,0.0,0.0,1.0,Electricity generation,Aggregate fuel,Clean,%,21.01,,
Malaysia,MYS,2024-05-01,Country or economy,Asia,Asia,0.0,0.0,0.0,0.0,1.0,Electricity generation,Aggregate fuel,Fossil,%,79.0,,
Malaysia,MYS,2024-05-01,Country or economy,Asia,Asia,0.0,0.0,0.0,0.0,1.0,Electricity generation,Aggregate fuel,Gas and Other Fossil,%,34.86,,
Malaysia,MYS,2024-05-01,Country or economy,Asia,Asia,0.0,0.0,0.0,0.0,1.0,Electricity generation,Aggregate fuel,"Hydro, Bioenergy and Other Renewables",%,19.36,,
Malaysia,MYS,2024-05-01,Country or economy,Asia,Asia,0.0,0.0,0.0,0.0,1.0,Electricity generation,Aggregate fuel,Renewables,%,21.01,,
Malaysia,MYS,2024-05-01,Country or economy,Asia,Asia,0.0,0.0,0.0,0.0,1.0,Electricity generation,Aggregate fuel,Wind and Solar,%,1.65,,
Malaysia,MYS,2024-05-01,Country or economy,Asia,Asia,0.0,0.0,0.0,0.0,1.0,Electricity generation,Aggregate fuel,Clean,TWh,3.44,0.27,8.52
Malaysia,MYS,2024-05-01,Country or economy,Asia,Asia,0.0,0.0,0.0,0.0,1.0,Electricity generation,Aggregate fuel,Fossil,TWh,12.94,0.56,4.52
Malaysia,MYS,2024-05-01,Country or economy,Asia,Asia,0.0,0.0,0.0,0.0,1.0,Electricity generation,Aggregate fuel,Gas and Other Fossil,TWh,5.71,0.68,13.52
Malaysia,MYS,2024-05-01,Country or economy,Asia,Asia,0.0,0.0,0.0,0.0,1.0,Electricity generation,Aggregate fuel,"Hydro, Bioenergy and Other Renewables",TWh,3.17,0.19,6.38
Malaysia,MYS,2024-05-01,Country or economy,Asia,Asia,0.0,0.0,0.0,0.0,1.0,Electricity generation,Aggregate fuel,Renewables,TWh,3.44,0.27,8.52
Malaysia,MYS,2024-05-01,Country or economy,Asia,Asia,0.0,0.0,0.0,0.0,1.0,Electricity generation,Aggregate fuel,Wind and Solar,TWh,0.27,0.08,42.11
Malaysia,MYS,2024-05-01,Country or economy,Asia,Asia,0.0,0.0,0.0,0.0,1.0,Electricity generation,Fuel,Bioenergy,%,2.75,,
Malaysia,MYS,2024-05-01,Country or economy,Asia,Asia,0.0,0.0,0.0,0.0,1.0,Electricity generation,Fuel,Coal,%,44.14,,
Malaysia,MYS,2024-05-01,Country or economy,Asia,Asia,0.0,0.0,0.0,0.0,1.0,Electricity generation,Fuel,Gas,%,34.37,,
Malaysia,MYS,2024-05-01,Country or economy,Asia,Asia,0.0,0.0,0.0,0.0,1.0,Electricity generation,Fuel,Hydro,%,16.61,,
Malaysia,MYS,2024-05-01,Country or economy,Asia,Asia,0.0,0.0,0.0,0.0,1.0,Electricity generation,Fuel,Other Fossil,%,0.49,,
Malaysia,MYS,2024-05-01,Country or economy,Asia,Asia,0.0,0.0,0.0,0.0,1.0,Electricity generation,Fuel,Solar,%,1.65,,
Malaysia,MYS,2024-05-01,Country or economy,Asia,Asia,0.0,0.0,0.0,0.0,1.0,Electricity generation,Fuel,Bioenergy,TWh,0.45,0.06,15.38
Malaysia,MYS,2024-05-01,Country or economy,Asia,Asia,0.0,0.0,0.0,0.0,1.0,Electricity generation,Fuel,Coal,TWh,7.23,-0.12,-1.63
Malaysia,MYS,2024-05-01,Country or economy,Asia,Asia,0.0,0.0,0.0,0.0,1.0,Electricity generation,Fuel,Gas,TWh,5.63,0.73,14.9
Malaysia,MYS,2024-05-01,Country or economy,Asia,Asia,0.0,0.0,0.0,0.0,1.0,Electricity generation,Fuel,Hydro,TWh,2.72,0.13,5.02
Malaysia,MYS,2024-05-01,Country or economy,Asia,Asia,0.0,0.0,0.0,0.0,1.0,Electricity generation,Fuel,Other Fossil,TWh,0.08,-0.05,-38.46
Malaysia,MYS,2024-05-01,Country or economy,Asia,Asia,0.0,0.0,0.0,0.0,1.0,Electricity generation,Fuel,Solar,TWh,0.27,0.08,42.11
Malaysia,MYS,2024-05-01,Country or economy,Asia,Asia,0.0,0.0,0.0,0.0,1.0,Electricity generation,Total,Total Generation,TWh,16.38,0.83,5.34
Malaysia,MYS,2024-05-01,Country or economy,Asia,Asia,0.0,0.0,0.0,0.0,1.0,Electricity imports,Electricity imports,Net Imports,TWh,-0.02,-0.03,-300.0
Malaysia,MYS,2024-05-01,Country or economy,Asia,Asia,0.0,0.0,0.0,0.0,1.0,Power sector emissions,Aggregate fuel,Clean,mtCO2,0.18,0.02,12.5
Malaysia,MYS,2024-05-01,Country or economy,Asia,Asia,0.0,0.0,0.0,0.0,1.0,Power sector emissions,Aggregate fuel,Fossil,mtCO2,10.31,0.35,3.51
Malaysia,MYS,2024-05-01,Country or economy,Asia,Asia,0.0,0.0,0.0,0.0,1.0,Power sector emissions,Aggregate fuel,Gas and Other Fossil,mtCO2,3.84,0.46,13.61
Malaysia,MYS,2024-05-01,Country or economy,Asia,Asia,0.0,0.0,0.0,0.0,1.0,Power sector emissions,Aggregate fuel,"Hydro, Bioenergy and Other Renewables",mtCO2,0.17,0.02,13.33
Malaysia,MYS,2024-05-01,Country or economy,Asia,Asia,0.0,0.0,0.0,0.0,1.0,Power sector emissions,Aggregate fuel,Renewables,mtCO2,0.18,0.02,12.5
Malaysia,MYS,2024-05-01,Country or economy,Asia,Asia,0.0,0.0,0.0,0.0,1.0,Power sector emissions,Aggregate fuel,Wind and Solar,mtCO2,0.01,0.0,0.0
Malaysia,MYS,2024-05-01,Country or economy,Asia,Asia,0.0,0.0,0.0,0.0,1.0,Power sector emissions,CO2 intensity,CO2 intensity,gCO2/kWh,640.42,-10.38,-1.59
Malaysia,MYS,2024-05-01,Country or economy,Asia,Asia,0.0,0.0,0.0,0.0,1.0,Power sector emissions,Fuel,Bioenergy,mtCO2,0.1,0.01,11.11
Malaysia,MYS,2024-05-01,Country or economy,Asia,Asia,0.0,0.0,0.0,0.0,1.0,Power sector emissions,Fuel,Coal,mtCO2,6.47,-0.11,-1.67
Malaysia,MYS,2024-05-01,Country or economy,Asia,Asia,0.0,0.0,0.0,0.0,1.0,Power sector emissions,Fuel,Gas,mtCO2,3.78,0.49,14.89
Malaysia,MYS,2024-05-01,Country or economy,Asia,Asia,0.0,0.0,0.0,0.0,1.0,Power sector emissions,Fuel,Hydro,mtCO2,0.07,0.01,16.67
Malaysia,MYS,2024-05-01,Country or economy,Asia,Asia,0.0,0.0,0.0,0.0,1.0,Power sector emissions,Fuel,Other Fossil,mtCO2,0.06,-0.03,-33.33
Malaysia,MYS,2024-05-01,Country or economy,Asia,Asia,0.0,0.0,0.0,0.0,1.0,Power sector emissions,Fuel,Solar,mtCO2,0.01,0.0,0.0
Malaysia,MYS,2024-05-01,Country or economy,Asia,Asia,0.0,0.0,0.0,0.0,1.0,Power sector emissions,Total,Total emissions,mtCO2,10.49,0.37,3.66
Malaysia,MYS,2024-06-01,Country or economy,Asia,Asia,0.0,0.0,0.0,0.0,1.0,Electricity demand,Demand,Demand,TWh,15.02,0.29,1.97
Malaysia,MYS,2024-06-01,Country or economy,Asia,Asia,0.0,0.0,0.0,0.0,1.0,Electricity generation,Aggregate fuel,Clean,%,20.42,,
Malaysia,MYS,2024-06-01,Country or economy,Asia,Asia,0.0,0.0,0.0,0.0,1.0,Electricity generation,Aggregate fuel,Fossil,%,79.57,,
Malaysia,MYS,2024-06-01,Country or economy,Asia,Asia,0.0,0.0,0.0,0.0,1.0,Electricity generation,Aggregate fuel,Gas and Other Fossil,%,34.93,,
Malaysia,MYS,2024-06-01,Country or economy,Asia,Asia,0.0,0.0,0.0,0.0,1.0,Electricity generation,Aggregate fuel,"Hydro, Bioenergy and Other Renewables",%,18.69,,
Malaysia,MYS,2024-06-01,Country or economy,Asia,Asia,0.0,0.0,0.0,0.0,1.0,Electricity generation,Aggregate fuel,Renewables,%,20.42,,
Malaysia,MYS,2024-06-01,Country or economy,Asia,Asia,0.0,0.0,0.0,0.0,1.0,Electricity generation,Aggregate fuel,Wind and Solar,%,1.73,,
Malaysia,MYS,2024-06-01,Country or economy,Asia,Asia,0.0,0.0,0.0,0.0,1.0,Electricity generation,Aggregate fuel,Clean,TWh,3.07,0.15,5.14
Malaysia,MYS,2024-06-01,Country or economy,Asia,Asia,0.0,0.0,0.0,0.0,1.0,Electricity generation,Aggregate fuel,Fossil,TWh,11.96,0.15,1.27
Malaysia,MYS,2024-06-01,Country or economy,Asia,Asia,0.0,0.0,0.0,0.0,1.0,Electricity generation,Aggregate fuel,Gas and Other Fossil,TWh,5.25,0.17,3.35
Malaysia,MYS,2024-06-01,Country or economy,Asia,Asia,0.0,0.0,0.0,0.0,1.0,Electricity generation,Aggregate fuel,"Hydro, Bioenergy and Other Renewables",TWh,2.81,0.07,2.55
Malaysia,MYS,2024-06-01,Country or economy,Asia,Asia,0.0,0.0,0.0,0.0,1.0,Electricity generation,Aggregate fuel,Renewables,TWh,3.07,0.15,5.14
Malaysia,MYS,2024-06-01,Country or economy,Asia,Asia,0.0,0.0,0.0,0.0,1.0,Electricity generation,Aggregate fuel,Wind and Solar,TWh,0.26,0.08,44.44
Malaysia,MYS,2024-06-01,Country or economy,Asia,Asia,0.0,0.0,0.0,0.0,1.0,Electricity generation,Fuel,Bioenergy,%,2.59,,
Malaysia,MYS,2024-06-01,Country or economy,Asia,Asia,0.0,0.0,0.0,0.0,1.0,Electricity generation,Fuel,Coal,%,44.64,,
Malaysia,MYS,2024-06-01,Country or economy,Asia,Asia,0.0,0.0,0.0,0.0,1.0,Electricity generation,Fuel,Gas,%,34.46,,
Malaysia,MYS,2024-06-01,Country or economy,Asia,Asia,0.0,0.0,0.0,0.0,1.0,Electricity generation,Fuel,Hydro,%,16.1,,
Malaysia,MYS,2024-06-01,Country or economy,Asia,Asia,0.0,0.0,0.0,0.0,1.0,Electricity generation,Fuel,Other Fossil,%,0.47,,
Malaysia,MYS,2024-06-01,Country or economy,Asia,Asia,0.0,0.0,0.0,0.0,1.0,Electricity generation,Fuel,Solar,%,1.73,,
Malaysia,MYS,2024-06-01,Country or economy,Asia,Asia,0.0,0.0,0.0,0.0,1.0,Electricity generation,Fuel,Bioenergy,TWh,0.39,0.01,2.63
Malaysia,MYS,2024-06-01,Country or economy,Asia,Asia,0.0,0.0,0.0,0.0,1.0,Electricity generation,Fuel,Coal,TWh,6.71,-0.02,-0.3
Malaysia,MYS,2024-06-01,Country or economy,Asia,Asia,0.0,0.0,0.0,0.0,1.0,Electricity generation,Fuel,Gas,TWh,5.18,0.18,3.6
Malaysia,MYS,2024-06-01,Country or economy,Asia,Asia,0.0,0.0,0.0,0.0,1.0,Electricity generation,Fuel,Hydro,TWh,2.42,0.06,2.54
Malaysia,MYS,2024-06-01,Country or economy,Asia,Asia,0.0,0.0,0.0,0.0,1.0,Electricity generation,Fuel,Other Fossil,TWh,0.07,-0.01,-12.5
Malaysia,MYS,2024-06-01,Country or economy,Asia,Asia,0.0,0.0,0.0,0.0,1.0,Electricity generation,Fuel,Solar,TWh,0.26,0.08,44.44
Malaysia,MYS,2024-06-01,Country or economy,Asia,Asia,0.0,0.0,0.0,0.0,1.0,Electricity generation,Total,Total Generation,TWh,15.03,0.3,2.04
Malaysia,MYS,2024-06-01,Country or economy,Asia,Asia,0.0,0.0,0.0,0.0,1.0,Electricity imports,Electricity imports,Net Imports,TWh,-0.01,-0.01,
Malaysia,MYS,2024-06-01,Country or economy,Asia,Asia,0.0,0.0,0.0,0.0,1.0,Power sector emissions,Aggregate fuel,Clean,mtCO2,0.16,0.0,0.0
Malaysia,MYS,2024-06-01,Country or economy,Asia,Asia,0.0,0.0,0.0,0.0,1.0,Power sector emissions,Aggregate fuel,Fossil,mtCO2,9.53,0.09,0.95
Malaysia,MYS,2024-06-01,Country or economy,Asia,Asia,0.0,0.0,0.0,0.0,1.0,Power sector emissions,Aggregate fuel,Gas and Other Fossil,mtCO2,3.53,0.11,3.22
Malaysia,MYS,2024-06-01,Country or economy,Asia,Asia,0.0,0.0,0.0,0.0,1.0,Power sector emissions,Aggregate fuel,"Hydro, Bioenergy and Other Renewables",mtCO2,0.15,0.0,0.0
Malaysia,MYS,2024-06-01,Country or economy,Asia,Asia,0.0,0.0,0.0,0.0,1.0,Power sector emissions,Aggregate fuel,Renewables,mtCO2,0.16,0.0,0.0
Malaysia,MYS,2024-06-01,Country or economy,Asia,Asia,0.0,0.0,0.0,0.0,1.0,Power sector emissions,Aggregate fuel,Wind and Solar,mtCO2,0.01,0.0,0.0
Malaysia,MYS,2024-06-01,Country or economy,Asia,Asia,0.0,0.0,0.0,0.0,1.0,Power sector emissions,CO2 intensity,CO2 intensity,gCO2/kWh,644.71,-7.02,-1.08
Malaysia,MYS,2024-06-01,Country or economy,Asia,Asia,0.0,0.0,0.0,0.0,1.0,Power sector emissions,Fuel,Bioenergy,mtCO2,0.09,0.0,0.0
Malaysia,MYS,2024-06-01,Country or economy,Asia,Asia,0.0,0.0,0.0,0.0,1.0,Power sector emissions,Fuel,Coal,mtCO2,6.0,-0.02,-0.33
Malaysia,MYS,2024-06-01,Country or economy,Asia,Asia,0.0,0.0,0.0,0.0,1.0,Power sector emissions,Fuel,Gas,mtCO2,3.48,0.12,3.57
Malaysia,MYS,2024-06-01,Country or economy,Asia,Asia,0.0,0.0,0.0,0.0,1.0,Power sector emissions,Fuel,Hydro,mtCO2,0.06,0.0,0.0
Malaysia,MYS,2024-06-01,Country or economy,Asia,Asia,0.0,0.0,0.0,0.0,1.0,Power sector emissions,Fuel,Other Fossil,mtCO2,0.05,-0.01,-16.67
Malaysia,MYS,2024-06-01,Country or economy,Asia,Asia,0.0,0.0,0.0,0.0,1.0,Power sector emissions,Fuel,Solar,mtCO2,0.01,0.0,0.0
Malaysia,MYS,2024-06-01,Country or economy,Asia,Asia,0.0,0.0,0.0,0.0,1.0,Power sector emissions,Total,Total emissions,mtCO2,9.69,0.09,0.94
Malaysia,MYS,2024-07-01,Country or economy,Asia,Asia,0.0,0.0,0.0,0.0,1.0,Electricity demand,Demand,Demand,TWh,15.93,0.92,6.13
Malaysia,MYS,2024-07-01,Country or economy,Asia,Asia,0.0,0.0,0.0,0.0,1.0,Electricity generation,Aggregate fuel,Clean,%,20.27,,
Malaysia,MYS,2024-07-01,Country or economy,Asia,Asia,0.0,0.0,0.0,0.0,1.0,Electricity generation,Aggregate fuel,Fossil,%,79.73,,
Malaysia,MYS,2024-07-01,Country or economy,Asia,Asia,0.0,0.0,0.0,0.0,1.0,Electricity generation,Aggregate fuel,Gas and Other Fossil,%,36.85,,
Malaysia,MYS,2024-07-01,Country or economy,Asia,Asia,0.0,0.0,0.0,0.0,1.0,Electricity generation,Aggregate fuel,"Hydro, Bioenergy and Other Renewables",%,18.64,,
Malaysia,MYS,2024-07-01,Country or economy,Asia,Asia,0.0,0.0,0.0,0.0,1.0,Electricity generation,Aggregate fuel,Renewables,%,20.27,,
Malaysia,MYS,2024-07-01,Country or economy,Asia,Asia,0.0,0.0,0.0,0.0,1.0,Electricity generation,Aggregate fuel,Wind and Solar,%,1.63,,
Malaysia,MYS,2024-07-01,Country or economy,Asia,Asia,0.0,0.0,0.0,0.0,1.0,Electricity generation,Aggregate fuel,Clean,TWh,3.23,0.2,6.6
Malaysia,MYS,2024-07-01,Country or economy,Asia,Asia,0.0,0.0,0.0,0.0,1.0,Electricity generation,Aggregate fuel,Fossil,TWh,12.7,0.71,5.92
Malaysia,MYS,2024-07-01,Country or economy,Asia,Asia,0.0,0.0,0.0,0.0,1.0,Electricity generation,Aggregate fuel,Gas and Other Fossil,TWh,5.87,0.65,12.45
Malaysia,MYS,2024-07-01,Country or economy,Asia,Asia,0.0,0.0,0.0,0.0,1.0,Electricity generation,Aggregate fuel,"Hydro, Bioenergy and Other Renewables",TWh,2.97,0.12,4.21
Malaysia,MYS,2024-07-01,Country or economy,Asia,Asia,0.0,0.0,0.0,0.0,1.0,Electricity generation,Aggregate fuel,Renewables,TWh,3.23,0.2,6.6
Malaysia,MYS,2024-07-01,Country or economy,Asia,Asia,0.0,0.0,0.0,0.0,1.0,Electricity generation,Aggregate fuel,Wind and Solar,TWh,0.26,0.08,44.44
Malaysia,MYS,2024-07-01,Country or economy,Asia,Asia,0.0,0.0,0.0,0.0,1.0,Electricity generation,Fuel,Bioenergy,%,2.57,,
Malaysia,MYS,2024-07-01,Country or economy,Asia,Asia,0.0,0.0,0.0,0.0,1.0,Electricity generation,Fuel,Coal,%,42.88,,
Malaysia,MYS,2024-07-01,Country or economy,Asia,Asia,0.0,0.0,0.0,0.0,1.0,Electricity generation,Fuel,Gas,%,36.35,,
Malaysia,MYS,2024-07-01,Country or economy,Asia,Asia,0.0,0.0,0.0,0.0,1.0,Electricity generation,Fuel,Hydro,%,16.07,,
Malaysia,MYS,2024-07-01,Country or economy,Asia,Asia,0.0,0.0,0.0,0.0,1.0,Electricity generation,Fuel,Other Fossil,%,0.5,,
Malaysia,MYS,2024-07-01,Country or economy,Asia,Asia,0.0,0.0,0.0,0.0,1.0,Electricity generation,Fuel,Solar,%,1.63,,
Malaysia,MYS,2024-07-01,Country or economy,Asia,Asia,0.0,0.0,0.0,0.0,1.0,Electricity generation,Fuel,Bioenergy,TWh,0.41,0.02,5.13
Malaysia,MYS,2024-07-01,Country or economy,Asia,Asia,0.0,0.0,0.0,0.0,1.0,Electricity generation,Fuel,Coal,TWh,6.83,0.06,0.89
Malaysia,MYS,2024-07-01,Country or economy,Asia,Asia,0.0,0.0,0.0,0.0,1.0,Electricity generation,Fuel,Gas,TWh,5.79,0.64,12.43
Malaysia,MYS,2024-07-01,Country or economy,Asia,Asia,0.0,0.0,0.0,0.0,1.0,Electricity generation,Fuel,Hydro,TWh,2.56,0.1,4.07
Malaysia,MYS,2024-07-01,Country or economy,Asia,Asia,0.0,0.0,0.0,0.0,1.0,Electricity generation,Fuel,Other Fossil,TWh,0.08,0.01,14.29
Malaysia,MYS,2024-07-01,Country or economy,Asia,Asia,0.0,0.0,0.0,0.0,1.0,Electricity generation,Fuel,Solar,TWh,0.26,0.08,44.44
Malaysia,MYS,2024-07-01,Country or economy,Asia,Asia,0.0,0.0,0.0,0.0,1.0,Electricity generation,Total,Total Generation,TWh,15.93,0.91,6.06
Malaysia,MYS,2024-07-01,Country or economy,Asia,Asia,0.0,0.0,0.0,0.0,1.0,Electricity imports,Electricity imports,Net Imports,TWh,0.0,0.01,
Malaysia,MYS,2024-07-01,Country or economy,Asia,Asia,0.0,0.0,0.0,0.0,1.0,Power sector emissions,Aggregate fuel,Clean,mtCO2,0.16,0.0,0.0
Malaysia,MYS,2024-07-01,Country or economy,Asia,Asia,0.0,0.0,0.0,0.0,1.0,Power sector emissions,Aggregate fuel,Fossil,mtCO2,10.06,0.49,5.12
Malaysia,MYS,2024-07-01,Country or economy,Asia,Asia,0.0,0.0,0.0,0.0,1.0,Power sector emissions,Aggregate fuel,Gas and Other Fossil,mtCO2,3.95,0.44,12.54
Malaysia,MYS,2024-07-01,Country or economy,Asia,Asia,0.0,0.0,0.0,0.0,1.0,Power sector emissions,Aggregate fuel,"Hydro, Bioenergy and Other Renewables",mtCO2,0.15,0.0,0.0
Malaysia,MYS,2024-07-01,Country or economy,Asia,Asia,0.0,0.0,0.0,0.0,1.0,Power sector emissions,Aggregate fuel,Renewables,mtCO2,0.16,0.0,0.0
Malaysia,MYS,2024-07-01,Country or economy,Asia,Asia,0.0,0.0,0.0,0.0,1.0,Power sector emissions,Aggregate fuel,Wind and Solar,mtCO2,0.01,0.0,0.0
Malaysia,MYS,2024-07-01,Country or economy,Asia,Asia,0.0,0.0,0.0,0.0,1.0,Power sector emissions,CO2 intensity,CO2 intensity,gCO2/kWh,641.56,-6.24,-0.96
Malaysia,MYS,2024-07-01,Country or economy,Asia,Asia,0.0,0.0,0.0,0.0,1.0,Power sector emissions,Fuel,Bioenergy,mtCO2,0.09,0.0,0.0
Malaysia,MYS,2024-07-01,Country or economy,Asia,Asia,0.0,0.0,0.0,0.0,1.0,Power sector emissions,Fuel,Coal,mtCO2,6.11,0.05,0.83
Malaysia,MYS,2024-07-01,Country or economy,Asia,Asia,0.0,0.0,0.0,0.0,1.0,Power sector emissions,Fuel,Gas,mtCO2,3.89,0.43,12.43
Malaysia,MYS,2024-07-01,Country or economy,Asia,Asia,0.0,0.0,0.0,0.0,1.0,Power sector emissions,Fuel,Hydro,mtCO2,0.06,0.0,0.0
Malaysia,MYS,2024-07-01,Country or economy,Asia,Asia,0.0,0.0,0.0,0.0,1.0,Power sector emissions,Fuel,Other Fossil,mtCO2,0.06,0.01,20.0
Malaysia,MYS,2024-07-01,Country or economy,Asia,Asia,0.0,0.0,0.0,0.0,1.0,Power sector emissions,Fuel,Solar,mtCO2,0.01,0.0,0.0
Malaysia,MYS,2024-07-01,Country or economy,Asia,Asia,0.0,0.0,0.0,0.0,1.0,Power sector emissions,Total,Total emissions,mtCO2,10.22,0.49,5.04
Malaysia,MYS,2024-08-01,Country or economy,Asia,Asia,0.0,0.0,0.0,0.0,1.0,Electricity demand,Demand,Demand,TWh,15.97,0.83,5.48
Malaysia,MYS,2024-08-01,Country or economy,Asia,Asia,0.0,0.0,0.0,0.0,1.0,Electricity generation,Aggregate fuel,Clean,%,21.79,,
Malaysia,MYS,2024-08-01,Country or economy,Asia,Asia,0.0,0.0,0.0,0.0,1.0,Electricity generation,Aggregate fuel,Fossil,%,78.2,,
Malaysia,MYS,2024-08-01,Country or economy,Asia,Asia,0.0,0.0,0.0,0.0,1.0,Electricity generation,Aggregate fuel,Gas and Other Fossil,%,33.93,,
Malaysia,MYS,2024-08-01,Country or economy,Asia,Asia,0.0,0.0,0.0,0.0,1.0,Electricity generation,Aggregate fuel,"Hydro, Bioenergy and Other Renewables",%,20.1,,
Malaysia,MYS,2024-08-01,Country or economy,Asia,Asia,0.0,0.0,0.0,0.0,1.0,Electricity generation,Aggregate fuel,Renewables,%,21.79,,
Malaysia,MYS,2024-08-01,Country or economy,Asia,Asia,0.0,0.0,0.0,0.0,1.0,Electricity generation,Aggregate fuel,Wind and Solar,%,1.69,,
Malaysia,MYS,2024-08-01,Country or economy,Asia,Asia,0.0,0.0,0.0,0.0,1.0,Electricity generation,Aggregate fuel,Clean,TWh,3.48,0.36,11.54
Malaysia,MYS,2024-08-01,Country or economy,Asia,Asia,0.0,0.0,0.0,0.0,1.0,Electricity generation,Aggregate fuel,Fossil,TWh,12.49,0.48,4.0
Malaysia,MYS,2024-08-01,Country or economy,Asia,Asia,0.0,0.0,0.0,0.0,1.0,Electricity generation,Aggregate fuel,Gas and Other Fossil,TWh,5.42,0.4,7.97
Malaysia,MYS,2024-08-01,Country or economy,Asia,Asia,0.0,0.0,0.0,0.0,1.0,Electricity generation,Aggregate fuel,"Hydro, Bioenergy and Other Renewables",TWh,3.21,0.28,9.56
Malaysia,MYS,2024-08-01,Country or economy,Asia,Asia,0.0,0.0,0.0,0.0,1.0,Electricity generation,Aggregate fuel,Renewables,TWh,3.48,0.36,11.54
Malaysia,MYS,2024-08-01,Country or economy,Asia,Asia,0.0,0.0,0.0,0.0,1.0,Electricity generation,Aggregate fuel,Wind and Solar,TWh,0.27,0.08,42.11
Malaysia,MYS,2024-08-01,Country or economy,Asia,Asia,0.0,0.0,0.0,0.0,1.0,Electricity generation,Fuel,Bioenergy,%,2.82,,
Malaysia,MYS,2024-08-01,Country or economy,Asia,Asia,0.0,0.0,0.0,0.0,1.0,Electricity generation,Fuel,Coal,%,44.27,,
Malaysia,MYS,2024-08-01,Country or economy,Asia,Asia,0.0,0.0,0.0,0.0,1.0,Electricity generation,Fuel,Gas,%,33.12,,
Malaysia,MYS,2024-08-01,Country or economy,Asia,Asia,0.0,0.0,0.0,0.0,1.0,Electricity generation,Fuel,Hydro,%,17.28,,
Malaysia,MYS,2024-08-01,Country or economy,Asia,Asia,0.0,0.0,0.0,0.0,1.0,Electricity generation,Fuel,Other Fossil,%,0.81,,
Malaysia,MYS,2024-08-01,Country or economy,Asia,Asia,0.0,0.0,0.0,0.0,1.0,Electricity generation,Fuel,Solar,%,1.69,,
Malaysia,MYS,2024-08-01,Country or economy,Asia,Asia,0.0,0.0,0.0,0.0,1.0,Electricity generation,Fuel,Bioenergy,TWh,0.45,0.06,15.38
Malaysia,MYS,2024-08-01,Country or economy,Asia,Asia,0.0,0.0,0.0,0.0,1.0,Electricity generation,Fuel,Coal,TWh,7.07,0.08,1.14
Malaysia,MYS,2024-08-01,Country or economy,Asia,Asia,0.0,0.0,0.0,0.0,1.0,Electricity generation,Fuel,Gas,TWh,5.29,0.34,6.87
Malaysia,MYS,2024-08-01,Country or economy,Asia,Asia,0.0,0.0,0.0,0.0,1.0,Electricity generation,Fuel,Hydro,TWh,2.76,0.22,8.66
Malaysia,MYS,2024-08-01,Country or economy,Asia,Asia,0.0,0.0,0.0,0.0,1.0,Electricity generation,Fuel,Other Fossil,TWh,0.13,0.06,85.71
Malaysia,MYS,2024-08-01,Country or economy,Asia,Asia,0.0,0.0,0.0,0.0,1.0,Electricity generation,Fuel,Solar,TWh,0.27,0.08,42.11
Malaysia,MYS,2024-08-01,Country or economy,Asia,Asia,0.0,0.0,0.0,0.0,1.0,Electricity generation,Total,Total Generation,TWh,15.97,0.84,5.55
Malaysia,MYS,2024-08-01,Country or economy,Asia,Asia,0.0,0.0,0.0,0.0,1.0,Electricity imports,Electricity imports,Net Imports,TWh,0.0,-0.01,-100.0
Malaysia,MYS,2024-08-01,Country or economy,Asia,Asia,0.0,0.0,0.0,0.0,1.0,Power sector emissions,Aggregate fuel,Clean,mtCO2,0.18,0.02,12.5
Malaysia,MYS,2024-08-01,Country or economy,Asia,Asia,0.0,0.0,0.0,0.0,1.0,Power sector emissions,Aggregate fuel,Fossil,mtCO2,9.98,0.34,3.53
Malaysia,MYS,2024-08-01,Country or economy,Asia,Asia,0.0,0.0,0.0,0.0,1.0,Power sector emissions,Aggregate fuel,Gas and Other Fossil,mtCO2,3.65,0.27,7.99
Malaysia,MYS,2024-08-01,Country or economy,Asia,Asia,0.0,0.0,0.0,0.0,1.0,Power sector emissions,Aggregate fuel,"Hydro, Bioenergy and Other Renewables",mtCO2,0.17,0.02,13.33
Malaysia,MYS,2024-08-01,Country or economy,Asia,Asia,0.0,0.0,0.0,0.0,1.0,Power sector emissions,Aggregate fuel,Renewables,mtCO2,0.18,0.02,12.5
Malaysia,MYS,2024-08-01,Country or economy,Asia,Asia,0.0,0.0,0.0,0.0,1.0,Power sector emissions,Aggregate fuel,Wind and Solar,mtCO2,0.01,0.0,0.0
Malaysia,MYS,2024-08-01,Country or economy,Asia,Asia,0.0,0.0,0.0,0.0,1.0,Power sector emissions,CO2 intensity,CO2 intensity,gCO2/kWh,636.19,-11.53,-1.78
Malaysia,MYS,2024-08-01,Country or economy,Asia,Asia,0.0,0.0,0.0,0.0,1.0,Power sector emissions,Fuel,Bioenergy,mtCO2,0.1,0.01,11.11
Malaysia,MYS,2024-08-01,Country or economy,Asia,Asia,0.0,0.0,0.0,0.0,1.0,Power sector emissions,Fuel,Coal,mtCO2,6.33,0.07,1.12
Malaysia,MYS,2024-08-01,Country or economy,Asia,Asia,0.0,0.0,0.0,0.0,1.0,Power sector emissions,Fuel,Gas,mtCO2,3.56,0.23,6.91
Malaysia,MYS,2024-08-01,Country or economy,Asia,Asia,0.0,0.0,0.0,0.0,1.0,Power sector emissions,Fuel,Hydro,mtCO2,0.07,0.01,16.67
Malaysia,MYS,2024-08-01,Country or economy,Asia,Asia,0.0,0.0,0.0,0.0,1.0,Power sector emissions,Fuel,Other Fossil,mtCO2,0.09,0.04,80.0
Malaysia,MYS,2024-08-01,Country or economy,Asia,Asia,0.0,0.0,0.0,0.0,1.0,Power sector emissions,Fuel,Solar,mtCO2,0.01,0.0,0.0
Malaysia,MYS,2024-08-01,Country or economy,Asia,Asia,0.0,0.0,0.0,0.0,1.0,Power sector emissions,Total,Total emissions,mtCO2,10.16,0.36,3.67
Malaysia,MYS,2024-09-01,Country or economy,Asia,Asia,0.0,0.0,0.0,0.0,1.0,Electricity demand,Demand,Demand,TWh,15.09,0.47,3.21
Malaysia,MYS,2024-09-01,Country or economy,Asia,Asia,0.0,0.0,0.0,0.0,1.0,Electricity generation,Aggregate fuel,Clean,%,20.62,,
Malaysia,MYS,2024-09-01,Country or economy,Asia,Asia,0.0,0.0,0.0,0.0,1.0,Electricity generation,Aggregate fuel,Fossil,%,79.37,,
Malaysia,MYS,2024-09-01,Country or economy,Asia,Asia,0.0,0.0,0.0,0.0,1.0,Electricity generation,Aggregate fuel,Gas and Other Fossil,%,32.42,,
Malaysia,MYS,2024-09-01,Country or economy,Asia,Asia,0.0,0.0,0.0,0.0,1.0,Electricity generation,Aggregate fuel,"Hydro, Bioenergy and Other Renewables",%,18.9,,
Malaysia,MYS,2024-09-01,Country or economy,Asia,Asia,0.0,0.0,0.0,0.0,1.0,Electricity generation,Aggregate fuel,Renewables,%,20.62,,
Malaysia,MYS,2024-09-01,Country or economy,Asia,Asia,0.0,0.0,0.0,0.0,1.0,Electricity generation,Aggregate fuel,Wind and Solar,%,1.72,,
Malaysia,MYS,2024-09-01,Country or economy,Asia,Asia,0.0,0.0,0.0,0.0,1.0,Electricity generation,Aggregate fuel,Clean,TWh,3.11,-0.02,-0.64
Malaysia,MYS,2024-09-01,Country or economy,Asia,Asia,0.0,0.0,0.0,0.0,1.0,Electricity generation,Aggregate fuel,Fossil,TWh,11.97,0.51,4.45
Malaysia,MYS,2024-09-01,Country or economy,Asia,Asia,0.0,0.0,0.0,0.0,1.0,Electricity generation,Aggregate fuel,Gas and Other Fossil,TWh,4.89,-0.24,-4.68
Malaysia,MYS,2024-09-01,Country or economy,Asia,Asia,0.0,0.0,0.0,0.0,1.0,Electricity generation,Aggregate fuel,"Hydro, Bioenergy and Other Renewables",TWh,2.85,-0.1,-3.39
Malaysia,MYS,2024-09-01,Country or economy,Asia,Asia,0.0,0.0,0.0,0.0,1.0,Electricity generation,Aggregate fuel,Renewables,TWh,3.11,-0.02,-0.64
Malaysia,MYS,2024-09-01,Country or economy,Asia,Asia,0.0,0.0,0.0,0.0,1.0,Electricity generation,Aggregate fuel,Wind and Solar,TWh,0.26,0.08,44.44
Malaysia,MYS,2024-09-01,Country or economy,Asia,Asia,0.0,0.0,0.0,0.0,1.0,Electricity generation,Fuel,Bioenergy,%,2.65,,
Malaysia,MYS,2024-09-01,Country or economy,Asia,Asia,0.0,0.0,0.0,0.0,1.0,Electricity generation,Fuel,Coal,%,46.95,,
Malaysia,MYS,2024-09-01,Country or economy,Asia,Asia,0.0,0.0,0.0,0.0,1.0,Electricity generation,Fuel,Gas,%,31.96,,
Malaysia,MYS,2024-09-01,Country or economy,Asia,Asia,0.0,0.0,0.0,0.0,1.0,Electricity generation,Fuel,Hydro,%,16.25,,
Malaysia,MYS,2024-09-01,Country or economy,Asia,Asia,0.0,0.0,0.0,0.0,1.0,Electricity generation,Fuel,Other Fossil,%,0.46,,
Malaysia,MYS,2024-09-01,Country or economy,Asia,Asia,0.0,0.0,0.0,0.0,1.0,Electricity generation,Fuel,Solar,%,1.72,,
Malaysia,MYS,2024-09-01,Country or economy,Asia,Asia,0.0,0.0,0.0,0.0,1.0,Electricity generation,Fuel,Bioenergy,TWh,0.4,0.02,5.26
Malaysia,MYS,2024-09-01,Country or economy,Asia,Asia,0.0,0.0,0.0,0.0,1.0,Electricity generation,Fuel,Coal,TWh,7.08,0.75,11.85
Malaysia,MYS,2024-09-01,Country or economy,Asia,Asia,0.0,0.0,0.0,0.0,1.0,Electricity generation,Fuel,Gas,TWh,4.82,-0.14,-2.82
Malaysia,MYS,2024-09-01,Country or economy,Asia,Asia,0.0,0.0,0.0,0.0,1.0,Electricity generation,Fuel,Hydro,TWh,2.45,-0.12,-4.67
Malaysia,MYS,2024-09-01,Country or economy,Asia,Asia,0.0,0.0,0.0,0.0,1.0,Electricity generation,Fuel,Other Fossil,TWh,0.07,-0.1,-58.82
Malaysia,MYS,2024-09-01,Country or economy,Asia,Asia,0.0,0.0,0.0,0.0,1.0,Electricity generation,Fuel,Solar,TWh,0.26,0.08,44.44
Malaysia,MYS,2024-09-01,Country or economy,Asia,Asia,0.0,0.0,0.0,0.0,1.0,Electricity generation,Total,Total Generation,TWh,15.08,0.49,3.36
Malaysia,MYS,2024-09-01,Country or economy,Asia,Asia,0.0,0.0,0.0,0.0,1.0,Electricity imports,Electricity imports,Net Imports,TWh,0.01,-0.02,-66.67
Malaysia,MYS,2024-09-01,Country or economy,Asia,Asia,0.0,0.0,0.0,0.0,1.0,Power sector emissions,Aggregate fuel,Clean,mtCO2,0.16,0.0,0.0
Malaysia,MYS,2024-09-01,Country or economy,Asia,Asia,0.0,0.0,0.0,0.0,1.0,Power sector emissions,Aggregate fuel,Fossil,mtCO2,9.63,0.52,5.71
Malaysia,MYS,2024-09-01,Country or economy,Asia,Asia,0.0,0.0,0.0,0.0,1.0,Power sector emissions,Aggregate fuel,Gas and Other Fossil,mtCO2,3.29,-0.16,-4.64
Malaysia,MYS,2024-09-01,Country or economy,Asia,Asia,0.0,0.0,0.0,0.0,1.0,Power sector emissions,Aggregate fuel,"Hydro, Bioenergy and Other Renewables",mtCO2,0.15,0.0,0.0
Malaysia,MYS,2024-09-01,Country or economy,Asia,Asia,0.0,0.0,0.0,0.0,1.0,Power sector emissions,Aggregate fuel,Renewables,mtCO2,0.16,0.0,0.0
Malaysia,MYS,2024-09-01,Country or economy,Asia,Asia,0.0,0.0,0.0,0.0,1.0,Power sector emissions,Aggregate fuel,Wind and Solar,mtCO2,0.01,0.0,0.0
Malaysia,MYS,2024-09-01,Country or economy,Asia,Asia,0.0,0.0,0.0,0.0,1.0,Power sector emissions,CO2 intensity,CO2 intensity,gCO2/kWh,649.2,13.83,2.18
Malaysia,MYS,2024-09-01,Country or economy,Asia,Asia,0.0,0.0,0.0,0.0,1.0,Power sector emissions,Fuel,Bioenergy,mtCO2,0.09,0.0,0.0
Malaysia,MYS,2024-09-01,Country or economy,Asia,Asia,0.0,0.0,0.0,0.0,1.0,Power sector emissions,Fuel,Coal,mtCO2,6.34,0.68,12.01
Malaysia,MYS,2024-09-01,Country or economy,Asia,Asia,0.0,0.0,0.0,0.0,1.0,Power sector emissions,Fuel,Gas,mtCO2,3.24,-0.09,-2.7
Malaysia,MYS,2024-09-01,Country or economy,Asia,Asia,0.0,0.0,0.0,0.0,1.0,Power sector emissions,Fuel,Hydro,mtCO2,0.06,0.0,0.0
Malaysia,MYS,2024-09-01,Country or economy,Asia,Asia,0.0,0.0,0.0,0.0,1.0,Power sector emissions,Fuel,Other Fossil,mtCO2,0.05,-0.07,-58.33
Malaysia,MYS,2024-09-01,Country or economy,Asia,Asia,0.0,0.0,0.0,0.0,1.0,Power sector emissions,Fuel,Solar,mtCO2,0.01,0.0,0.0
Malaysia,MYS,2024-09-01,Country or economy,Asia,Asia,0.0,0.0,0.0,0.0,1.0,Power sector emissions,Total,Total emissions,mtCO2,9.79,0.52,5.61
Malaysia,MYS,2024-10-01,Country or economy,Asia,Asia,0.0,0.0,0.0,0.0,1.0,Electricity demand,Demand,Demand,TWh,15.79,0.36,2.33
Malaysia,MYS,2024-10-01,Country or economy,Asia,Asia,0.0,0.0,0.0,0.0,1.0,Electricity generation,Aggregate fuel,Clean,%,22.1,,
Malaysia,MYS,2024-10-01,Country or economy,Asia,Asia,0.0,0.0,0.0,0.0,1.0,Electricity generation,Aggregate fuel,Fossil,%,77.9,,
Malaysia,MYS,2024-10-01,Country or economy,Asia,Asia,0.0,0.0,0.0,0.0,1.0,Electricity generation,Aggregate fuel,Gas and Other Fossil,%,35.34,,
Malaysia,MYS,2024-10-01,Country or economy,Asia,Asia,0.0,0.0,0.0,0.0,1.0,Electricity generation,Aggregate fuel,"Hydro, Bioenergy and Other Renewables",%,20.33,,
Malaysia,MYS,2024-10-01,Country or economy,Asia,Asia,0.0,0.0,0.0,0.0,1.0,Electricity generation,Aggregate fuel,Renewables,%,22.1,,
Malaysia,MYS,2024-10-01,Country or economy,Asia,Asia,0.0,0.0,0.0,0.0,1.0,Electricity generation,Aggregate fuel,Wind and Solar,%,1.77,,
Malaysia,MYS,2024-10-01,Country or economy,Asia,Asia,0.0,0.0,0.0,0.0,1.0,Electricity generation,Aggregate fuel,Clean,TWh,3.49,0.22,6.73
Malaysia,MYS,2024-10-01,Country or economy,Asia,Asia,0.0,0.0,0.0,0.0,1.0,Electricity generation,Aggregate fuel,Fossil,TWh,12.3,0.16,1.32
Malaysia,MYS,2024-10-01,Country or economy,Asia,Asia,0.0,0.0,0.0,0.0,1.0,Electricity generation,Aggregate fuel,Gas and Other Fossil,TWh,5.58,-0.14,-2.45
Malaysia,MYS,2024-10-01,Country or economy,Asia,Asia,0.0,0.0,0.0,0.0,1.0,Electricity generation,Aggregate fuel,"Hydro, Bioenergy and Other Renewables",TWh,3.21,0.13,4.22
Malaysia,MYS,2024-10-01,Country or economy,Asia,Asia,0.0,0.0,0.0,0.0,1.0,Electricity generation,Aggregate fuel,Renewables,TWh,3.49,0.22,6.73
Malaysia,MYS,2024-10-01,Country or economy,Asia,Asia,0.0,0.0,0.0,0.0,1.0,Electricity generation,Aggregate fuel,Wind and Solar,TWh,0.28,0.09,47.37
Malaysia,MYS,2024-10-01,Country or economy,Asia,Asia,0.0,0.0,0.0,0.0,1.0,Electricity generation,Fuel,Bioenergy,%,2.72,,
Malaysia,MYS,2024-10-01,Country or economy,Asia,Asia,0.0,0.0,0.0,0.0,1.0,Electricity generation,Fuel,Coal,%,42.56,,
Malaysia,MYS,2024-10-01,Country or economy,Asia,Asia,0.0,0.0,0.0,0.0,1.0,Electricity generation,Fuel,Gas,%,34.9,,
Malaysia,MYS,2024-10-01,Country or economy,Asia,Asia,0.0,0.0,0.0,0.0,1.0,Electricity generation,Fuel,Hydro,%,17.61,,
Malaysia,MYS,2024-10-01,Country or economy,Asia,Asia,0.0,0.0,0.0,0.0,1.0,Electricity generation,Fuel,Other Fossil,%,0.44,,
Malaysia,MYS,2024-10-01,Country or economy,Asia,Asia,0.0,0.0,0.0,0.0,1.0,Electricity generation,Fuel,Solar,%,1.77,,
Malaysia,MYS,2024-10-01,Country or economy,Asia,Asia,0.0,0.0,0.0,0.0,1.0,Electricity generation,Fuel,Bioenergy,TWh,0.43,0.02,4.88
Malaysia,MYS,2024-10-01,Country or economy,Asia,Asia,0.0,0.0,0.0,0.0,1.0,Electricity generation,Fuel,Coal,TWh,6.72,0.3,4.67
Malaysia,MYS,2024-10-01,Country or economy,Asia,Asia,0.0,0.0,0.0,0.0,1.0,Electricity generation,Fuel,Gas,TWh,5.51,-0.12,-2.13
Malaysia,MYS,2024-10-01,Country or economy,Asia,Asia,0.0,0.0,0.0,0.0,1.0,Electricity generation,Fuel,Hydro,TWh,2.78,0.11,4.12
Malaysia,MYS,2024-10-01,Country or economy,Asia,Asia,0.0,0.0,0.0,0.0,1.0,Electricity generation,Fuel,Other Fossil,TWh,0.07,-0.02,-22.22
Malaysia,MYS,2024-10-01,Country or economy,Asia,Asia,0.0,0.0,0.0,0.0,1.0,Electricity generation,Fuel,Solar,TWh,0.28,0.09,47.37
Malaysia,MYS,2024-10-01,Country or economy,Asia,Asia,0.0,0.0,0.0,0.0,1.0,Electricity generation,Total,Total Generation,TWh,15.79,0.38,2.47
Malaysia,MYS,2024-10-01,Country or economy,Asia,Asia,0.0,0.0,0.0,0.0,1.0,Electricity imports,Electricity imports,Net Imports,TWh,0.0,-0.02,-100.0
Malaysia,MYS,2024-10-01,Country or economy,Asia,Asia,0.0,0.0,0.0,0.0,1.0,Power sector emissions,Aggregate fuel,Clean,mtCO2,0.18,0.02,12.5
Malaysia,MYS,2024-10-01,Country or economy,Asia,Asia,0.0,0.0,0.0,0.0,1.0,Power sector emissions,Aggregate fuel,Fossil,mtCO2,9.76,0.17,1.77
Malaysia,MYS,2024-10-01,Country or economy,Asia,Asia,0.0,0.0,0.0,0.0,1.0,Power sector emissions,Aggregate fuel,Gas and Other Fossil,mtCO2,3.75,-0.09,-2.34
Malaysia,MYS,2024-10-01,Country or economy,Asia,Asia,0.0,0.0,0.0,0.0,1.0,Power sector emissions,Aggregate fuel,"Hydro, Bioenergy and Other Renewables",mtCO2,0.17,0.02,13.33
Malaysia,MYS,2024-10-01,Country or economy,Asia,Asia,0.0,0.0,0.0,0.0,1.0,Power sector emissions,Aggregate fuel,Renewables,mtCO2,0.18,0.02,12.5
Malaysia,MYS,2024-10-01,Country or economy,Asia,Asia,0.0,0.0,0.0,0.0,1.0,Power sector emissions,Aggregate fuel,Wind and Solar,mtCO2,0.01,0.0,0.0
Malaysia,MYS,2024-10-01,Country or economy,Asia,Asia,0.0,0.0,0.0,0.0,1.0,Power sector emissions,CO2 intensity,CO2 intensity,gCO2/kWh,629.51,-3.2,-0.51
Malaysia,MYS,2024-10-01,Country or economy,Asia,Asia,0.0,0.0,0.0,0.0,1.0,Power sector emissions,Fuel,Bioenergy,mtCO2,0.1,0.01,11.11
Malaysia,MYS,2024-10-01,Country or economy,Asia,Asia,0.0,0.0,0.0,0.0,1.0,Power sector emissions,Fuel,Coal,mtCO2,6.01,0.26,4.52
Malaysia,MYS,2024-10-01,Country or economy,Asia,Asia,0.0,0.0,0.0,0.0,1.0,Power sector emissions,Fuel,Gas,mtCO2,3.7,-0.08,-2.12
Malaysia,MYS,2024-10-01,Country or economy,Asia,Asia,0.0,0.0,0.0,0.0,1.0,Power sector emissions,Fuel,Hydro,mtCO2,0.07,0.01,16.67
Malaysia,MYS,2024-10-01,Country or economy,Asia,Asia,0.0,0.0,0.0,0.0,1.0,Power sector emissions,Fuel,Other Fossil,mtCO2,0.05,-0.01,-16.67
Malaysia,MYS,2024-10-01,Country or economy,Asia,Asia,0.0,0.0,0.0,0.0,1.0,Power sector emissions,Fuel,Solar,mtCO2,0.01,0.0,0.0
Malaysia,MYS,2024-10-01,Country or economy,Asia,Asia,0.0,0.0,0.0,0.0,1.0,Power sector emissions,Total,Total emissions,mtCO2,9.94,0.19,1.95
Malaysia,MYS,2024-11-01,Country or economy,Asia,Asia,0.0,0.0,0.0,0.0,1.0,Electricity demand,Demand,Demand,TWh,15.02,0.48,3.3
Malaysia,MYS,2024-11-01,Country or economy,Asia,Asia,0.0,0.0,0.0,0.0,1.0,Electricity generation,Aggregate fuel,Clean,%,22.63,,
Malaysia,MYS,2024-11-01,Country or economy,Asia,Asia,0.0,0.0,0.0,0.0,1.0,Electricity generation,Aggregate fuel,Fossil,%,77.37,,
Malaysia,MYS,2024-11-01,Country or economy,Asia,Asia,0.0,0.0,0.0,0.0,1.0,Electricity generation,Aggregate fuel,Gas and Other Fossil,%,31.63,,
Malaysia,MYS,2024-11-01,Country or economy,Asia,Asia,0.0,0.0,0.0,0.0,1.0,Electricity generation,Aggregate fuel,"Hydro, Bioenergy and Other Renewables",%,21.17,,
Malaysia,MYS,2024-11-01,Country or economy,Asia,Asia,0.0,0.0,0.0,0.0,1.0,Electricity generation,Aggregate fuel,Renewables,%,22.63,,
Malaysia,MYS,2024-11-01,Country or economy,Asia,Asia,0.0,0.0,0.0,0.0,1.0,Electricity generation,Aggregate fuel,Wind and Solar,%,1.46,,
Malaysia,MYS,2024-11-01,Country or economy,Asia,Asia,0.0,0.0,0.0,0.0,1.0,Electricity generation,Aggregate fuel,Clean,TWh,3.4,0.38,12.58
Malaysia,MYS,2024-11-01,Country or economy,Asia,Asia,0.0,0.0,0.0,0.0,1.0,Electricity generation,Aggregate fuel,Fossil,TWh,11.62,0.1,0.87
Malaysia,MYS,2024-11-01,Country or economy,Asia,Asia,0.0,0.0,0.0,0.0,1.0,Electricity generation,Aggregate fuel,Gas and Other Fossil,TWh,4.75,-0.69,-12.68
Malaysia,MYS,2024-11-01,Country or economy,Asia,Asia,0.0,0.0,0.0,0.0,1.0,Electricity generation,Aggregate fuel,"Hydro, Bioenergy and Other Renewables",TWh,3.18,0.31,10.8
Malaysia,MYS,2024-11-01,Country or economy,Asia,Asia,0.0,0.0,0.0,0.0,1.0,Electricity generation,Aggregate fuel,Renewables,TWh,3.4,0.38,12.58
Malaysia,MYS,2024-11-01,Country or economy,Asia,Asia,0.0,0.0,0.0,0.0,1.0,Electricity generation,Aggregate fuel,Wind and Solar,TWh,0.22,0.07,46.67
Malaysia,MYS,2024-11-01,Country or economy,Asia,Asia,0.0,0.0,0.0,0.0,1.0,Electricity generation,Fuel,Bioenergy,%,2.73,,
Malaysia,MYS,2024-11-01,Country or economy,Asia,Asia,0.0,0.0,0.0,0.0,1.0,Electricity generation,Fuel,Coal,%,45.74,,
Malaysia,MYS,2024-11-01,Country or economy,Asia,Asia,0.0,0.0,0.0,0.0,1.0,Electricity generation,Fuel,Gas,%,31.16,,
Malaysia,MYS,2024-11-01,Country or economy,Asia,Asia,0.0,0.0,0.0,0.0,1.0,Electricity generation,Fuel,Hydro,%,18.44,,
Malaysia,MYS,2024-11-01,Country or economy,Asia,Asia,0.0,0.0,0.0,0.0,1.0,Electricity generation,Fuel,Other Fossil,%,0.47,,
Malaysia,MYS,2024-11-01,Country or economy,Asia,Asia,0.0,0.0,0.0,0.0,1.0,Electricity generation,Fuel,Solar,%,1.46,,
Malaysia,MYS,2024-11-01,Country or economy,Asia,Asia,0.0,0.0,0.0,0.0,1.0,Electricity generation,Fuel,Bioenergy,TWh,0.41,0.02,5.13
Malaysia,MYS,2024-11-01,Country or economy,Asia,Asia,0.0,0.0,0.0,0.0,1.0,Electricity generation,Fuel,Coal,TWh,6.87,0.79,12.99
Malaysia,MYS,2024-11-01,Country or economy,Asia,Asia,0.0,0.0,0.0,0.0,1.0,Electricity generation,Fuel,Gas,TWh,4.68,-0.69,-12.85
Malaysia,MYS,2024-11-01,Country or economy,Asia,Asia,0.0,0.0,0.0,0.0,1.0,Electricity generation,Fuel,Hydro,TWh,2.77,0.29,11.69
Malaysia,MYS,2024-11-01,Country or economy,Asia,Asia,0.0,0.0,0.0,0.0,1.0,Electricity generation,Fuel,Other Fossil,TWh,0.07,0.0,0.0
Malaysia,MYS,2024-11-01,Country or economy,Asia,Asia,0.0,0.0,0.0,0.0,1.0,Electricity generation,Fuel,Solar,TWh,0.22,0.07,46.67
Malaysia,MYS,2024-11-01,Country or economy,Asia,Asia,0.0,0.0,0.0,0.0,1.0,Electricity generation,Total,Total Generation,TWh,15.02,0.48,3.3
Malaysia,MYS,2024-11-01,Country or economy,Asia,Asia,0.0,0.0,0.0,0.0,1.0,Electricity imports,Electricity imports,Net Imports,TWh,0.0,0.0,
Malaysia,MYS,2024-11-01,Country or economy,Asia,Asia,0.0,0.0,0.0,0.0,1.0,Power sector emissions,Aggregate fuel,Clean,mtCO2,0.17,0.01,6.25
Malaysia,MYS,2024-11-01,Country or economy,Asia,Asia,0.0,0.0,0.0,0.0,1.0,Power sector emissions,Aggregate fuel,Fossil,mtCO2,9.35,0.25,2.75
Malaysia,MYS,2024-11-01,Country or economy,Asia,Asia,0.0,0.0,0.0,0.0,1.0,Power sector emissions,Aggregate fuel,Gas and Other Fossil,mtCO2,3.2,-0.46,-12.57
Malaysia,MYS,2024-11-01,Country or economy,Asia,Asia,0.0,0.0,0.0,0.0,1.0,Power sector emissions,Aggregate fuel,"Hydro, Bioenergy and Other Renewables",mtCO2,0.16,0.01,6.67
Malaysia,MYS,2024-11-01,Country or economy,Asia,Asia,0.0,0.0,0.0,0.0,1.0,Power sector emissions,Aggregate fuel,Renewables,mtCO2,0.17,0.01,6.25
Malaysia,MYS,2024-11-01,Country or economy,Asia,Asia,0.0,0.0,0.0,0.0,1.0,Power sector emissions,Aggregate fuel,Wind and Solar,mtCO2,0.01,0.0,0.0
Malaysia,MYS,2024-11-01,Country or economy,Asia,Asia,0.0,0.0,0.0,0.0,1.0,Power sector emissions,CO2 intensity,CO2 intensity,gCO2/kWh,633.82,-3.04,-0.48
Malaysia,MYS,2024-11-01,Country or economy,Asia,Asia,0.0,0.0,0.0,0.0,1.0,Power sector emissions,Fuel,Bioenergy,mtCO2,0.09,0.0,0.0
Malaysia,MYS,2024-11-01,Country or economy,Asia,Asia,0.0,0.0,0.0,0.0,1.0,Power sector emissions,Fuel,Coal,mtCO2,6.15,0.71,13.05
Malaysia,MYS,2024-11-01,Country or economy,Asia,Asia,0.0,0.0,0.0,0.0,1.0,Power sector emissions,Fuel,Gas,mtCO2,3.15,-0.46,-12.74
Malaysia,MYS,2024-11-01,Country or economy,Asia,Asia,0.0,0.0,0.0,0.0,1.0,Power sector emissions,Fuel,Hydro,mtCO2,0.07,0.01,16.67
Malaysia,MYS,2024-11-01,Country or economy,Asia,Asia,0.0,0.0,0.0,0.0,1.0,Power sector emissions,Fuel,Other Fossil,mtCO2,0.05,0.0,0.0
Malaysia,MYS,2024-11-01,Country or economy,Asia,Asia,0.0,0.0,0.0,0.0,1.0,Power sector emissions,Fuel,Solar,mtCO2,0.01,0.0,0.0
Malaysia,MYS,2024-11-01,Country or economy,Asia,Asia,0.0,0.0,0.0,0.0,1.0,Power sector emissions,Total,Total emissions,mtCO2,9.52,0.26,2.81
Malaysia,MYS,2024-12-01,Country or economy,Asia,Asia,0.0,0.0,0.0,0.0,1.0,Electricity demand,Demand,Demand,TWh,15.19,0.6,4.11
Malaysia,MYS,2024-12-01,Country or economy,Asia,Asia,0.0,0.0,0.0,0.0,1.0,Electricity generation,Aggregate fuel,Clean,%,24.01,,
Malaysia,MYS,2024-12-01,Country or economy,Asia,Asia,0.0,0.0,0.0,0.0,1.0,Electricity generation,Aggregate fuel,Fossil,%,75.98,,
Malaysia,MYS,2024-12-01,Country or economy,Asia,Asia,0.0,0.0,0.0,0.0,1.0,Electricity generation,Aggregate fuel,Gas and Other Fossil,%,30.26,,
Malaysia,MYS,2024-12-01,Country or economy,Asia,Asia,0.0,0.0,0.0,0.0,1.0,Electricity generation,Aggregate fuel,"Hydro, Bioenergy and Other Renewables",%,22.5,,
Malaysia,MYS,2024-12-01,Country or economy,Asia,Asia,0.0,0.0,0.0,0.0,1.0,Electricity generation,Aggregate fuel,Renewables,%,24.01,,
Malaysia,MYS,2024-12-01,Country or economy,Asia,Asia,0.0,0.0,0.0,0.0,1.0,Electricity generation,Aggregate fuel,Wind and Solar,%,1.51,,
Malaysia,MYS,2024-12-01,Country or economy,Asia,Asia,0.0,0.0,0.0,0.0,1.0,Electricity generation,Aggregate fuel,Clean,TWh,3.65,0.47,14.78
Malaysia,MYS,2024-12-01,Country or economy,Asia,Asia,0.0,0.0,0.0,0.0,1.0,Electricity generation,Aggregate fuel,Fossil,TWh,11.55,0.15,1.32
Malaysia,MYS,2024-12-01,Country or economy,Asia,Asia,0.0,0.0,0.0,0.0,1.0,Electricity generation,Aggregate fuel,Gas and Other Fossil,TWh,4.6,-0.44,-8.73
Malaysia,MYS,2024-12-01,Country or economy,Asia,Asia,0.0,0.0,0.0,0.0,1.0,Electricity generation,Aggregate fuel,"Hydro, Bioenergy and Other Renewables",TWh,3.42,0.4,13.25
Malaysia,MYS,2024-12-01,Country or economy,Asia,Asia,0.0,0.0,0.0,0.0,1.0,Electricity generation,Aggregate fuel,Renewables,TWh,3.65,0.47,14.78
Malaysia,MYS,2024-12-01,Country or economy,Asia,Asia,0.0,0.0,0.0,0.0,1.0,Electricity generation,Aggregate fuel,Wind and Solar,TWh,0.23,0.07,43.75
Malaysia,MYS,2024-12-01,Country or economy,Asia,Asia,0.0,0.0,0.0,0.0,1.0,Electricity generation,Fuel,Bioenergy,%,2.7,,
Malaysia,MYS,2024-12-01,Country or economy,Asia,Asia,0.0,0.0,0.0,0.0,1.0,Electricity generation,Fuel,Coal,%,45.72,,
Malaysia,MYS,2024-12-01,Country or economy,Asia,Asia,0.0,0.0,0.0,0.0,1.0,Electricity generation,Fuel,Gas,%,29.8,,
Malaysia,MYS,2024-12-01,Country or economy,Asia,Asia,0.0,0.0,0.0,0.0,1.0,Electricity generation,Fuel,Hydro,%,19.8,,
Malaysia,MYS,2024-12-01,Country or economy,Asia,Asia,0.0,0.0,0.0,0.0,1.0,Electricity generation,Fuel,Other Fossil,%,0.46,,
Malaysia,MYS,2024-12-01,Country or economy,Asia,Asia,0.0,0.0,0.0,0.0,1.0,Electricity generation,Fuel,Solar,%,1.51,,
Malaysia,MYS,2024-12-01,Country or economy,Asia,Asia,0.0,0.0,0.0,0.0,1.0,Electricity generation,Fuel,Bioenergy,TWh,0.41,0.03,7.89
Malaysia,MYS,2024-12-01,Country or economy,Asia,Asia,0.0,0.0,0.0,0.0,1.0,Electricity generation,Fuel,Coal,TWh,6.95,0.59,9.28
Malaysia,MYS,2024-12-01,Country or economy,Asia,Asia,0.0,0.0,0.0,0.0,1.0,Electricity generation,Fuel,Gas,TWh,4.53,-0.45,-9.04
Malaysia,MYS,2024-12-01,Country or economy,Asia,Asia,0.0,0.0,0.0,0.0,1.0,Electricity generation,Fuel,Hydro,TWh,3.01,0.37,14.02
Malaysia,MYS,2024-12-01,Country or economy,Asia,Asia,0.0,0.0,0.0,0.0,1.0,Electricity generation,Fuel,Other Fossil,TWh,0.07,0.01,16.67
Malaysia,MYS,2024-12-01,Country or economy,Asia,Asia,0.0,0.0,0.0,0.0,1.0,Electricity generation,Fuel,Solar,TWh,0.23,0.07,43.75
Malaysia,MYS,2024-12-01,Country or economy,Asia,Asia,0.0,0.0,0.0,0.0,1.0,Electricity generation,Total,Total Generation,TWh,15.2,0.62,4.25
Malaysia,MYS,2024-12-01,Country or economy,Asia,Asia,0.0,0.0,0.0,0.0,1.0,Electricity imports,Electricity imports,Net Imports,TWh,-0.01,-0.02,-200.0
Malaysia,MYS,2024-12-01,Country or economy,Asia,Asia,0.0,0.0,0.0,0.0,1.0,Power sector emissions,Aggregate fuel,Clean,mtCO2,0.17,0.01,6.25
Malaysia,MYS,2024-12-01,Country or economy,Asia,Asia,0.0,0.0,0.0,0.0,1.0,Power sector emissions,Aggregate fuel,Fossil,mtCO2,9.31,0.23,2.53
Malaysia,MYS,2024-12-01,Country or economy,Asia,Asia,0.0,0.0,0.0,0.0,1.0,Power sector emissions,Aggregate fuel,Gas and Other Fossil,mtCO2,3.09,-0.3,-8.85
Malaysia,MYS,2024-12-01,Country or economy,Asia,Asia,0.0,0.0,0.0,0.0,1.0,Power sector emissions,Aggregate fuel,"Hydro, Bioenergy and Other Renewables",mtCO2,0.16,0.01,6.67
Malaysia,MYS,2024-12-01,Country or economy,Asia,Asia,0.0,0.0,0.0,0.0,1.0,Power sector emissions,Aggregate fuel,Renewables,mtCO2,0.17,0.01,6.25
Malaysia,MYS,2024-12-01,Country or economy,Asia,Asia,0.0,0.0,0.0,0.0,1.0,Power sector emissions,Aggregate fuel,Wind and Solar,mtCO2,0.01,0.0,0.0
Malaysia,MYS,2024-12-01,Country or economy,Asia,Asia,0.0,0.0,0.0,0.0,1.0,Power sector emissions,CO2 intensity,CO2 intensity,gCO2/kWh,623.68,-10.07,-1.59
Malaysia,MYS,2024-12-01,Country or economy,Asia,Asia,0.0,0.0,0.0,0.0,1.0,Power sector emissions,Fuel,Bioenergy,mtCO2,0.09,0.0,0.0
Malaysia,MYS,2024-12-01,Country or economy,Asia,Asia,0.0,0.0,0.0,0.0,1.0,Power sector emissions,Fuel,Coal,mtCO2,6.22,0.53,9.31
Malaysia,MYS,2024-12-01,Country or economy,Asia,Asia,0.0,0.0,0.0,0.0,1.0,Power sector emissions,Fuel,Gas,mtCO2,3.04,-0.31,-9.25
Malaysia,MYS,2024-12-01,Country or economy,Asia,Asia,0.0,0.0,0.0,0.0,1.0,Power sector emissions,Fuel,Hydro,mtCO2,0.07,0.01,16.67
Malaysia,MYS,2024-12-01,Country or economy,Asia,Asia,0.0,0.0,0.0,0.0,1.0,Power sector emissions,Fuel,Other Fossil,mtCO2,0.05,0.01,25.0
Malaysia,MYS,2024-12-01,Country or economy,Asia,Asia,0.0,0.0,0.0,0.0,1.0,Power sector emissions,Fuel,Solar,mtCO2,0.01,0.0,0.0
Malaysia,MYS,2024-12-01,Country or economy,Asia,Asia,0.0,0.0,0.0,0.0,1.0,Power sector emissions,Total,Total emissions,mtCO2,9.48,0.24,2.6
Malaysia,MYS,2025-01-01,Country or economy,Asia,Asia,0.0,0.0,0.0,0.0,1.0,Electricity demand,Demand,Demand,TWh,14.97,-0.16,-1.06
Malaysia,MYS,2025-01-01,Country or economy,Asia,Asia,0.0,0.0,0.0,0.0,1.0,Electricity generation,Aggregate fuel,Clean,%,24.55,,
Malaysia,MYS,2025-01-01,Country or economy,Asia,Asia,0.0,0.0,0.0,0.0,1.0,Electricity generation,Aggregate fuel,Fossil,%,75.45,,
Malaysia,MYS,2025-01-01,Country or economy,Asia,Asia,0.0,0.0,0.0,0.0,1.0,Electricity generation,Aggregate fuel,Gas and Other Fossil,%,32.96,,
Malaysia,MYS,2025-01-01,Country or economy,Asia,Asia,0.0,0.0,0.0,0.0,1.0,Electricity generation,Aggregate fuel,"Hydro, Bioenergy and Other Renewables",%,22.88,,
Malaysia,MYS,2025-01-01,Country or economy,Asia,Asia,0.0,0.0,0.0,0.0,1.0,Electricity generation,Aggregate fuel,Renewables,%,24.55,,
Malaysia,MYS,2025-01-01,Country or economy,Asia,Asia,0.0,0.0,0.0,0.0,1.0,Electricity generation,Aggregate fuel,Wind and Solar,%,1.67,,
Malaysia,MYS,2025-01-01,Country or economy,Asia,Asia,0.0,0.0,0.0,0.0,1.0,Electricity generation,Aggregate fuel,Clean,TWh,3.68,-0.03,-0.81
Malaysia,MYS,2025-01-01,Country or economy,Asia,Asia,0.0,0.0,0.0,0.0,1.0,Electricity generation,Aggregate fuel,Fossil,TWh,11.31,-0.1,-0.88
Malaysia,MYS,2025-01-01,Country or economy,Asia,Asia,0.0,0.0,0.0,0.0,1.0,Electricity generation,Aggregate fuel,Gas and Other Fossil,TWh,4.94,-0.33,-6.26
Malaysia,MYS,2025-01-01,Country or economy,Asia,Asia,0.0,0.0,0.0,0.0,1.0,Electricity generation,Aggregate fuel,"Hydro, Bioenergy and Other Renewables",TWh,3.43,-0.09,-2.56
Malaysia,MYS,2025-01-01,Country or economy,Asia,Asia,0.0,0.0,0.0,0.0,1.0,Electricity generation,Aggregate fuel,Renewables,TWh,3.68,-0.03,-0.81
Malaysia,MYS,2025-01-01,Country or economy,Asia,Asia,0.0,0.0,0.0,0.0,1.0,Electricity generation,Aggregate fuel,Wind and Solar,TWh,0.25,0.06,31.58
Malaysia,MYS,2025-01-01,Country or economy,Asia,Asia,0.0,0.0,0.0,0.0,1.0,Electricity generation,Fuel,Bioenergy,%,2.8,,
Malaysia,MYS,2025-01-01,Country or economy,Asia,Asia,0.0,0.0,0.0,0.0,1.0,Electricity generation,Fuel,Coal,%,42.49,,
Malaysia,MYS,2025-01-01,Country or economy,Asia,Asia,0.0,0.0,0.0,0.0,1.0,Electricity generation,Fuel,Gas,%,32.49,,
Malaysia,MYS,2025-01-01,Country or economy,Asia,Asia,0.0,0.0,0.0,0.0,1.0,Electricity generation,Fuel,Hydro,%,20.08,,
Malaysia,MYS,2025-01-01,Country or economy,Asia,Asia,0.0,0.0,0.0,0.0,1.0,Electricity generation,Fuel,Other Fossil,%,0.47,,
Malaysia,MYS,2025-01-01,Country or economy,Asia,Asia,0.0,0.0,0.0,0.0,1.0,Electricity generation,Fuel,Solar,%,1.67,,
Malaysia,MYS,2025-01-01,Country or economy,Asia,Asia,0.0,0.0,0.0,0.0,1.0,Electricity generation,Fuel,Bioenergy,TWh,0.42,0.0,0.0
Malaysia,MYS,2025-01-01,Country or economy,Asia,Asia,0.0,0.0,0.0,0.0,1.0,Electricity generation,Fuel,Coal,TWh,6.37,0.23,3.75
Malaysia,MYS,2025-01-01,Country or economy,Asia,Asia,0.0,0.0,0.0,0.0,1.0,Electricity generation,Fuel,Gas,TWh,4.87,-0.32,-6.17
Malaysia,MYS,2025-01-01,Country or economy,Asia,Asia,0.0,0.0,0.0,0.0,1.0,Electricity generation,Fuel,Hydro,TWh,3.01,-0.09,-2.9
Malaysia,MYS,2025-01-01,Country or economy,Asia,Asia,0.0,0.0,0.0,0.0,1.0,Electricity generation,Fuel,Other Fossil,TWh,0.07,-0.01,-12.5
Malaysia,MYS,2025-01-01,Country or economy,Asia,Asia,0.0,0.0,0.0,0.0,1.0,Electricity generation,Fuel,Solar,TWh,0.25,0.06,31.58
Malaysia,MYS,2025-01-01,Country or economy,Asia,Asia,0.0,0.0,0.0,0.0,1.0,Electricity generation,Total,Total Generation,TWh,14.99,-0.13,-0.86
Malaysia,MYS,2025-01-01,Country or economy,Asia,Asia,0.0,0.0,0.0,0.0,1.0,Electricity imports,Electricity imports,Net Imports,TWh,-0.02,-0.03,-300.0
Malaysia,MYS,2025-01-01,Country or economy,Asia,Asia,0.0,0.0,0.0,0.0,1.0,Power sector emissions,Aggregate fuel,Clean,mtCO2,0.18,0.0,0.0
Malaysia,MYS,2025-01-01,Country or economy,Asia,Asia,0.0,0.0,0.0,0.0,1.0,Power sector emissions,Aggregate fuel,Fossil,mtCO2,9.02,-0.02,-0.22
Malaysia,MYS,2025-01-01,Country or economy,Asia,Asia,0.0,0.0,0.0,0.0,1.0,Power sector emissions,Aggregate fuel,Gas and Other Fossil,mtCO2,3.32,-0.23,-6.48
Malaysia,MYS,2025-01-01,Country or economy,Asia,Asia,0.0,0.0,0.0,0.0,1.0,Power sector emissions,Aggregate fuel,"Hydro, Bioenergy and Other Renewables",mtCO2,0.17,0.0,0.0
Malaysia,MYS,2025-01-01,Country or economy,Asia,Asia,0.0,0.0,0.0,0.0,1.0,Power sector emissions,Aggregate fuel,Renewables,mtCO2,0.18,0.0,0.0
Malaysia,MYS,2025-01-01,Country or economy,Asia,Asia,0.0,0.0,0.0,0.0,1.0,Power sector emissions,Aggregate fuel,Wind and Solar,mtCO2,0.01,0.0,0.0
Malaysia,MYS,2025-01-01,Country or economy,Asia,Asia,0.0,0.0,0.0,0.0,1.0,Power sector emissions,CO2 intensity,CO2 intensity,gCO2/kWh,613.74,3.95,0.65
Malaysia,MYS,2025-01-01,Country or economy,Asia,Asia,0.0,0.0,0.0,0.0,1.0,Power sector emissions,Fuel,Bioenergy,mtCO2,0.1,0.0,0.0
Malaysia,MYS,2025-01-01,Country or economy,Asia,Asia,0.0,0.0,0.0,0.0,1.0,Power sector emissions,Fuel,Coal,mtCO2,5.7,0.21,3.83
Malaysia,MYS,2025-01-01,Country or economy,Asia,Asia,0.0,0.0,0.0,0.0,1.0,Power sector emissions,Fuel,Gas,mtCO2,3.27,-0.22,-6.3
Malaysia,MYS,2025-01-01,Country or economy,Asia,Asia,0.0,0.0,0.0,0.0,1.0,Power sector emissions,Fuel,Hydro,mtCO2,0.07,0.0,0.0
Malaysia,MYS,2025-01-01,Country or economy,Asia,Asia,0.0,0.0,0.0,0.0,1.0,Power sector emissions,Fuel,Other Fossil,mtCO2,0.05,-0.01,-16.67
Malaysia,MYS,2025-01-01,Country or economy,Asia,Asia,0.0,0.0,0.0,0.0,1.0,Power sector emissions,Fuel,Solar,mtCO2,0.01,0.0,0.0
Malaysia,MYS,2025-01-01,Country or economy,Asia,Asia,0.0,0.0,0.0,0.0,1.0,Power sector emissions,Total,Total emissions,mtCO2,9.2,-0.02,-0.22
Malaysia,MYS,2025-02-01,Country or economy,Asia,Asia,0.0,0.0,0.0,0.0,1.0,Electricity demand,Demand,Demand,TWh,14.13,-0.36,-2.48
Malaysia,MYS,2025-02-01,Country or economy,Asia,Asia,0.0,0.0,0.0,0.0,1.0,Electricity generation,Aggregate fuel,Clean,%,23.23,,
Malaysia,MYS,2025-02-01,Country or economy,Asia,Asia,0.0,0.0,0.0,0.0,1.0,Electricity generation,Aggregate fuel,Fossil,%,76.77,,
Malaysia,MYS,2025-02-01,Country or economy,Asia,Asia,0.0,0.0,0.0,0.0,1.0,Electricity generation,Aggregate fuel,Gas and Other Fossil,%,34.82,,
Malaysia,MYS,2025-02-01,Country or economy,Asia,Asia,0.0,0.0,0.0,0.0,1.0,Electricity generation,Aggregate fuel,"Hydro, Bioenergy and Other Renewables",%,21.25,,
Malaysia,MYS,2025-02-01,Country or economy,Asia,Asia,0.0,0.0,0.0,0.0,1.0,Electricity generation,Aggregate fuel,Renewables,%,23.23,,
Malaysia,MYS,2025-02-01,Country or economy,Asia,Asia,0.0,0.0,0.0,0.0,1.0,Electricity generation,Aggregate fuel,Wind and Solar,%,1.98,,
Malaysia,MYS,2025-02-01,Country or economy,Asia,Asia,0.0,0.0,0.0,0.0,1.0,Electricity generation,Aggregate fuel,Clean,TWh,3.29,-0.12,-3.52
Malaysia,MYS,2025-02-01,Country or economy,Asia,Asia,0.0,0.0,0.0,0.0,1.0,Electricity generation,Aggregate fuel,Fossil,TWh,10.87,-0.23,-2.07
Malaysia,MYS,2025-02-01,Country or economy,Asia,Asia,0.0,0.0,0.0,0.0,1.0,Electricity generation,Aggregate fuel,Gas and Other Fossil,TWh,4.93,-0.71,-12.59
Malaysia,MYS,2025-02-01,Country or economy,Asia,Asia,0.0,0.0,0.0,0.0,1.0,Electricity generation,Aggregate fuel,"Hydro, Bioenergy and Other Renewables",TWh,3.01,-0.16,-5.05
Malaysia,MYS,2025-02-01,Country or economy,Asia,Asia,0.0,0.0,0.0,0.0,1.0,Electricity generation,Aggregate fuel,Renewables,TWh,3.29,-0.12,-3.52
Malaysia,MYS,2025-02-01,Country or economy,Asia,Asia,0.0,0.0,0.0,0.0,1.0,Electricity generation,Aggregate fuel,Wind and Solar,TWh,0.28,0.04,16.67
Malaysia,MYS,2025-02-01,Country or economy,Asia,Asia,0.0,0.0,0.0,0.0,1.0,Electricity generation,Fuel,Bioenergy,%,2.82,,
Malaysia,MYS,2025-02-01,Country or economy,Asia,Asia,0.0,0.0,0.0,0.0,1.0,Electricity generation,Fuel,Coal,%,41.95,,
Malaysia,MYS,2025-02-01,Country or economy,Asia,Asia,0.0,0.0,0.0,0.0,1.0,Electricity generation,Fuel,Gas,%,34.04,,
Malaysia,MYS,2025-02-01,Country or economy,Asia,Asia,0.0,0.0,0.0,0.0,1.0,Electricity generation,Fuel,Hydro,%,18.43,,
Malaysia,MYS,2025-02-01,Country or economy,Asia,Asia,0.0,0.0,0.0,0.0,1.0,Electricity generation,Fuel,Other Fossil,%,0.78,,
Malaysia,MYS,2025-02-01,Country or economy,Asia,Asia,0.0,0.0,0.0,0.0,1.0,Electricity generation,Fuel,Solar,%,1.98,,
Malaysia,MYS,2025-02-01,Country or economy,Asia,Asia,0.0,0.0,0.0,0.0,1.0,Electricity generation,Fuel,Bioenergy,TWh,0.4,0.0,0.0
Malaysia,MYS,2025-02-01,Country or economy,Asia,Asia,0.0,0.0,0.0,0.0,1.0,Electricity generation,Fuel,Coal,TWh,5.94,0.48,8.79
Malaysia,MYS,2025-02-01,Country or economy,Asia,Asia,0.0,0.0,0.0,0.0,1.0,Electricity generation,Fuel,Gas,TWh,4.82,-0.74,-13.31
Malaysia,MYS,2025-02-01,Country or economy,Asia,Asia,0.0,0.0,0.0,0.0,1.0,Electricity generation,Fuel,Hydro,TWh,2.61,-0.16,-5.78
Malaysia,MYS,2025-02-01,Country or economy,Asia,Asia,0.0,0.0,0.0,0.0,1.0,Electricity generation,Fuel,Other Fossil,TWh,0.11,0.03,37.5
Malaysia,MYS,2025-02-01,Country or economy,Asia,Asia,0.0,0.0,0.0,0.0,1.0,Electricity generation,Fuel,Solar,TWh,0.28,0.04,16.67
Malaysia,MYS,2025-02-01,Country or economy,Asia,Asia,0.0,0.0,0.0,0.0,1.0,Electricity generation,Total,Total Generation,TWh,14.16,-0.35,-2.41
Malaysia,MYS,2025-02-01,Country or economy,Asia,Asia,0.0,0.0,0.0,0.0,1.0,Electricity imports,Electricity imports,Net Imports,TWh,-0.03,-0.01,
Malaysia,MYS,2025-02-01,Country or economy,Asia,Asia,0.0,0.0,0.0,0.0,1.0,Power sector emissions,Aggregate fuel,Clean,mtCO2,0.16,-0.01,-5.88
Malaysia,MYS,2025-02-01,Country or economy,Asia,Asia,0.0,0.0,0.0,0.0,1.0,Power sector emissions,Aggregate fuel,Fossil,mtCO2,8.64,-0.05,-0.58
Malaysia,MYS,2025-02-01,Country or economy,Asia,Asia,0.0,0.0,0.0,0.0,1.0,Power sector emissions,Aggregate fuel,Gas and Other Fossil,mtCO2,3.32,-0.48,-12.63
Malaysia,MYS,2025-02-01,Country or economy,Asia,Asia,0.0,0.0,0.0,0.0,1.0,Power sector emissions,Aggregate fuel,"Hydro, Bioenergy and Other Renewables",mtCO2,0.15,-0.01,-6.25
Malaysia,MYS,2025-02-01,Country or economy,Asia,Asia,0.0,0.0,0.0,0.0,1.0,Power sector emissions,Aggregate fuel,Renewables,mtCO2,0.16,-0.01,-5.88
Malaysia,MYS,2025-02-01,Country or economy,Asia,Asia,0.0,0.0,0.0,0.0,1.0,Power sector emissions,Aggregate fuel,Wind and Solar,mtCO2,0.01,0.0,0.0
Malaysia,MYS,2025-02-01,Country or economy,Asia,Asia,0.0,0.0,0.0,0.0,1.0,Power sector emissions,CO2 intensity,CO2 intensity,gCO2/kWh,621.47,10.86,1.78
Malaysia,MYS,2025-02-01,Country or economy,Asia,Asia,0.0,0.0,0.0,0.0,1.0,Power sector emissions,Fuel,Bioenergy,mtCO2,0.09,0.0,0.0
Malaysia,MYS,2025-02-01,Country or economy,Asia,Asia,0.0,0.0,0.0,0.0,1.0,Power sector emissions,Fuel,Coal,mtCO2,5.32,0.43,8.79
Malaysia,MYS,2025-02-01,Country or economy,Asia,Asia,0.0,0.0,0.0,0.0,1.0,Power sector emissions,Fuel,Gas,mtCO2,3.24,-0.5,-13.37
Malaysia,MYS,2025-02-01,Country or economy,Asia,Asia,0.0,0.0,0.0,0.0,1.0,Power sector emissions,Fuel,Hydro,mtCO2,0.06,-0.01,-14.29
Malaysia,MYS,2025-02-01,Country or economy,Asia,Asia,0.0,0.0,0.0,0.0,1.0,Power sector emissions,Fuel,Other Fossil,mtCO2,0.08,0.02,33.33
Malaysia,MYS,2025-02-01,Country or economy,Asia,Asia,0.0,0.0,0.0,0.0,1.0,Power sector emissions,Fuel,Solar,mtCO2,0.01,0.0,0.0
Malaysia,MYS,2025-02-01,Country or economy,Asia,Asia,0.0,0.0,0.0,0.0,1.0,Power sector emissions,Total,Total emissions,mtCO2,8.8,-0.06,-0.68
Malaysia,MYS,2025-03-01,Country or economy,Asia,Asia,0.0,0.0,0.0,0.0,1.0,Electricity demand,Demand,Demand,TWh,15.87,-0.25,-1.55
Malaysia,MYS,2025-03-01,Country or economy,Asia,Asia,0.0,0.0,0.0,0.0,1.0,Electricity generation,Aggregate fuel,Clean,%,22.05,,
Malaysia,MYS,2025-03-01,Country or economy,Asia,Asia,0.0,0.0,0.0,0.0,1.0,Electricity generation,Aggregate fuel,Fossil,%,77.95,,
Malaysia,MYS,2025-03-01,Country or economy,Asia,Asia,0.0,0.0,0.0,0.0,1.0,Electricity generation,Aggregate fuel,Gas and Other Fossil,%,31.32,,
Malaysia,MYS,2025-03-01,Country or economy,Asia,Asia,0.0,0.0,0.0,0.0,1.0,Electricity generation,Aggregate fuel,"Hydro, Bioenergy and Other Renewables",%,20.1,,
Malaysia,MYS,2025-03-01,Country or economy,Asia,Asia,0.0,0.0,0.0,0.0,1.0,Electricity generation,Aggregate fuel,Renewables,%,22.05,,
Malaysia,MYS,2025-03-01,Country or economy,Asia,Asia,0.0,0.0,0.0,0.0,1.0,Electricity generation,Aggregate fuel,Wind and Solar,%,1.95,,
Malaysia,MYS,2025-03-01,Country or economy,Asia,Asia,0.0,0.0,0.0,0.0,1.0,Electricity generation,Aggregate fuel,Clean,TWh,3.5,-0.05,-1.41
Malaysia,MYS,2025-03-01,Country or economy,Asia,Asia,0.0,0.0,0.0,0.0,1.0,Electricity generation,Aggregate fuel,Fossil,TWh,12.37,-0.17,-1.36
Malaysia,MYS,2025-03-01,Country or economy,Asia,Asia,0.0,0.0,0.0,0.0,1.0,Electricity generation,Aggregate fuel,Gas and Other Fossil,TWh,4.97,-0.95,-16.05
Malaysia,MYS,2025-03-01,Country or economy,Asia,Asia,0.0,0.0,0.0,0.0,1.0,Electricity generation,Aggregate fuel,"Hydro, Bioenergy and Other Renewables",TWh,3.19,-0.1,-3.04
Malaysia,MYS,2025-03-01,Country or economy,Asia,Asia,0.0,0.0,0.0,0.0,1.0,Electricity generation,Aggregate fuel,Renewables,TWh,3.5,-0.05,-1.41
Malaysia,MYS,2025-03-01,Country or economy,Asia,Asia,0.0,0.0,0.0,0.0,1.0,Electricity generation,Aggregate fuel,Wind and Solar,TWh,0.31,0.05,19.23
Malaysia,MYS,2025-03-01,Country or economy,Asia,Asia,0.0,0.0,0.0,0.0,1.0,Electricity generation,Fuel,Bioenergy,%,2.77,,
Malaysia,MYS,2025-03-01,Country or economy,Asia,Asia,0.0,0.0,0.0,0.0,1.0,Electricity generation,Fuel,Coal,%,46.63,,
Malaysia,MYS,2025-03-01,Country or economy,Asia,Asia,0.0,0.0,0.0,0.0,1.0,Electricity generation,Fuel,Gas,%,30.88,,
Malaysia,MYS,2025-03-01,Country or economy,Asia,Asia,0.0,0.0,0.0,0.0,1.0,Electricity generation,Fuel,Hydro,%,17.33,,
Malaysia,MYS,2025-03-01,Country or economy,Asia,Asia,0.0,0.0,0.0,0.0,1.0,Electricity generation,Fuel,Other Fossil,%,0.44,,
Malaysia,MYS,2025-03-01,Country or economy,Asia,Asia,0.0,0.0,0.0,0.0,1.0,Electricity generation,Fuel,Solar,%,1.95,,
Malaysia,MYS,2025-03-01,Country or economy,Asia,Asia,0.0,0.0,0.0,0.0,1.0,Electricity generation,Fuel,Bioenergy,TWh,0.44,0.0,0.0
Malaysia,MYS,2025-03-01,Country or economy,Asia,Asia,0.0,0.0,0.0,0.0,1.0,Electricity generation,Fuel,Coal,TWh,7.4,0.78,11.78
Malaysia,MYS,2025-03-01,Country or economy,Asia,Asia,0.0,0.0,0.0,0.0,1.0,Electricity generation,Fuel,Gas,TWh,4.9,-0.91,-15.66
Malaysia,MYS,2025-03-01,Country or economy,Asia,Asia,0.0,0.0,0.0,0.0,1.0,Electricity generation,Fuel,Hydro,TWh,2.75,-0.1,-3.51
Malaysia,MYS,2025-03-01,Country or economy,Asia,Asia,0.0,0.0,0.0,0.0,1.0,Electricity generation,Fuel,Other Fossil,TWh,0.07,-0.04,-36.36
Malaysia,MYS,2025-03-01,Country or economy,Asia,Asia,0.0,0.0,0.0,0.0,1.0,Electricity generation,Fuel,Solar,TWh,0.31,0.05,19.23
Malaysia,MYS,2025-03-01,Country or economy,Asia,Asia,0.0,0.0,0.0,0.0,1.0,Electricity generation,Total,Total Generation,TWh,15.87,-0.22,-1.37
Malaysia,MYS,2025-03-01,Country or economy,Asia,Asia,0.0,0.0,0.0,0.0,1.0,Electricity imports,Electricity imports,Net Imports,TWh,0.0,-0.03,-100.0
Malaysia,MYS,2025-03-01,Country or economy,Asia,Asia,0.0,0.0,0.0,0.0,1.0,Power sector emissions,Aggregate fuel,Clean,mtCO2,0.18,0.0,0.0
Malaysia,MYS,2025-03-01,Country or economy,Asia,Asia,0.0,0.0,0.0,0.0,1.0,Power sector emissions,Aggregate fuel,Fossil,mtCO2,9.96,0.06,0.61
Malaysia,MYS,2025-03-01,Country or economy,Asia,Asia,0.0,0.0,0.0,0.0,1.0,Power sector emissions,Aggregate fuel,Gas and Other Fossil,mtCO2,3.34,-0.64,-16.08
Malaysia,MYS,2025-03-01,Country or economy,Asia,Asia,0.0,0.0,0.0,0.0,1.0,Power sector emissions,Aggregate fuel,"Hydro, Bioenergy and Other Renewables",mtCO2,0.17,0.0,0.0
Malaysia,MYS,2025-03-01,Country or economy,Asia,Asia,0.0,0.0,0.0,0.0,1.0,Power sector emissions,Aggregate fuel,Renewables,mtCO2,0.18,0.0,0.0
Malaysia,MYS,2025-03-01,Country or economy,Asia,Asia,0.0,0.0,0.0,0.0,1.0,Power sector emissions,Aggregate fuel,Wind and Solar,mtCO2,0.01,0.0,0.0
Malaysia,MYS,2025-03-01,Country or economy,Asia,Asia,0.0,0.0,0.0,0.0,1.0,Power sector emissions,CO2 intensity,CO2 intensity,gCO2/kWh,638.94,12.46,1.99
Malaysia,MYS,2025-03-01,Country or economy,Asia,Asia,0.0,0.0,0.0,0.0,1.0,Power sector emissions,Fuel,Bioenergy,mtCO2,0.1,0.0,0.0
Malaysia,MYS,2025-03-01,Country or economy,Asia,Asia,0.0,0.0,0.0,0.0,1.0,Power sector emissions,Fuel,Coal,mtCO2,6.62,0.7,11.82
Malaysia,MYS,2025-03-01,Country or economy,Asia,Asia,0.0,0.0,0.0,0.0,1.0,Power sector emissions,Fuel,Gas,mtCO2,3.29,-0.61,-15.64
Malaysia,MYS,2025-03-01,Country or economy,Asia,Asia,0.0,0.0,0.0,0.0,1.0,Power sector emissions,Fuel,Hydro,mtCO2,0.07,0.0,0.0
Malaysia,MYS,2025-03-01,Country or economy,Asia,Asia,0.0,0.0,0.0,0.0,1.0,Power sector emissions,Fuel,Other Fossil,mtCO2,0.05,-0.03,-37.5
Malaysia,MYS,2025-03-01,Country or economy,Asia,Asia,0.0,0.0,0.0,0.0,1.0,Power sector emissions,Fuel,Solar,mtCO2,0.01,0.0,0.0
Malaysia,MYS,2025-03-01,Country or economy,Asia,Asia,0.0,0.0,0.0,0.0,1.0,Power sector emissions,Total,Total emissions,mtCO2,10.14,0.06,0.6
Malaysia,MYS,2025-04-01,Country or economy,Asia,Asia,0.0,0.0,0.0,0.0,1.0,Electricity demand,Demand,Demand,TWh,15.37,-0.13,-0.84
Malaysia,MYS,2025-04-01,Country or economy,Asia,Asia,0.0,0.0,0.0,0.0,1.0,Electricity generation,Aggregate fuel,Clean,%,22.08,,
Malaysia,MYS,2025-04-01,Country or economy,Asia,Asia,0.0,0.0,0.0,0.0,1.0,Electricity generation,Aggregate fuel,Fossil,%,77.91,,
Malaysia,MYS,2025-04-01,Country or economy,Asia,Asia,0.0,0.0,0.0,0.0,1.0,Electricity generation,Aggregate fuel,Gas and Other Fossil,%,30.77,,
Malaysia,MYS,2025-04-01,Country or economy,Asia,Asia,0.0,0.0,0.0,0.0,1.0,Electricity generation,Aggregate fuel,"Hydro, Bioenergy and Other Renewables",%,20.13,,
Malaysia,MYS,2025-04-01,Country or economy,Asia,Asia,0.0,0.0,0.0,0.0,1.0,Electricity generation,Aggregate fuel,Renewables,%,22.08,,
Malaysia,MYS,2025-04-01,Country or economy,Asia,Asia,0.0,0.0,0.0,0.0,1.0,Electricity generation,Aggregate fuel,Wind and Solar,%,1.95,,
Malaysia,MYS,2025-04-01,Country or economy,Asia,Asia,0.0,0.0,0.0,0.0,1.0,Electricity generation,Aggregate fuel,Clean,TWh,3.4,-0.04,-1.16
Malaysia,MYS,2025-04-01,Country or economy,Asia,Asia,0.0,0.0,0.0,0.0,1.0,Electricity generation,Aggregate fuel,Fossil,TWh,12.0,-0.07,-0.58
Malaysia,MYS,2025-04-01,Country or economy,Asia,Asia,0.0,0.0,0.0,0.0,1.0,Electricity generation,Aggregate fuel,Gas and Other Fossil,TWh,4.74,-0.79,-14.29
Malaysia,MYS,2025-04-01,Country or economy,Asia,Asia,0.0,0.0,0.0,0.0,1.0,Electricity generation,Aggregate fuel,"Hydro, Bioenergy and Other Renewables",TWh,3.1,-0.08,-2.52
Malaysia,MYS,2025-04-01,Country or economy,Asia,Asia,0.0,0.0,0.0,0.0,1.0,Electricity generation,Aggregate fuel,Renewables,TWh,3.4,-0.04,-1.16
Malaysia,MYS,2025-04-01,Country or economy,Asia,Asia,0.0,0.0,0.0,0.0,1.0,Electricity generation,Aggregate fuel,Wind and Solar,TWh,0.3,0.04,15.38
Malaysia,MYS,2025-04-01,Country or economy,Asia,Asia,0.0,0.0,0.0,0.0,1.0,Electricity generation,Fuel,Bioenergy,%,2.79,,
Malaysia,MYS,2025-04-01,Country or economy,Asia,Asia,0.0,0.0,0.0,0.0,1.0,Electricity generation,Fuel,Coal,%,47.14,,
Malaysia,MYS,2025-04-01,Country or economy,Asia,Asia,0.0,0.0,0.0,0.0,1.0,Electricity generation,Fuel,Gas,%,30.32,,
Malaysia,MYS,2025-04-01,Country or economy,Asia,Asia,0.0,0.0,0.0,0.0,1.0,Electricity generation,Fuel,Hydro,%,17.34,,
Malaysia,MYS,2025-04-01,Country or economy,Asia,Asia,0.0,0.0,0.0,0.0,1.0,Electricity generation,Fuel,Other Fossil,%,0.45,,
Malaysia,MYS,2025-04-01,Country or economy,Asia,Asia,0.0,0.0,0.0,0.0,1.0,Electricity generation,Fuel,Solar,%,1.95,,
Malaysia,MYS,2025-04-01,Country or economy,Asia,Asia,0.0,0.0,0.0,0.0,1.0,Electricity generation,Fuel,Bioenergy,TWh,0.43,-0.01,-2.27
Malaysia,MYS,2025-04-01,Country or economy,Asia,Asia,0.0,0.0,0.0,0.0,1.0,Electricity generation,Fuel,Coal,TWh,7.26,0.72,11.01
Malaysia,MYS,2025-04-01,Country or economy,Asia,Asia,0.0,0.0,0.0,0.0,1.0,Electricity generation,Fuel,Gas,TWh,4.67,-0.77,-14.15
Malaysia,MYS,2025-04-01,Country or economy,Asia,Asia,0.0,0.0,0.0,0.0,1.0,Electricity generation,Fuel,Hydro,TWh,2.67,-0.07,-2.55
Malaysia,MYS,2025-04-01,Country or economy,Asia,Asia,0.0,0.0,0.0,0.0,1.0,Electricity generation,Fuel,Other Fossil,TWh,0.07,-0.02,-22.22
Malaysia,MYS,2025-04-01,Country or economy,Asia,Asia,0.0,0.0,0.0,0.0,1.0,Electricity generation,Fuel,Solar,TWh,0.3,0.04,15.38
Malaysia,MYS,2025-04-01,Country or economy,Asia,Asia,0.0,0.0,0.0,0.0,1.0,Electricity generation,Total,Total Generation,TWh,15.4,-0.11,-0.71
Malaysia,MYS,2025-04-01,Country or economy,Asia,Asia,0.0,0.0,0.0,0.0,1.0,Electricity imports,Electricity imports,Net Imports,TWh,-0.03,-0.02,
Malaysia,MYS,2025-04-01,Country or economy,Asia,Asia,0.0,0.0,0.0,0.0,1.0,Power sector emissions,Aggregate fuel,Clean,mtCO2,0.17,-0.01,-5.56
Malaysia,MYS,2025-04-01,Country or economy,Asia,Asia,0.0,0.0,0.0,0.0,1.0,Power sector emissions,Aggregate fuel,Fossil,mtCO2,9.69,0.12,1.25
Malaysia,MYS,2025-04-01,Country or economy,Asia,Asia,0.0,0.0,0.0,0.0,1.0,Power sector emissions,Aggregate fuel,Gas and Other Fossil,mtCO2,3.19,-0.53,-14.25
Malaysia,MYS,2025-04-01,Country or economy,Asia,Asia,0.0,0.0,0.0,0.0,1.0,Power sector emissions,Aggregate fuel,"Hydro, Bioenergy and Other Renewables",mtCO2,0.16,-0.01,-5.88
Malaysia,MYS,2025-04-01,Country or economy,Asia,Asia,0.0,0.0,0.0,0.0,1.0,Power sector emissions,Aggregate fuel,Renewables,mtCO2,0.17,-0.01,-5.56
Malaysia,MYS,2025-04-01,Country or economy,Asia,Asia,0.0,0.0,0.0,0.0,1.0,Power sector emissions,Aggregate fuel,Wind and Solar,mtCO2,0.01,0.0,0.0
Malaysia,MYS,2025-04-01,Country or economy,Asia,Asia,0.0,0.0,0.0,0.0,1.0,Power sector emissions,CO2 intensity,CO2 intensity,gCO2/kWh,640.26,11.63,1.85
Malaysia,MYS,2025-04-01,Country or economy,Asia,Asia,0.0,0.0,0.0,0.0,1.0,Power sector emissions,Fuel,Bioenergy,mtCO2,0.1,0.0,0.0
Malaysia,MYS,2025-04-01,Country or economy,Asia,Asia,0.0,0.0,0.0,0.0,1.0,Power sector emissions,Fuel,Coal,mtCO2,6.5,0.65,11.11
Malaysia,MYS,2025-04-01,Country or economy,Asia,Asia,0.0,0.0,0.0,0.0,1.0,Power sector emissions,Fuel,Gas,mtCO2,3.14,-0.52,-14.21
Malaysia,MYS,2025-04-01,Country or economy,Asia,Asia,0.0,0.0,0.0,0.0,1.0,Power sector emissions,Fuel,Hydro,mtCO2,0.06,-0.01,-14.29
Malaysia,MYS,2025-04-01,Country or economy,Asia,Asia,0.0,0.0,0.0,0.0,1.0,Power sector emissions,Fuel,Other Fossil,mtCO2,0.05,-0.01,-16.67
Malaysia,MYS,2025-04-01,Country or economy,Asia,Asia,0.0,0.0,0.0,0.0,1.0,Power sector emissions,Fuel,Solar,mtCO2,0.01,0.0,0.0
Malaysia,MYS,2025-04-01,Country or economy,Asia,Asia,0.0,0.0,0.0,0.0,1.0,Power sector emissions,Total,Total emissions,mtCO2,9.86,0.11,1.13
Malaysia,MYS,2025-05-01,Country or economy,Asia,Asia,0.0,0.0,0.0,0.0,1.0,Electricity demand,Demand,Demand,TWh,16.51,0.15,0.92
Malaysia,MYS,2025-05-01,Country or economy,Asia,Asia,0.0,0.0,0.0,0.0,1.0,Electricity generation,Aggregate fuel,Clean,%,21.93,,
Malaysia,MYS,2025-05-01,Country or economy,Asia,Asia,0.0,0.0,0.0,0.0,1.0,Electricity generation,Aggregate fuel,Fossil,%,78.08,,
Malaysia,MYS,2025-05-01,Country or economy,Asia,Asia,0.0,0.0,0.0,0.0,1.0,Electricity generation,Aggregate fuel,Gas and Other Fossil,%,32.94,,
Malaysia,MYS,2025-05-01,Country or economy,Asia,Asia,0.0,0.0,0.0,0.0,1.0,Electricity generation,Aggregate fuel,"Hydro, Bioenergy and Other Renewables",%,20.18,,
Malaysia,MYS,2025-05-01,Country or economy,Asia,Asia,0.0,0.0,0.0,0.0,1.0,Electricity generation,Aggregate fuel,Renewables,%,21.93,,
Malaysia,MYS,2025-05-01,Country or economy,Asia,Asia,0.0,0.0,0.0,0.0,1.0,Electricity generation,Aggregate fuel,Wind and Solar,%,1.75,,
Malaysia,MYS,2025-05-01,Country or economy,Asia,Asia,0.0,0.0,0.0,0.0,1.0,Electricity generation,Aggregate fuel,Clean,TWh,3.63,0.19,5.52
Malaysia,MYS,2025-05-01,Country or economy,Asia,Asia,0.0,0.0,0.0,0.0,1.0,Electricity generation,Aggregate fuel,Fossil,TWh,12.92,-0.02,-0.15
Malaysia,MYS,2025-05-01,Country or economy,Asia,Asia,0.0,0.0,0.0,0.0,1.0,Electricity generation,Aggregate fuel,Gas and Other Fossil,TWh,5.45,-0.26,-4.55
Malaysia,MYS,2025-05-01,Country or economy,Asia,Asia,0.0,0.0,0.0,0.0,1.0,Electricity generation,Aggregate fuel,"Hydro, Bioenergy and Other Renewables",TWh,3.34,0.17,5.36
Malaysia,MYS,2025-05-01,Country or economy,Asia,Asia,0.0,0.0,0.0,0.0,1.0,Electricity generation,Aggregate fuel,Renewables,TWh,3.63,0.19,5.52
Malaysia,MYS,2025-05-01,Country or economy,Asia,Asia,0.0,0.0,0.0,0.0,1.0,Electricity generation,Aggregate fuel,Wind and Solar,TWh,0.29,0.02,7.41
Malaysia,MYS,2025-05-01,Country or economy,Asia,Asia,0.0,0.0,0.0,0.0,1.0,Electricity generation,Fuel,Bioenergy,%,2.66,,
Malaysia,MYS,2025-05-01,Country or economy,Asia,Asia,0.0,0.0,0.0,0.0,1.0,Electricity generation,Fuel,Coal,%,45.14,,
Malaysia,MYS,2025-05-01,Country or economy,Asia,Asia,0.0,0.0,0.0,0.0,1.0,Electricity generation,Fuel,Gas,%,32.15,,
Malaysia,MYS,2025-05-01,Country or economy,Asia,Asia,0.0,0.0,0.0,0.0,1.0,Electricity generation,Fuel,Hydro,%,17.52,,
Malaysia,MYS,2025-05-01,Country or economy,Asia,Asia,0.0,0.0,0.0,0.0,1.0,Electricity generation,Fuel,Other Fossil,%,0.79,,
Malaysia,MYS,2025-05-01,Country or economy,Asia,Asia,0.0,0.0,0.0,0.0,1.0,Electricity generation,Fuel,Solar,%,1.75,,
Malaysia,MYS,2025-05-01,Country or economy,Asia,Asia,0.0,0.0,0.0,0.0,1.0,Electricity generation,Fuel,Bioenergy,TWh,0.44,-0.01,-2.22
Malaysia,MYS,2025-05-01,Country or economy,Asia,Asia,0.0,0.0,0.0,0.0,1.0,Electricity generation,Fuel,Coal,TWh,7.47,0.24,3.32
Malaysia,MYS,2025-05-01,Country or economy,Asia,Asia,0.0,0.0,0.0,0.0,1.0,Electricity generation,Fuel,Gas,TWh,5.32,-0.31,-5.51
Malaysia,MYS,2025-05-01,Country or economy,Asia,Asia,0.0,0.0,0.0,0.0,1.0,Electricity generation,Fuel,Hydro,TWh,2.9,0.18,6.62
Malaysia,MYS,2025-05-01,Country or economy,Asia,Asia,0.0,0.0,0.0,0.0,1.0,Electricity generation,Fuel,Other Fossil,TWh,0.13,0.05,62.5
Malaysia,MYS,2025-05-01,Country or economy,Asia,Asia,0.0,0.0,0.0,0.0,1.0,Electricity generation,Fuel,Solar,TWh,0.29,0.02,7.41
Malaysia,MYS,2025-05-01,Country or economy,Asia,Asia,0.0,0.0,0.0,0.0,1.0,Electricity generation,Total,Total Generation,TWh,16.55,0.17,1.04
Malaysia,MYS,2025-05-01,Country or economy,Asia,Asia,0.0,0.0,0.0,0.0,1.0,Electricity imports,Electricity imports,Net Imports,TWh,-0.04,-0.02,
Malaysia,MYS,2025-05-01,Country or economy,Asia,Asia,0.0,0.0,0.0,0.0,1.0,Power sector emissions,Aggregate fuel,Clean,mtCO2,0.18,0.0,0.0
Malaysia,MYS,2025-05-01,Country or economy,Asia,Asia,0.0,0.0,0.0,0.0,1.0,Power sector emissions,Aggregate fuel,Fossil,mtCO2,10.35,0.04,0.39
Malaysia,MYS,2025-05-01,Country or economy,Asia,Asia,0.0,0.0,0.0,0.0,1.0,Power sector emissions,Aggregate fuel,Gas and Other Fossil,mtCO2,3.67,-0.17,-4.43
Malaysia,MYS,2025-05-01,Country or economy,Asia,Asia,0.0,0.0,0.0,0.0,1.0,Power sector emissions,Aggregate fuel,"Hydro, Bioenergy and Other Renewables",mtCO2,0.17,0.0,0.0
Malaysia,MYS,2025-05-01,Country or economy,Asia,Asia,0.0,0.0,0.0,0.0,1.0,Power sector emissions,Aggregate fuel,Renewables,mtCO2,0.18,0.0,0.0
Malaysia,MYS,2025-05-01,Country or economy,Asia,Asia,0.0,0.0,0.0,0.0,1.0,Power sector emissions,Aggregate fuel,Wind and Solar,mtCO2,0.01,0.0,0.0
Malaysia,MYS,2025-05-01,Country or economy,Asia,Asia,0.0,0.0,0.0,0.0,1.0,Power sector emissions,CO2 intensity,CO2 intensity,gCO2/kWh,636.25,-4.17,-0.65
Malaysia,MYS,2025-05-01,Country or economy,Asia,Asia,0.0,0.0,0.0,0.0,1.0,Power sector emissions,Fuel,Bioenergy,mtCO2,0.1,0.0,0.0
Malaysia,MYS,2025-05-01,Country or economy,Asia,Asia,0.0,0.0,0.0,0.0,1.0,Power sector emissions,Fuel,Coal,mtCO2,6.68,0.21,3.25
Malaysia,MYS,2025-05-01,Country or economy,Asia,Asia,0.0,0.0,0.0,0.0,1.0,Power sector emissions,Fuel,Gas,mtCO2,3.58,-0.2,-5.29
Malaysia,MYS,2025-05-01,Country or economy,Asia,Asia,0.0,0.0,0.0,0.0,1.0,Power sector emissions,Fuel,Hydro,mtCO2,0.07,0.0,0.0
Malaysia,MYS,2025-05-01,Country or economy,Asia,Asia,0.0,0.0,0.0,0.0,1.0,Power sector emissions,Fuel,Other Fossil,mtCO2,0.09,0.03,50.0
Malaysia,MYS,2025-05-01,Country or economy,Asia,Asia,0.0,0.0,0.0,0.0,1.0,Power sector emissions,Fuel,Solar,mtCO2,0.01,0.0,0.0
Malaysia,MYS,2025-05-01,Country or economy,Asia,Asia,0.0,0.0,0.0,0.0,1.0,Power sector emissions,Total,Total emissions,mtCO2,10.53,0.04,0.38
Malaysia,MYS,2025-06-01,Country or economy,Asia,Asia,0.0,0.0,0.0,0.0,1.0,Electricity demand,Demand,Demand,TWh,15.8,0.78,5.19
Malaysia,MYS,2025-06-01,Country or economy,Asia,Asia,0.0,0.0,0.0,0.0,1.0,Electricity generation,Aggregate fuel,Clean,%,21.55,,
Malaysia,MYS,2025-06-01,Country or economy,Asia,Asia,0.0,0.0,0.0,0.0,1.0,Electricity generation,Aggregate fuel,Fossil,%,78.45,,
Malaysia,MYS,2025-06-01,Country or economy,Asia,Asia,0.0,0.0,0.0,0.0,1.0,Electricity generation,Aggregate fuel,Gas and Other Fossil,%,29.71,,
Malaysia,MYS,2025-06-01,Country or economy,Asia,Asia,0.0,0.0,0.0,0.0,1.0,Electricity generation,Aggregate fuel,"Hydro, Bioenergy and Other Renewables",%,19.78,,
Malaysia,MYS,2025-06-01,Country or economy,Asia,Asia,0.0,0.0,0.0,0.0,1.0,Electricity generation,Aggregate fuel,Renewables,%,21.55,,
Malaysia,MYS,2025-06-01,Country or economy,Asia,Asia,0.0,0.0,0.0,0.0,1.0,Electricity generation,Aggregate fuel,Wind and Solar,%,1.77,,
Malaysia,MYS,2025-06-01,Country or economy,Asia,Asia,0.0,0.0,0.0,0.0,1.0,Electricity generation,Aggregate fuel,Clean,TWh,3.41,0.34,11.07
Malaysia,MYS,2025-06-01,Country or economy,Asia,Asia,0.0,0.0,0.0,0.0,1.0,Electricity generation,Aggregate fuel,Fossil,TWh,12.41,0.45,3.76
Malaysia,MYS,2025-06-01,Country or economy,Asia,Asia,0.0,0.0,0.0,0.0,1.0,Electricity generation,Aggregate fuel,Gas and Other Fossil,TWh,4.7,-0.55,-10.48
Malaysia,MYS,2025-06-01,Country or economy,Asia,Asia,0.0,0.0,0.0,0.0,1.0,Electricity generation,Aggregate fuel,"Hydro, Bioenergy and Other Renewables",TWh,3.13,0.32,11.39
Malaysia,MYS,2025-06-01,Country or economy,Asia,Asia,0.0,0.0,0.0,0.0,1.0,Electricity generation,Aggregate fuel,Renewables,TWh,3.41,0.34,11.07
Malaysia,MYS,2025-06-01,Country or economy,Asia,Asia,0.0,0.0,0.0,0.0,1.0,Electricity generation,Aggregate fuel,Wind and Solar,TWh,0.28,0.02,7.69
Malaysia,MYS,2025-06-01,Country or economy,Asia,Asia,0.0,0.0,0.0,0.0,1.0,Electricity generation,Fuel,Bioenergy,%,2.65,,
Malaysia,MYS,2025-06-01,Country or economy,Asia,Asia,0.0,0.0,0.0,0.0,1.0,Electricity generation,Fuel,Coal,%,48.74,,
Malaysia,MYS,2025-06-01,Country or economy,Asia,Asia,0.0,0.0,0.0,0.0,1.0,Electricity generation,Fuel,Gas,%,28.76,,
Malaysia,MYS,2025-06-01,Country or economy,Asia,Asia,0.0,0.0,0.0,0.0,1.0,Electricity generation,Fuel,Hydro,%,17.13,,
Malaysia,MYS,2025-06-01,Country or economy,Asia,Asia,0.0,0.0,0.0,0.0,1.0,Electricity generation,Fuel,Other Fossil,%,0.95,,
Malaysia,MYS,2025-06-01,Country or economy,Asia,Asia,0.0,0.0,0.0,0.0,1.0,Electricity generation,Fuel,Solar,%,1.77,,
Malaysia,MYS,2025-06-01,Country or economy,Asia,Asia,0.0,0.0,0.0,0.0,1.0,Electricity generation,Fuel,Bioenergy,TWh,0.42,0.03,7.69
Malaysia,MYS,2025-06-01,Country or economy,Asia,Asia,0.0,0.0,0.0,0.0,1.0,Electricity generation,Fuel,Coal,TWh,7.71,1.0,14.9
Malaysia,MYS,2025-06-01,Country or economy,Asia,Asia,0.0,0.0,0.0,0.0,1.0,Electricity generation,Fuel,Gas,TWh,4.55,-0.63,-12.16
Malaysia,MYS,2025-06-01,Country or economy,Asia,Asia,0.0,0.0,0.0,0.0,1.0,Electricity generation,Fuel,Hydro,TWh,2.71,0.29,11.98
Malaysia,MYS,2025-06-01,Country or economy,Asia,Asia,0.0,0.0,0.0,0.0,1.0,Electricity generation,Fuel,Other Fossil,TWh,0.15,0.08,114.29
Malaysia,MYS,2025-06-01,Country or economy,Asia,Asia,0.0,0.0,0.0,0.0,1.0,Electricity generation,Fuel,Solar,TWh,0.28,0.02,7.69
Malaysia,MYS,2025-06-01,Country or economy,Asia,Asia,0.0,0.0,0.0,0.0,1.0,Electricity generation,Total,Total Generation,TWh,15.82,0.79,5.26
Malaysia,MYS,2025-06-01,Country or economy,Asia,Asia,0.0,0.0,0.0,0.0,1.0,Electricity imports,Electricity imports,Net Imports,TWh,-0.02,-0.01,
Malaysia,MYS,2025-06-01,Country or economy,Asia,Asia,0.0,0.0,0.0,0.0,1.0,Power sector emissions,Aggregate fuel,Clean,mtCO2,0.18,0.02,12.5
Malaysia,MYS,2025-06-01,Country or economy,Asia,Asia,0.0,0.0,0.0,0.0,1.0,Power sector emissions,Aggregate fuel,Fossil,mtCO2,10.07,0.54,5.67
Malaysia,MYS,2025-06-01,Country or economy,Asia,Asia,0.0,0.0,0.0,0.0,1.0,Power sector emissions,Aggregate fuel,Gas and Other Fossil,mtCO2,3.17,-0.36,-10.2
Malaysia,MYS,2025-06-01,Country or economy,Asia,Asia,0.0,0.0,0.0,0.0,1.0,Power sector emissions,Aggregate fuel,"Hydro, Bioenergy and Other Renewables",mtCO2,0.17,0.02,13.33
Malaysia,MYS,2025-06-01,Country or economy,Asia,Asia,0.0,0.0,0.0,0.0,1.0,Power sector emissions,Aggregate fuel,Renewables,mtCO2,0.18,0.02,12.5
Malaysia,MYS,2025-06-01,Country or economy,Asia,Asia,0.0,0.0,0.0,0.0,1.0,Power sector emissions,Aggregate fuel,Wind and Solar,mtCO2,0.01,0.0,0.0
Malaysia,MYS,2025-06-01,Country or economy,Asia,Asia,0.0,0.0,0.0,0.0,1.0,Power sector emissions,CO2 intensity,CO2 intensity,gCO2/kWh,647.91,3.2,0.5
Malaysia,MYS,2025-06-01,Country or economy,Asia,Asia,0.0,0.0,0.0,0.0,1.0,Power sector emissions,Fuel,Bioenergy,mtCO2,0.1,0.01,11.11
Malaysia,MYS,2025-06-01,Country or economy,Asia,Asia,0.0,0.0,0.0,0.0,1.0,Power sector emissions,Fuel,Coal,mtCO2,6.9,0.9,15.0
Malaysia,MYS,2025-06-01,Country or economy,Asia,Asia,0.0,0.0,0.0,0.0,1.0,Power sector emissions,Fuel,Gas,mtCO2,3.06,-0.42,-12.07
Malaysia,MYS,2025-06-01,Country or economy,Asia,Asia,0.0,0.0,0.0,0.0,1.0,Power sector emissions,Fuel,Hydro,mtCO2,0.07,0.01,16.67
Malaysia,MYS,2025-06-01,Country or economy,Asia,Asia,0.0,0.0,0.0,0.0,1.0,Power sector emissions,Fuel,Other Fossil,mtCO2,0.11,0.06,120.0
Malaysia,MYS,2025-06-01,Country or economy,Asia,Asia,0.0,0.0,0.0,0.0,1.0,Power sector emissions,Fuel,Solar,mtCO2,0.01,0.0,0.0
Malaysia,MYS,2025-06-01,Country or economy,Asia,Asia,0.0,0.0,0.0,0.0,1.0,Power sector emissions,Total,Total emissions,mtCO2,10.25,0.56,5.78
Malaysia,MYS,2025-07-01,Country or economy,Asia,Asia,0.0,0.0,0.0,0.0,1.0,Electricity demand,Demand,Demand,TWh,16.55,0.62,3.89
Malaysia,MYS,2025-07-01,Country or economy,Asia,Asia,0.0,0.0,0.0,0.0,1.0,Electricity generation,Aggregate fuel,Clean,%,21.97,,
Malaysia,MYS,2025-07-01,Country or economy,Asia,Asia,0.0,0.0,0.0,0.0,1.0,Electricity generation,Aggregate fuel,Fossil,%,78.04,,
Malaysia,MYS,2025-07-01,Country or economy,Asia,Asia,0.0,0.0,0.0,0.0,1.0,Electricity generation,Aggregate fuel,Gas and Other Fossil,%,32.23,,
Malaysia,MYS,2025-07-01,Country or economy,Asia,Asia,0.0,0.0,0.0,0.0,1.0,Electricity generation,Aggregate fuel,"Hydro, Bioenergy and Other Renewables",%,20.1,,
Malaysia,MYS,2025-07-01,Country or economy,Asia,Asia,0.0,0.0,0.0,0.0,1.0,Electricity generation,Aggregate fuel,Renewables,%,21.97,,
Malaysia,MYS,2025-07-01,Country or economy,Asia,Asia,0.0,0.0,0.0,0.0,1.0,Electricity generation,Aggregate fuel,Wind and Solar,%,1.87,,
Malaysia,MYS,2025-07-01,Country or economy,Asia,Asia,0.0,0.0,0.0,0.0,1.0,Electricity generation,Aggregate fuel,Clean,TWh,3.64,0.41,12.69
Malaysia,MYS,2025-07-01,Country or economy,Asia,Asia,0.0,0.0,0.0,0.0,1.0,Electricity generation,Aggregate fuel,Fossil,TWh,12.93,0.23,1.81
Malaysia,MYS,2025-07-01,Country or economy,Asia,Asia,0.0,0.0,0.0,0.0,1.0,Electricity generation,Aggregate fuel,Gas and Other Fossil,TWh,5.34,-0.53,-9.03
Malaysia,MYS,2025-07-01,Country or economy,Asia,Asia,0.0,0.0,0.0,0.0,1.0,Electricity generation,Aggregate fuel,"Hydro, Bioenergy and Other Renewables",TWh,3.33,0.36,12.12
Malaysia,MYS,2025-07-01,Country or economy,Asia,Asia,0.0,0.0,0.0,0.0,1.0,Electricity generation,Aggregate fuel,Renewables,TWh,3.64,0.41,12.69
Malaysia,MYS,2025-07-01,Country or economy,Asia,Asia,0.0,0.0,0.0,0.0,1.0,Electricity generation,Aggregate fuel,Wind and Solar,TWh,0.31,0.05,19.23
Malaysia,MYS,2025-07-01,Country or economy,Asia,Asia,0.0,0.0,0.0,0.0,1.0,Electricity generation,Fuel,Bioenergy,%,2.6,,
Malaysia,MYS,2025-07-01,Country or economy,Asia,Asia,0.0,0.0,0.0,0.0,1.0,Electricity generation,Fuel,Coal,%,45.81,,
Malaysia,MYS,2025-07-01,Country or economy,Asia,Asia,0.0,0.0,0.0,0.0,1.0,Electricity generation,Fuel,Gas,%,31.26,,
Malaysia,MYS,2025-07-01,Country or economy,Asia,Asia,0.0,0.0,0.0,0.0,1.0,Electricity generation,Fuel,Hydro,%,17.5,,
Malaysia,MYS,2025-07-01,Country or economy,Asia,Asia,0.0,0.0,0.0,0.0,1.0,Electricity generation,Fuel,Other Fossil,%,0.97,,
Malaysia,MYS,2025-07-01,Country or economy,Asia,Asia,0.0,0.0,0.0,0.0,1.0,Electricity generation,Fuel,Solar,%,1.87,,
Malaysia,MYS,2025-07-01,Country or economy,Asia,Asia,0.0,0.0,0.0,0.0,1.0,Electricity generation,Fuel,Bioenergy,TWh,0.43,0.02,4.88
Malaysia,MYS,2025-07-01,Country or economy,Asia,Asia,0.0,0.0,0.0,0.0,1.0,Electricity generation,Fuel,Coal,TWh,7.59,0.76,11.13
Malaysia,MYS,2025-07-01,Country or economy,Asia,Asia,0.0,0.0,0.0,0.0,1.0,Electricity generation,Fuel,Gas,TWh,5.18,-0.61,-10.54
Malaysia,MYS,2025-07-01,Country or economy,Asia,Asia,0.0,0.0,0.0,0.0,1.0,Electricity generation,Fuel,Hydro,TWh,2.9,0.34,13.28
Malaysia,MYS,2025-07-01,Country or economy,Asia,Asia,0.0,0.0,0.0,0.0,1.0,Electricity generation,Fuel,Other Fossil,TWh,0.16,0.08,100.0
Malaysia,MYS,2025-07-01,Country or economy,Asia,Asia,0.0,0.0,0.0,0.0,1.0,Electricity generation,Fuel,Solar,TWh,0.31,0.05,19.23
Malaysia,MYS,2025-07-01,Country or economy,Asia,Asia,0.0,0.0,0.0,0.0,1.0,Electricity generation,Total,Total Generation,TWh,16.57,0.64,4.02
Malaysia,MYS,2025-07-01,Country or economy,Asia,Asia,0.0,0.0,0.0,0.0,1.0,Electricity imports,Electricity imports,Net Imports,TWh,-0.02,-0.02,
Malaysia,MYS,2025-07-01,Country or economy,Asia,Asia,0.0,0.0,0.0,0.0,1.0,Power sector emissions,Aggregate fuel,Clean,mtCO2,0.18,0.02,12.5
Malaysia,MYS,2025-07-01,Country or economy,Asia,Asia,0.0,0.0,0.0,0.0,1.0,Power sector emissions,Aggregate fuel,Fossil,mtCO2,10.38,0.32,3.18
Malaysia,MYS,2025-07-01,Country or economy,Asia,Asia,0.0,0.0,0.0,0.0,1.0,Power sector emissions,Aggregate fuel,Gas and Other Fossil,mtCO2,3.59,-0.36,-9.11
Malaysia,MYS,2025-07-01,Country or economy,Asia,Asia,0.0,0.0,0.0,0.0,1.0,Power sector emissions,Aggregate fuel,"Hydro, Bioenergy and Other Renewables",mtCO2,0.17,0.02,13.33
Malaysia,MYS,2025-07-01,Country or economy,Asia,Asia,0.0,0.0,0.0,0.0,1.0,Power sector emissions,Aggregate fuel,Renewables,mtCO2,0.18,0.02,12.5
Malaysia,MYS,2025-07-01,Country or economy,Asia,Asia,0.0,0.0,0.0,0.0,1.0,Power sector emissions,Aggregate fuel,Wind and Solar,mtCO2,0.01,0.0,0.0
Malaysia,MYS,2025-07-01,Country or economy,Asia,Asia,0.0,0.0,0.0,0.0,1.0,Power sector emissions,CO2 intensity,CO2 intensity,gCO2/kWh,637.3,-4.26,-0.66
Malaysia,MYS,2025-07-01,Country or economy,Asia,Asia,0.0,0.0,0.0,0.0,1.0,Power sector emissions,Fuel,Bioenergy,mtCO2,0.1,0.01,11.11
Malaysia,MYS,2025-07-01,Country or economy,Asia,Asia,0.0,0.0,0.0,0.0,1.0,Power sector emissions,Fuel,Coal,mtCO2,6.79,0.68,11.13
Malaysia,MYS,2025-07-01,Country or economy,Asia,Asia,0.0,0.0,0.0,0.0,1.0,Power sector emissions,Fuel,Gas,mtCO2,3.48,-0.41,-10.54
Malaysia,MYS,2025-07-01,Country or economy,Asia,Asia,0.0,0.0,0.0,0.0,1.0,Power sector emissions,Fuel,Hydro,mtCO2,0.07,0.01,16.67
Malaysia,MYS,2025-07-01,Country or economy,Asia,Asia,0.0,0.0,0.0,0.0,1.0,Power sector emissions,Fuel,Other Fossil,mtCO2,0.11,0.05,83.33
Malaysia,MYS,2025-07-01,Country or economy,Asia,Asia,0.0,0.0,0.0,0.0,1.0,Power sector emissions,Fuel,Solar,mtCO2,0.01,0.0,0.0
Malaysia,MYS,2025-07-01,Country or economy,Asia,Asia,0.0,0.0,0.0,0.0,1.0,Power sector emissions,Total,Total emissions,mtCO2,10.56,0.34,3.33
Malaysia,MYS,2025-08-01,Country or economy,Asia,Asia,0.0,0.0,0.0,0.0,1.0,Electricity demand,Demand,Demand,TWh,16.34,0.37,2.32
Malaysia,MYS,2025-08-01,Country or economy,Asia,Asia,0.0,0.0,0.0,0.0,1.0,Electricity generation,Aggregate fuel,Clean,%,22.66,,
Malaysia,MYS,2025-08-01,Country or economy,Asia,Asia,0.0,0.0,0.0,0.0,1.0,Electricity generation,Aggregate fuel,Fossil,%,77.34,,
Malaysia,MYS,2025-08-01,Country or economy,Asia,Asia,0.0,0.0,0.0,0.0,1.0,Electricity generation,Aggregate fuel,Gas and Other Fossil,%,31.4,,
Malaysia,MYS,2025-08-01,Country or economy,Asia,Asia,0.0,0.0,0.0,0.0,1.0,Electricity generation,Aggregate fuel,"Hydro, Bioenergy and Other Renewables",%,20.83,,
Malaysia,MYS,2025-08-01,Country or economy,Asia,Asia,0.0,0.0,0.0,0.0,1.0,Electricity generation,Aggregate fuel,Renewables,%,22.66,,
Malaysia,MYS,2025-08-01,Country or economy,Asia,Asia,0.0,0.0,0.0,0.0,1.0,Electricity generation,Aggregate fuel,Wind and Solar,%,1.83,,
Malaysia,MYS,2025-08-01,Country or economy,Asia,Asia,0.0,0.0,0.0,0.0,1.0,Electricity generation,Aggregate fuel,Clean,TWh,3.71,0.23,6.61
Malaysia,MYS,2025-08-01,Country or economy,Asia,Asia,0.0,0.0,0.0,0.0,1.0,Electricity generation,Aggregate fuel,Fossil,TWh,12.66,0.17,1.36
Malaysia,MYS,2025-08-01,Country or economy,Asia,Asia,0.0,0.0,0.0,0.0,1.0,Electricity generation,Aggregate fuel,Gas and Other Fossil,TWh,5.14,-0.28,-5.17
Malaysia,MYS,2025-08-01,Country or economy,Asia,Asia,0.0,0.0,0.0,0.0,1.0,Electricity generation,Aggregate fuel,"Hydro, Bioenergy and Other Renewables",TWh,3.41,0.2,6.23
Malaysia,MYS,2025-08-01,Country or economy,Asia,Asia,0.0,0.0,0.0,0.0,1.0,Electricity generation,Aggregate fuel,Renewables,TWh,3.71,0.23,6.61
Malaysia,MYS,2025-08-01,Country or economy,Asia,Asia,0.0,0.0,0.0,0.0,1.0,Electricity generation,Aggregate fuel,Wind and Solar,TWh,0.3,0.03,11.11
Malaysia,MYS,2025-08-01,Country or economy,Asia,Asia,0.0,0.0,0.0,0.0,1.0,Electricity generation,Fuel,Bioenergy,%,2.75,,
Malaysia,MYS,2025-08-01,Country or economy,Asia,Asia,0.0,0.0,0.0,0.0,1.0,Electricity generation,Fuel,Coal,%,45.94,,
Malaysia,MYS,2025-08-01,Country or economy,Asia,Asia,0.0,0.0,0.0,0.0,1.0,Electricity generation,Fuel,Gas,%,30.91,,
Malaysia,MYS,2025-08-01,Country or economy,Asia,Asia,0.0,0.0,0.0,0.0,1.0,Electricity generation,Fuel,Hydro,%,18.08,,
Malaysia,MYS,2025-08-01,Country or economy,Asia,Asia,0.0,0.0,0.0,0.0,1.0,Electricity generation,Fuel,Other Fossil,%,0.49,,
Malaysia,MYS,2025-08-01,Country or economy,Asia,Asia,0.0,0.0,0.0,0.0,1.0,Electricity generation,Fuel,Solar,%,1.83,,
Malaysia,MYS,2025-08-01,Country or economy,Asia,Asia,0.0,0.0,0.0,0.0,1.0,Electricity generation,Fuel,Bioenergy,TWh,0.45,0.0,0.0
Malaysia,MYS,2025-08-01,Country or economy,Asia,Asia,0.0,0.0,0.0,0.0,1.0,Electricity generation,Fuel,Coal,TWh,7.52,0.45,6.36
Malaysia,MYS,2025-08-01,Country or economy,Asia,Asia,0.0,0.0,0.0,0.0,1.0,Electricity generation,Fuel,Gas,TWh,5.06,-0.23,-4.35
Malaysia,MYS,2025-08-01,Country or economy,Asia,Asia,0.0,0.0,0.0,0.0,1.0,Electricity generation,Fuel,Hydro,TWh,2.96,0.2,7.25
Malaysia,MYS,2025-08-01,Country or economy,Asia,Asia,0.0,0.0,0.0,0.0,1.0,Electricity generation,Fuel,Other Fossil,TWh,0.08,-0.05,-38.46
Malaysia,MYS,2025-08-01,Country or economy,Asia,Asia,0.0,0.0,0.0,0.0,1.0,Electricity generation,Fuel,Solar,TWh,0.3,0.03,11.11
Malaysia,MYS,2025-08-01,Country or economy,Asia,Asia,0.0,0.0,0.0,0.0,1.0,Electricity generation,Total,Total Generation,TWh,16.37,0.4,2.5
Malaysia,MYS,2025-08-01,Country or economy,Asia,Asia,0.0,0.0,0.0,0.0,1.0,Electricity imports,Electricity imports,Net Imports,TWh,-0.03,-0.03,
Malaysia,MYS,2025-08-01,Country or economy,Asia,Asia,0.0,0.0,0.0,0.0,1.0,Power sector emissions,Aggregate fuel,Clean,mtCO2,0.18,0.0,0.0
Malaysia,MYS,2025-08-01,Country or economy,Asia,Asia,0.0,0.0,0.0,0.0,1.0,Power sector emissions,Aggregate fuel,Fossil,mtCO2,10.19,0.21,2.1
Malaysia,MYS,2025-08-01,Country or economy,Asia,Asia,0.0,0.0,0.0,0.0,1.0,Power sector emissions,Aggregate fuel,Gas and Other Fossil,mtCO2,3.46,-0.19,-5.21
Malaysia,MYS,2025-08-01,Country or economy,Asia,Asia,0.0,0.0,0.0,0.0,1.0,Power sector emissions,Aggregate fuel,"Hydro, Bioenergy and Other Renewables",mtCO2,0.17,0.0,0.0
Malaysia,MYS,2025-08-01,Country or economy,Asia,Asia,0.0,0.0,0.0,0.0,1.0,Power sector emissions,Aggregate fuel,Renewables,mtCO2,0.18,0.0,0.0
Malaysia,MYS,2025-08-01,Country or economy,Asia,Asia,0.0,0.0,0.0,0.0,1.0,Power sector emissions,Aggregate fuel,Wind and Solar,mtCO2,0.01,0.0,0.0
Malaysia,MYS,2025-08-01,Country or economy,Asia,Asia,0.0,0.0,0.0,0.0,1.0,Power sector emissions,CO2 intensity,CO2 intensity,gCO2/kWh,633.48,-2.71,-0.43
Malaysia,MYS,2025-08-01,Country or economy,Asia,Asia,0.0,0.0,0.0,0.0,1.0,Power sector emissions,Fuel,Bioenergy,mtCO2,0.1,0.0,0.0
Malaysia,MYS,2025-08-01,Country or economy,Asia,Asia,0.0,0.0,0.0,0.0,1.0,Power sector emissions,Fuel,Coal,mtCO2,6.73,0.4,6.32
Malaysia,MYS,2025-08-01,Country or economy,Asia,Asia,0.0,0.0,0.0,0.0,1.0,Power sector emissions,Fuel,Gas,mtCO2,3.4,-0.16,-4.49
Malaysia,MYS,2025-08-01,Country or economy,Asia,Asia,0.0,0.0,0.0,0.0,1.0,Power sector emissions,Fuel,Hydro,mtCO2,0.07,0.0,0.0
Malaysia,MYS,2025-08-01,Country or economy,Asia,Asia,0.0,0.0,0.0,0.0,1.0,Power sector emissions,Fuel,Other Fossil,mtCO2,0.06,-0.03,-33.33
Malaysia,MYS,2025-08-01,Country or economy,Asia,Asia,0.0,0.0,0.0,0.0,1.0,Power sector emissions,Fuel,Solar,mtCO2,0.01,0.0,0.0
Malaysia,MYS,2025-08-01,Country or economy,Asia,Asia,0.0,0.0,0.0,0.0,1.0,Power sector emissions,Total,Total emissions,mtCO2,10.37,0.21,2.07
Malaysia,MYS,2025-09-01,Country or economy,Asia,Asia,0.0,0.0,0.0,0.0,1.0,Electricity demand,Demand,Demand,TWh,15.27,0.18,1.19
Malaysia,MYS,2025-09-01,Country or economy,Asia,Asia,0.0,0.0,0.0,0.0,1.0,Electricity generation,Aggregate fuel,Clean,%,21.93,,
Malaysia,MYS,2025-09-01,Country or economy,Asia,Asia,0.0,0.0,0.0,0.0,1.0,Electricity generation,Aggregate fuel,Fossil,%,78.08,,
Malaysia,MYS,2025-09-01,Country or economy,Asia,Asia,0.0,0.0,0.0,0.0,1.0,Electricity generation,Aggregate fuel,Gas and Other Fossil,%,34.1,,
Malaysia,MYS,2025-09-01,Country or economy,Asia,Asia,0.0,0.0,0.0,0.0,1.0,Electricity generation,Aggregate fuel,"Hydro, Bioenergy and Other Renewables",%,20.03,,
Malaysia,MYS,2025-09-01,Country or economy,Asia,Asia,0.0,0.0,0.0,0.0,1.0,Electricity generation,Aggregate fuel,Renewables,%,21.93,,
Malaysia,MYS,2025-09-01,Country or economy,Asia,Asia,0.0,0.0,0.0,0.0,1.0,Electricity generation,Aggregate fuel,Wind and Solar,%,1.9,,
Malaysia,MYS,2025-09-01,Country or economy,Asia,Asia,0.0,0.0,0.0,0.0,1.0,Electricity generation,Aggregate fuel,Clean,TWh,3.35,0.24,7.72
Malaysia,MYS,2025-09-01,Country or economy,Asia,Asia,0.0,0.0,0.0,0.0,1.0,Electricity generation,Aggregate fuel,Fossil,TWh,11.93,-0.04,-0.33
Malaysia,MYS,2025-09-01,Country or economy,Asia,Asia,0.0,0.0,0.0,0.0,1.0,Electricity generation,Aggregate fuel,Gas and Other Fossil,TWh,5.21,0.32,6.54
Malaysia,MYS,2025-09-01,Country or economy,Asia,Asia,0.0,0.0,0.0,0.0,1.0,Electricity generation,Aggregate fuel,"Hydro, Bioenergy and Other Renewables",TWh,3.06,0.21,7.37
Malaysia,MYS,2025-09-01,Country or economy,Asia,Asia,0.0,0.0,0.0,0.0,1.0,Electricity generation,Aggregate fuel,Renewables,TWh,3.35,0.24,7.72
Malaysia,MYS,2025-09-01,Country or economy,Asia,Asia,0.0,0.0,0.0,0.0,1.0,Electricity generation,Aggregate fuel,Wind and Solar,TWh,0.29,0.03,11.54
Malaysia,MYS,2025-09-01,Country or economy,Asia,Asia,0.0,0.0,0.0,0.0,1.0,Electricity generation,Fuel,Bioenergy,%,2.62,,
Malaysia,MYS,2025-09-01,Country or economy,Asia,Asia,0.0,0.0,0.0,0.0,1.0,Electricity generation,Fuel,Coal,%,43.98,,
Malaysia,MYS,2025-09-01,Country or economy,Asia,Asia,0.0,0.0,0.0,0.0,1.0,Electricity generation,Fuel,Gas,%,33.38,,
Malaysia,MYS,2025-09-01,Country or economy,Asia,Asia,0.0,0.0,0.0,0.0,1.0,Electricity generation,Fuel,Hydro,%,17.41,,
Malaysia,MYS,2025-09-01,Country or economy,Asia,Asia,0.0,0.0,0.0,0.0,1.0,Electricity generation,Fuel,Other Fossil,%,0.72,,
Malaysia,MYS,2025-09-01,Country or economy,Asia,Asia,0.0,0.0,0.0,0.0,1.0,Electricity generation,Fuel,Solar,%,1.9,,
Malaysia,MYS,2025-09-01,Country or economy,Asia,Asia,0.0,0.0,0.0,0.0,1.0,Electricity generation,Fuel,Bioenergy,TWh,0.4,0.0,0.0
Malaysia,MYS,2025-09-01,Country or economy,Asia,Asia,0.0,0.0,0.0,0.0,1.0,Electricity generation,Fuel,Coal,TWh,6.72,-0.36,-5.08
Malaysia,MYS,2025-09-01,Country or economy,Asia,Asia,0.0,0.0,0.0,0.0,1.0,Electricity generation,Fuel,Gas,TWh,5.1,0.28,5.81
Malaysia,MYS,2025-09-01,Country or economy,Asia,Asia,0.0,0.0,0.0,0.0,1.0,Electricity generation,Fuel,Hydro,TWh,2.66,0.21,8.57
Malaysia,MYS,2025-09-01,Country or economy,Asia,Asia,0.0,0.0,0.0,0.0,1.0,Electricity generation,Fuel,Other Fossil,TWh,0.11,0.04,57.14
Malaysia,MYS,2025-09-01,Country or economy,Asia,Asia,0.0,0.0,0.0,0.0,1.0,Electricity generation,Fuel,Solar,TWh,0.29,0.03,11.54
Malaysia,MYS,2025-09-01,Country or economy,Asia,Asia,0.0,0.0,0.0,0.0,1.0,Electricity generation,Total,Total Generation,TWh,15.28,0.2,1.33
Malaysia,MYS,2025-09-01,Country or economy,Asia,Asia,0.0,0.0,0.0,0.0,1.0,Electricity imports,Electricity imports,Net Imports,TWh,-0.01,-0.02,-200.0
Malaysia,MYS,2025-09-01,Country or economy,Asia,Asia,0.0,0.0,0.0,0.0,1.0,Power sector emissions,Aggregate fuel,Clean,mtCO2,0.16,0.0,0.0
Malaysia,MYS,2025-09-01,Country or economy,Asia,Asia,0.0,0.0,0.0,0.0,1.0,Power sector emissions,Aggregate fuel,Fossil,mtCO2,9.52,-0.11,-1.14
Malaysia,MYS,2025-09-01,Country or economy,Asia,Asia,0.0,0.0,0.0,0.0,1.0,Power sector emissions,Aggregate fuel,Gas and Other Fossil,mtCO2,3.51,0.22,6.69
Malaysia,MYS,2025-09-01,Country or economy,Asia,Asia,0.0,0.0,0.0,0.0,1.0,Power sector emissions,Aggregate fuel,"Hydro, Bioenergy and Other Renewables",mtCO2,0.15,0.0,0.0
Malaysia,MYS,2025-09-01,Country or economy,Asia,Asia,0.0,0.0,0.0,0.0,1.0,Power sector emissions,Aggregate fuel,Renewables,mtCO2,0.16,0.0,0.0
Malaysia,MYS,2025-09-01,Country or economy,Asia,Asia,0.0,0.0,0.0,0.0,1.0,Power sector emissions,Aggregate fuel,Wind and Solar,mtCO2,0.01,0.0,0.0
Malaysia,MYS,2025-09-01,Country or economy,Asia,Asia,0.0,0.0,0.0,0.0,1.0,Power sector emissions,CO2 intensity,CO2 intensity,gCO2/kWh,633.51,-15.69,-2.42
Malaysia,MYS,2025-09-01,Country or economy,Asia,Asia,0.0,0.0,0.0,0.0,1.0,Power sector emissions,Fuel,Bioenergy,mtCO2,0.09,0.0,0.0
Malaysia,MYS,2025-09-01,Country or economy,Asia,Asia,0.0,0.0,0.0,0.0,1.0,Power sector emissions,Fuel,Coal,mtCO2,6.01,-0.33,-5.21
Malaysia,MYS,2025-09-01,Country or economy,Asia,Asia,0.0,0.0,0.0,0.0,1.0,Power sector emissions,Fuel,Gas,mtCO2,3.43,0.19,5.86
Malaysia,MYS,2025-09-01,Country or economy,Asia,Asia,0.0,0.0,0.0,0.0,1.0,Power sector emissions,Fuel,Hydro,mtCO2,0.06,0.0,0.0
Malaysia,MYS,2025-09-01,Country or economy,Asia,Asia,0.0,0.0,0.0,0.0,1.0,Power sector emissions,Fuel,Other Fossil,mtCO2,0.08,0.03,60.0
Malaysia,MYS,2025-09-01,Country or economy,Asia,Asia,0.0,0.0,0.0,0.0,1.0,Power sector emissions,Fuel,Solar,mtCO2,0.01,0.0,0.0
Malaysia,MYS,2025-09-01,Country or economy,Asia,Asia,0.0,0.0,0.0,0.0,1.0,Power sector emissions,Total,Total emissions,mtCO2,9.68,-0.11,-1.12
Malaysia,MYS,2025-10-01,Country or economy,Asia,Asia,0.0,0.0,0.0,0.0,1.0,Electricity demand,Demand,Demand,TWh,16.06,0.27,1.71
Malaysia,MYS,2025-10-01,Country or economy,Asia,Asia,0.0,0.0,0.0,0.0,1.0,Electricity generation,Aggregate fuel,Clean,%,21.86,,
Malaysia,MYS,2025-10-01,Country or economy,Asia,Asia,0.0,0.0,0.0,0.0,1.0,Electricity generation,Aggregate fuel,Fossil,%,78.13,,
Malaysia,MYS,2025-10-01,Country or economy,Asia,Asia,0.0,0.0,0.0,0.0,1.0,Electricity generation,Aggregate fuel,Gas and Other Fossil,%,34.1,,
Malaysia,MYS,2025-10-01,Country or economy,Asia,Asia,0.0,0.0,0.0,0.0,1.0,Electricity generation,Aggregate fuel,"Hydro, Bioenergy and Other Renewables",%,20.05,,
Malaysia,MYS,2025-10-01,Country or economy,Asia,Asia,0.0,0.0,0.0,0.0,1.0,Electricity generation,Aggregate fuel,Renewables,%,21.86,,
Malaysia,MYS,2025-10-01,Country or economy,Asia,Asia,0.0,0.0,0.0,0.0,1.0,Electricity generation,Aggregate fuel,Wind and Solar,%,1.81,,
Malaysia,MYS,2025-10-01,Country or economy,Asia,Asia,0.0,0.0,0.0,0.0,1.0,Electricity generation,Aggregate fuel,Clean,TWh,3.5,0.01,0.29
Malaysia,MYS,2025-10-01,Country or economy,Asia,Asia,0.0,0.0,0.0,0.0,1.0,Electricity generation,Aggregate fuel,Fossil,TWh,12.51,0.21,1.71
Malaysia,MYS,2025-10-01,Country or economy,Asia,Asia,0.0,0.0,0.0,0.0,1.0,Electricity generation,Aggregate fuel,Gas and Other Fossil,TWh,5.46,-0.12,-2.15
Malaysia,MYS,2025-10-01,Country or economy,Asia,Asia,0.0,0.0,0.0,0.0,1.0,Electricity generation,Aggregate fuel,"Hydro, Bioenergy and Other Renewables",TWh,3.21,0.0,0.0
Malaysia,MYS,2025-10-01,Country or economy,Asia,Asia,0.0,0.0,0.0,0.0,1.0,Electricity generation,Aggregate fuel,Renewables,TWh,3.5,0.01,0.29
Malaysia,MYS,2025-10-01,Country or economy,Asia,Asia,0.0,0.0,0.0,0.0,1.0,Electricity generation,Aggregate fuel,Wind and Solar,TWh,0.29,0.01,3.57
Malaysia,MYS,2025-10-01,Country or economy,Asia,Asia,0.0,0.0,0.0,0.0,1.0,Electricity generation,Fuel,Bioenergy,%,2.69,,
Malaysia,MYS,2025-10-01,Country or economy,Asia,Asia,0.0,0.0,0.0,0.0,1.0,Electricity generation,Fuel,Coal,%,44.03,,
Malaysia,MYS,2025-10-01,Country or economy,Asia,Asia,0.0,0.0,0.0,0.0,1.0,Electricity generation,Fuel,Gas,%,32.1,,
Malaysia,MYS,2025-10-01,Country or economy,Asia,Asia,0.0,0.0,0.0,0.0,1.0,Electricity generation,Fuel,Hydro,%,17.36,,
Malaysia,MYS,2025-10-01,Country or economy,Asia,Asia,0.0,0.0,0.0,0.0,1.0,Electricity generation,Fuel,Other Fossil,%,2.0,,
Malaysia,MYS,2025-10-01,Country or economy,Asia,Asia,0.0,0.0,0.0,0.0,1.0,Electricity generation,Fuel,Solar,%,1.81,,
Malaysia,MYS,2025-10-01,Country or economy,Asia,Asia,0.0,0.0,0.0,0.0,1.0,Electricity generation,Fuel,Bioenergy,TWh,0.43,0.0,0.0
Malaysia,MYS,2025-10-01,Country or economy,Asia,Asia,0.0,0.0,0.0,0.0,1.0,Electricity generation,Fuel,Coal,TWh,7.05,0.33,4.91
Malaysia,MYS,2025-10-01,Country or economy,Asia,Asia,0.0,0.0,0.0,0.0,1.0,Electricity generation,Fuel,Gas,TWh,5.14,-0.37,-6.72
Malaysia,MYS,2025-10-01,Country or economy,Asia,Asia,0.0,0.0,0.0,0.0,1.0,Electricity generation,Fuel,Hydro,TWh,2.78,0.0,0.0
Malaysia,MYS,2025-10-01,Country or economy,Asia,Asia,0.0,0.0,0.0,0.0,1.0,Electricity generation,Fuel,Other Fossil,TWh,0.32,0.25,357.14
Malaysia,MYS,2025-10-01,Country or economy,Asia,Asia,0.0,0.0,0.0,0.0,1.0,Electricity generation,Fuel,Solar,TWh,0.29,0.01,3.57
Malaysia,MYS,2025-10-01,Country or economy,Asia,Asia,0.0,0.0,0.0,0.0,1.0,Electricity generation,Total,Total Generation,TWh,16.01,0.22,1.39
Malaysia,MYS,2025-10-01,Country or economy,Asia,Asia,0.0,0.0,0.0,0.0,1.0,Electricity imports,Electricity imports,Net Imports,TWh,0.05,0.05,
Malaysia,MYS,2025-10-01,Country or economy,Asia,Asia,0.0,0.0,0.0,0.0,1.0,Power sector emissions,Aggregate fuel,Clean,mtCO2,0.18,0.0,0.0
Malaysia,MYS,2025-10-01,Country or economy,Asia,Asia,0.0,0.0,0.0,0.0,1.0,Power sector emissions,Aggregate fuel,Fossil,mtCO2,9.98,0.22,2.25
Malaysia,MYS,2025-10-01,Country or economy,Asia,Asia,0.0,0.0,0.0,0.0,1.0,Power sector emissions,Aggregate fuel,Gas and Other Fossil,mtCO2,3.67,-0.08,-2.13
Malaysia,MYS,2025-10-01,Country or economy,Asia,Asia,0.0,0.0,0.0,0.0,1.0,Power sector emissions,Aggregate fuel,"Hydro, Bioenergy and Other Renewables",mtCO2,0.17,0.0,0.0
Malaysia,MYS,2025-10-01,Country or economy,Asia,Asia,0.0,0.0,0.0,0.0,1.0,Power sector emissions,Aggregate fuel,Renewables,mtCO2,0.18,0.0,0.0
Malaysia,MYS,2025-10-01,Country or economy,Asia,Asia,0.0,0.0,0.0,0.0,1.0,Power sector emissions,Aggregate fuel,Wind and Solar,mtCO2,0.01,0.0,0.0
Malaysia,MYS,2025-10-01,Country or economy,Asia,Asia,0.0,0.0,0.0,0.0,1.0,Power sector emissions,CO2 intensity,CO2 intensity,gCO2/kWh,634.6,5.09,0.81
Malaysia,MYS,2025-10-01,Country or economy,Asia,Asia,0.0,0.0,0.0,0.0,1.0,Power sector emissions,Fuel,Bioenergy,mtCO2,0.1,0.0,0.0
Malaysia,MYS,2025-10-01,Country or economy,Asia,Asia,0.0,0.0,0.0,0.0,1.0,Power sector emissions,Fuel,Coal,mtCO2,6.31,0.3,4.99
Malaysia,MYS,2025-10-01,Country or economy,Asia,Asia,0.0,0.0,0.0,0.0,1.0,Power sector emissions,Fuel,Gas,mtCO2,3.45,-0.25,-6.76
Malaysia,MYS,2025-10-01,Country or economy,Asia,Asia,0.0,0.0,0.0,0.0,1.0,Power sector emissions,Fuel,Hydro,mtCO2,0.07,0.0,0.0
Malaysia,MYS,2025-10-01,Country or economy,Asia,Asia,0.0,0.0,0.0,0.0,1.0,Power sector emissions,Fuel,Other Fossil,mtCO2,0.22,0.17,340.0
Malaysia,MYS,2025-10-01,Country or economy,Asia,Asia,0.0,0.0,0.0,0.0,1.0,Power sector emissions,Fuel,Solar,mtCO2,0.01,0.0,0.0
Malaysia,MYS,2025-10-01,Country or economy,Asia,Asia,0.0,0.0,0.0,0.0,1.0,Power sector emissions,Total,Total emissions,mtCO2,10.16,0.22,2.21
Malaysia,MYS,2025-11-01,Country or economy,Asia,Asia,0.0,0.0,0.0,0.0,1.0,Electricity demand,Demand,Demand,TWh,15.68,0.66,4.39
Malaysia,MYS,2025-11-01,Country or economy,Asia,Asia,0.0,0.0,0.0,0.0,1.0,Electricity generation,Aggregate fuel,Clean,%,22.58,,
Malaysia,MYS,2025-11-01,Country or economy,Asia,Asia,0.0,0.0,0.0,0.0,1.0,Electricity generation,Aggregate fuel,Fossil,%,77.41,,
Malaysia,MYS,2025-11-01,Country or economy,Asia,Asia,0.0,0.0,0.0,0.0,1.0,Electricity generation,Aggregate fuel,Gas and Other Fossil,%,33.65,,
Malaysia,MYS,2025-11-01,Country or economy,Asia,Asia,0.0,0.0,0.0,0.0,1.0,Electricity generation,Aggregate fuel,"Hydro, Bioenergy and Other Renewables",%,21.11,,
Malaysia,MYS,2025-11-01,Country or economy,Asia,Asia,0.0,0.0,0.0,0.0,1.0,Electricity generation,Aggregate fuel,Renewables,%,22.58,,
Malaysia,MYS,2025-11-01,Country or economy,Asia,Asia,0.0,0.0,0.0,0.0,1.0,Electricity generation,Aggregate fuel,Wind and Solar,%,1.47,,
Malaysia,MYS,2025-11-01,Country or economy,Asia,Asia,0.0,0.0,0.0,0.0,1.0,Electricity generation,Aggregate fuel,Clean,TWh,3.53,0.13,3.82
Malaysia,MYS,2025-11-01,Country or economy,Asia,Asia,0.0,0.0,0.0,0.0,1.0,Electricity generation,Aggregate fuel,Fossil,TWh,12.1,0.48,4.13
Malaysia,MYS,2025-11-01,Country or economy,Asia,Asia,0.0,0.0,0.0,0.0,1.0,Electricity generation,Aggregate fuel,Gas and Other Fossil,TWh,5.26,0.51,10.74
Malaysia,MYS,2025-11-01,Country or economy,Asia,Asia,0.0,0.0,0.0,0.0,1.0,Electricity generation,Aggregate fuel,"Hydro, Bioenergy and Other Renewables",TWh,3.3,0.12,3.77
Malaysia,MYS,2025-11-01,Country or economy,Asia,Asia,0.0,0.0,0.0,0.0,1.0,Electricity generation,Aggregate fuel,Renewables,TWh,3.53,0.13,3.82
Malaysia,MYS,2025-11-01,Country or economy,Asia,Asia,0.0,0.0,0.0,0.0,1.0,Electricity generation,Aggregate fuel,Wind and Solar,TWh,0.23,0.01,4.55
Malaysia,MYS,2025-11-01,Country or economy,Asia,Asia,0.0,0.0,0.0,0.0,1.0,Electricity generation,Fuel,Bioenergy,%,2.75,,
Malaysia,MYS,2025-11-01,Country or economy,Asia,Asia,0.0,0.0,0.0,0.0,1.0,Electricity generation,Fuel,Coal,%,43.76,,
Malaysia,MYS,2025-11-01,Country or economy,Asia,Asia,0.0,0.0,0.0,0.0,1.0,Electricity generation,Fuel,Gas,%,30.71,,
Malaysia,MYS,2025-11-01,Country or economy,Asia,Asia,0.0,0.0,0.0,0.0,1.0,Electricity generation,Fuel,Hydro,%,18.36,,
Malaysia,MYS,2025-11-01,Country or economy,Asia,Asia,0.0,0.0,0.0,0.0,1.0,Electricity generation,Fuel,Other Fossil,%,2.94,,
Malaysia,MYS,2025-11-01,Country or economy,Asia,Asia,0.0,0.0,0.0,0.0,1.0,Electricity generation,Fuel,Solar,%,1.47,,
Malaysia,MYS,2025-11-01,Country or economy,Asia,Asia,0.0,0.0,0.0,0.0,1.0,Electricity generation,Fuel,Bioenergy,TWh,0.43,0.02,4.88
Malaysia,MYS,2025-11-01,Country or economy,Asia,Asia,0.0,0.0,0.0,0.0,1.0,Electricity generation,Fuel,Coal,TWh,6.84,-0.03,-0.44
Malaysia,MYS,2025-11-01,Country or economy,Asia,Asia,0.0,0.0,0.0,0.0,1.0,Electricity generation,Fuel,Gas,TWh,4.8,0.12,2.56
Malaysia,MYS,2025-11-01,Country or economy,Asia,Asia,0.0,0.0,0.0,0.0,1.0,Electricity generation,Fuel,Hydro,TWh,2.87,0.1,3.61
Malaysia,MYS,2025-11-01,Country or economy,Asia,Asia,0.0,0.0,0.0,0.0,1.0,Electricity generation,Fuel,Other Fossil,TWh,0.46,0.39,557.14
Malaysia,MYS,2025-11-01,Country or economy,Asia,Asia,0.0,0.0,0.0,0.0,1.0,Electricity generation,Fuel,Solar,TWh,0.23,0.01,4.55
Malaysia,MYS,2025-11-01,Country or economy,Asia,Asia,0.0,0.0,0.0,0.0,1.0,Electricity generation,Total,Total Generation,TWh,15.63,0.61,4.06
Malaysia,MYS,2025-11-01,Country or economy,Asia,Asia,0.0,0.0,0.0,0.0,1.0,Electricity imports,Electricity imports,Net Imports,TWh,0.05,0.05,
Malaysia,MYS,2025-11-01,Country or economy,Asia,Asia,0.0,0.0,0.0,0.0,1.0,Power sector emissions,Aggregate fuel,Clean,mtCO2,0.18,0.01,5.88
Malaysia,MYS,2025-11-01,Country or economy,Asia,Asia,0.0,0.0,0.0,0.0,1.0,Power sector emissions,Aggregate fuel,Fossil,mtCO2,9.67,0.32,3.42
Malaysia,MYS,2025-11-01,Country or economy,Asia,Asia,0.0,0.0,0.0,0.0,1.0,Power sector emissions,Aggregate fuel,Gas and Other Fossil,mtCO2,3.55,0.35,10.94
Malaysia,MYS,2025-11-01,Country or economy,Asia,Asia,0.0,0.0,0.0,0.0,1.0,Power sector emissions,Aggregate fuel,"Hydro, Bioenergy and Other Renewables",mtCO2,0.17,0.01,6.25
Malaysia,MYS,2025-11-01,Country or economy,Asia,Asia,0.0,0.0,0.0,0.0,1.0,Power sector emissions,Aggregate fuel,Renewables,mtCO2,0.18,0.01,5.88
Malaysia,MYS,2025-11-01,Country or economy,Asia,Asia,0.0,0.0,0.0,0.0,1.0,Power sector emissions,Aggregate fuel,Wind and Solar,mtCO2,0.01,0.0,0.0
Malaysia,MYS,2025-11-01,Country or economy,Asia,Asia,0.0,0.0,0.0,0.0,1.0,Power sector emissions,CO2 intensity,CO2 intensity,gCO2/kWh,630.2,-3.62,-0.57
Malaysia,MYS,2025-11-01,Country or economy,Asia,Asia,0.0,0.0,0.0,0.0,1.0,Power sector emissions,Fuel,Bioenergy,mtCO2,0.1,0.01,11.11
Malaysia,MYS,2025-11-01,Country or economy,Asia,Asia,0.0,0.0,0.0,0.0,1.0,Power sector emissions,Fuel,Coal,mtCO2,6.12,-0.03,-0.49
Malaysia,MYS,2025-11-01,Country or economy,Asia,Asia,0.0,0.0,0.0,0.0,1.0,Power sector emissions,Fuel,Gas,mtCO2,3.23,0.08,2.54
Malaysia,MYS,2025-11-01,Country or economy,Asia,Asia,0.0,0.0,0.0,0.0,1.0,Power sector emissions,Fuel,Hydro,mtCO2,0.07,0.0,0.0
Malaysia,MYS,2025-11-01,Country or economy,Asia,Asia,0.0,0.0,0.0,0.0,1.0,Power sector emissions,Fuel,Other Fossil,mtCO2,0.32,0.27,540.0
Malaysia,MYS,2025-11-01,Country or economy,Asia,Asia,0.0,0.0,0.0,0.0,1.0,Power sector emissions,Fuel,Solar,mtCO2,0.01,0.0,0.0
Malaysia,MYS,2025-11-01,Country or economy,Asia,Asia,0.0,0.0,0.0,0.0,1.0,Power sector emissions,Total,Total emissions,mtCO2,9.85,0.33,3.47
Malaysia,MYS,2025-12-01,Country or economy,Asia,Asia,0.0,0.0,0.0,0.0,1.0,Electricity demand,Demand,Demand,TWh,15.93,0.74,4.87
Malaysia,MYS,2025-12-01,Country or economy,Asia,Asia,0.0,0.0,0.0,0.0,1.0,Electricity generation,Aggregate fuel,Clean,%,22.07,,
Malaysia,MYS,2025-12-01,Country or economy,Asia,Asia,0.0,0.0,0.0,0.0,1.0,Electricity generation,Aggregate fuel,Fossil,%,77.93,,
Malaysia,MYS,2025-12-01,Country or economy,Asia,Asia,0.0,0.0,0.0,0.0,1.0,Electricity generation,Aggregate fuel,Gas and Other Fossil,%,36.24,,
Malaysia,MYS,2025-12-01,Country or economy,Asia,Asia,0.0,0.0,0.0,0.0,1.0,Electricity generation,Aggregate fuel,"Hydro, Bioenergy and Other Renewables",%,20.44,,
Malaysia,MYS,2025-12-01,Country or economy,Asia,Asia,0.0,0.0,0.0,0.0,1.0,Electricity generation,Aggregate fuel,Renewables,%,22.07,,
Malaysia,MYS,2025-12-01,Country or economy,Asia,Asia,0.0,0.0,0.0,0.0,1.0,Electricity generation,Aggregate fuel,Wind and Solar,%,1.63,,
Malaysia,MYS,2025-12-01,Country or economy,Asia,Asia,0.0,0.0,0.0,0.0,1.0,Electricity generation,Aggregate fuel,Clean,TWh,3.52,-0.13,-3.56
Malaysia,MYS,2025-12-01,Country or economy,Asia,Asia,0.0,0.0,0.0,0.0,1.0,Electricity generation,Aggregate fuel,Fossil,TWh,12.43,0.88,7.62
Malaysia,MYS,2025-12-01,Country or economy,Asia,Asia,0.0,0.0,0.0,0.0,1.0,Electricity generation,Aggregate fuel,Gas and Other Fossil,TWh,5.78,1.18,25.65
Malaysia,MYS,2025-12-01,Country or economy,Asia,Asia,0.0,0.0,0.0,0.0,1.0,Electricity generation,Aggregate fuel,"Hydro, Bioenergy and Other Renewables",TWh,3.26,-0.16,-4.68
Malaysia,MYS,2025-12-01,Country or economy,Asia,Asia,0.0,0.0,0.0,0.0,1.0,Electricity generation,Aggregate fuel,Renewables,TWh,3.52,-0.13,-3.56
Malaysia,MYS,2025-12-01,Country or economy,Asia,Asia,0.0,0.0,0.0,0.0,1.0,Electricity generation,Aggregate fuel,Wind and Solar,TWh,0.26,0.03,13.04
Malaysia,MYS,2025-12-01,Country or economy,Asia,Asia,0.0,0.0,0.0,0.0,1.0,Electricity generation,Fuel,Bioenergy,%,2.7,,
Malaysia,MYS,2025-12-01,Country or economy,Asia,Asia,0.0,0.0,0.0,0.0,1.0,Electricity generation,Fuel,Coal,%,41.69,,
Malaysia,MYS,2025-12-01,Country or economy,Asia,Asia,0.0,0.0,0.0,0.0,1.0,Electricity generation,Fuel,Gas,%,35.05,,
Malaysia,MYS,2025-12-01,Country or economy,Asia,Asia,0.0,0.0,0.0,0.0,1.0,Electricity generation,Fuel,Hydro,%,17.74,,
Malaysia,MYS,2025-12-01,Country or economy,Asia,Asia,0.0,0.0,0.0,0.0,1.0,Electricity generation,Fuel,Other Fossil,%,1.19,,
Malaysia,MYS,2025-12-01,Country or economy,Asia,Asia,0.0,0.0,0.0,0.0,1.0,Electricity generation,Fuel,Solar,%,1.63,,
Malaysia,MYS,2025-12-01,Country or economy,Asia,Asia,0.0,0.0,0.0,0.0,1.0,Electricity generation,Fuel,Bioenergy,TWh,0.43,0.02,4.88
Malaysia,MYS,2025-12-01,Country or economy,Asia,Asia,0.0,0.0,0.0,0.0,1.0,Electricity generation,Fuel,Coal,TWh,6.65,-0.3,-4.32
Malaysia,MYS,2025-12-01,Country or economy,Asia,Asia,0.0,0.0,0.0,0.0,1.0,Electricity generation,Fuel,Gas,TWh,5.59,1.06,23.4
Malaysia,MYS,2025-12-01,Country or economy,Asia,Asia,0.0,0.0,0.0,0.0,1.0,Electricity generation,Fuel,Hydro,TWh,2.83,-0.18,-5.98
Malaysia,MYS,2025-12-01,Country or economy,Asia,Asia,0.0,0.0,0.0,0.0,1.0,Electricity generation,Fuel,Other Fossil,TWh,0.19,0.12,171.43
Malaysia,MYS,2025-12-01,Country or economy,Asia,Asia,0.0,0.0,0.0,0.0,1.0,Electricity generation,Fuel,Solar,TWh,0.26,0.03,13.04
Malaysia,MYS,2025-12-01,Country or economy,Asia,Asia,0.0,0.0,0.0,0.0,1.0,Electricity generation,Total,Total Generation,TWh,15.95,0.75,4.93
Malaysia,MYS,2025-12-01,Country or economy,Asia,Asia,0.0,0.0,0.0,0.0,1.0,Electricity imports,Electricity imports,Net Imports,TWh,-0.02,-0.01,
Malaysia,MYS,2025-12-01,Country or economy,Asia,Asia,0.0,0.0,0.0,0.0,1.0,Power sector emissions,Aggregate fuel,Clean,mtCO2,0.18,0.01,5.88
Malaysia,MYS,2025-12-01,Country or economy,Asia,Asia,0.0,0.0,0.0,0.0,1.0,Power sector emissions,Aggregate fuel,Fossil,mtCO2,9.84,0.53,5.69
Malaysia,MYS,2025-12-01,Country or economy,Asia,Asia,0.0,0.0,0.0,0.0,1.0,Power sector emissions,Aggregate fuel,Gas and Other Fossil,mtCO2,3.89,0.8,25.89
Malaysia,MYS,2025-12-01,Country or economy,Asia,Asia,0.0,0.0,0.0,0.0,1.0,Power sector emissions,Aggregate fuel,"Hydro, Bioenergy and Other Renewables",mtCO2,0.17,0.01,6.25
Malaysia,MYS,2025-12-01,Country or economy,Asia,Asia,0.0,0.0,0.0,0.0,1.0,Power sector emissions,Aggregate fuel,Renewables,mtCO2,0.18,0.01,5.88
Malaysia,MYS,2025-12-01,Country or economy,Asia,Asia,0.0,0.0,0.0,0.0,1.0,Power sector emissions,Aggregate fuel,Wind and Solar,mtCO2,0.01,0.0,0.0
Malaysia,MYS,2025-12-01,Country or economy,Asia,Asia,0.0,0.0,0.0,0.0,1.0,Power sector emissions,CO2 intensity,CO2 intensity,gCO2/kWh,628.21,4.53,0.73
Malaysia,MYS,2025-12-01,Country or economy,Asia,Asia,0.0,0.0,0.0,0.0,1.0,Power sector emissions,Fuel,Bioenergy,mtCO2,0.1,0.01,11.11
Malaysia,MYS,2025-12-01,Country or economy,Asia,Asia,0.0,0.0,0.0,0.0,1.0,Power sector emissions,Fuel,Coal,mtCO2,5.95,-0.27,-4.34
Malaysia,MYS,2025-12-01,Country or economy,Asia,Asia,0.0,0.0,0.0,0.0,1.0,Power sector emissions,Fuel,Gas,mtCO2,3.76,0.72,23.68
Malaysia,MYS,2025-12-01,Country or economy,Asia,Asia,0.0,0.0,0.0,0.0,1.0,Power sector emissions,Fuel,Hydro,mtCO2,0.07,0.0,0.0
Malaysia,MYS,2025-12-01,Country or economy,Asia,Asia,0.0,0.0,0.0,0.0,1.0,Power sector emissions,Fuel,Other Fossil,mtCO2,0.13,0.08,160.0
Malaysia,MYS,2025-12-01,Country or economy,Asia,Asia,0.0,0.0,0.0,0.0,1.0,Power sector emissions,Fuel,Solar,mtCO2,0.01,0.0,0.0
Malaysia,MYS,2025-12-01,Country or economy,Asia,Asia,0.0,0.0,0.0,0.0,1.0,Power sector emissions,Total,Total emissions,mtCO2,10.02,0.54,5.7
